scale,variant,pillar_proxies,native_top_down_violations,parents,all_proxies,sort_sha256
.125,before,12,0,61,52,08381a8c97fb428e77195765f4508e58d1f948dcefb7c9d254ee00d749758d87
.125,before-redraw,12,0,61,52,dd79a84e7711a3adb1237b124ca4599cf095b4f097cbde9ba9c3ff48a1239654
.125,after,12,0,61,52,08381a8c97fb428e77195765f4508e58d1f948dcefb7c9d254ee00d749758d87
.125,after-redraw,12,0,61,52,dd79a84e7711a3adb1237b124ca4599cf095b4f097cbde9ba9c3ff48a1239654
.25,before,12,0,61,52,08381a8c97fb428e77195765f4508e58d1f948dcefb7c9d254ee00d749758d87
.25,before-redraw,12,0,61,52,dd79a84e7711a3adb1237b124ca4599cf095b4f097cbde9ba9c3ff48a1239654
.25,after,12,0,61,52,08381a8c97fb428e77195765f4508e58d1f948dcefb7c9d254ee00d749758d87
.25,after-redraw,12,0,61,52,dd79a84e7711a3adb1237b124ca4599cf095b4f097cbde9ba9c3ff48a1239654
.5,before,15,0,262,80,2e351bedab3d8fbab700ecd9ab776b94b8fa8fa8b1ff3b6c722e9cf02464bdfe
.5,before-redraw,15,0,262,80,8efb36120a9482a5a845d521ae1542979fe1ea13a94625c7e8f420fc2dfd729f
.5,after,15,0,262,80,2e351bedab3d8fbab700ecd9ab776b94b8fa8fa8b1ff3b6c722e9cf02464bdfe
.5,after-redraw,15,0,262,80,8efb36120a9482a5a845d521ae1542979fe1ea13a94625c7e8f420fc2dfd729f
1,before,29,0,981,169,0edc549f5d296405cb1a34638a415780830e69320d49145b64ebbcae3ef94b60
1,before-redraw,29,0,981,169,17c7f16dd0b46699a5f36204a88ed3be318b050728bfadb35597c52d9f728922
1,after,29,0,981,169,0edc549f5d296405cb1a34638a415780830e69320d49145b64ebbcae3ef94b60
1,after-redraw,29,0,981,169,17c7f16dd0b46699a5f36204a88ed3be318b050728bfadb35597c52d9f728922
2,before,190,42,3733,749,307de58626b6a31a959ec88a5e14a632ecace12db5e2c6ae41ba4395b7785a07
2,before-redraw,190,0,3733,749,d8fa9d2863c7fc3bb8a4ac73e8fefaba4585171a8ecbc7031b3f0b07aa1f2208
2,after,190,0,3733,749,9976428f5e35740395e9de3dad102ff73e0beddbd01e12f007c403bb4b08ed02
2,after-redraw,190,0,3733,749,7acefd12ccb91f5d68dd95ff30f7981e720c52bc0583a8491d2e65320eb8ec0d
4,before,480,131,12390,1800,ccec7436b9f26e5a59ccafa22816843df2ec0be91058dc8492eea9c513723803
4,before-redraw,480,131,12390,1800,98a96ce5deb9431d41f30301892cd2a3ed575a6498d0c21bdfaa26d386903e68
4,after,480,0,12390,1800,d8292b373d23ad7ccf7ba39dac4b98253231612536478328290ed4b3b25921b0
4,after-redraw,480,0,12390,1800,c33e5c4ee08c3125ca031e4ba718cf0c531b184c64f24ac8be4c3d0b3c01d501
8,before,788,218,37998,3064,9a6013886b000cbd9299d27c9135eb50bf9c1f26ea68f71c1ca5819a46ce764e
8,before-redraw,788,218,37998,3064,867bbfd4c62202fbc4154400bd3d2e597e8e8a1cdd020aa72db5c06f4e335ae5
8,after,788,0,37998,3064,501a6868a065ee57f200f4823b0bc5898e08cb027347f185a6cdfa582130b4c7
8,after-redraw,788,0,37998,3064,6cdce7f51f37d0c2a01380126d5a020b9dbe2604be342db1f922b3a96017653d
