scale,comparison,fresh_control_and_candidate,different_pixels,different_4x4_blocks,complete_sort_equal_after_bijective_identity_renaming,png_sha256_a,png_sha256_b
.125,default-change,True,0,0,True,78b7d6dc97c71701faafd69557e655069cc0b88d13c7f74368376583dad468af,78b7d6dc97c71701faafd69557e655069cc0b88d13c7f74368376583dad468af
.125,redraw-change,True,0,0,True,78b7d6dc97c71701faafd69557e655069cc0b88d13c7f74368376583dad468af,78b7d6dc97c71701faafd69557e655069cc0b88d13c7f74368376583dad468af
.125,control-redraw,True,0,0,True,78b7d6dc97c71701faafd69557e655069cc0b88d13c7f74368376583dad468af,78b7d6dc97c71701faafd69557e655069cc0b88d13c7f74368376583dad468af
.125,candidate-redraw,True,0,0,True,78b7d6dc97c71701faafd69557e655069cc0b88d13c7f74368376583dad468af,78b7d6dc97c71701faafd69557e655069cc0b88d13c7f74368376583dad468af
.25,default-change,True,0,0,True,78b7d6dc97c71701faafd69557e655069cc0b88d13c7f74368376583dad468af,78b7d6dc97c71701faafd69557e655069cc0b88d13c7f74368376583dad468af
.25,redraw-change,True,0,0,True,78b7d6dc97c71701faafd69557e655069cc0b88d13c7f74368376583dad468af,78b7d6dc97c71701faafd69557e655069cc0b88d13c7f74368376583dad468af
.25,control-redraw,True,0,0,True,78b7d6dc97c71701faafd69557e655069cc0b88d13c7f74368376583dad468af,78b7d6dc97c71701faafd69557e655069cc0b88d13c7f74368376583dad468af
.25,candidate-redraw,True,0,0,True,78b7d6dc97c71701faafd69557e655069cc0b88d13c7f74368376583dad468af,78b7d6dc97c71701faafd69557e655069cc0b88d13c7f74368376583dad468af
.5,default-change,True,0,0,True,e46fd22eff1bcc2a7f9f48a219fb05e678688c36e61135f8e30d324a5c72244f,e46fd22eff1bcc2a7f9f48a219fb05e678688c36e61135f8e30d324a5c72244f
.5,redraw-change,True,0,0,True,e46fd22eff1bcc2a7f9f48a219fb05e678688c36e61135f8e30d324a5c72244f,e46fd22eff1bcc2a7f9f48a219fb05e678688c36e61135f8e30d324a5c72244f
.5,control-redraw,True,0,0,True,e46fd22eff1bcc2a7f9f48a219fb05e678688c36e61135f8e30d324a5c72244f,e46fd22eff1bcc2a7f9f48a219fb05e678688c36e61135f8e30d324a5c72244f
.5,candidate-redraw,True,0,0,True,e46fd22eff1bcc2a7f9f48a219fb05e678688c36e61135f8e30d324a5c72244f,e46fd22eff1bcc2a7f9f48a219fb05e678688c36e61135f8e30d324a5c72244f
1,default-change,True,0,0,True,c9729d108c9cdee1a5abf40a4052b0b834d95199b77a3e6de720eaefa48e654d,c9729d108c9cdee1a5abf40a4052b0b834d95199b77a3e6de720eaefa48e654d
1,redraw-change,True,0,0,True,c9729d108c9cdee1a5abf40a4052b0b834d95199b77a3e6de720eaefa48e654d,c9729d108c9cdee1a5abf40a4052b0b834d95199b77a3e6de720eaefa48e654d
1,control-redraw,True,0,0,True,c9729d108c9cdee1a5abf40a4052b0b834d95199b77a3e6de720eaefa48e654d,c9729d108c9cdee1a5abf40a4052b0b834d95199b77a3e6de720eaefa48e654d
1,candidate-redraw,True,0,0,True,c9729d108c9cdee1a5abf40a4052b0b834d95199b77a3e6de720eaefa48e654d,c9729d108c9cdee1a5abf40a4052b0b834d95199b77a3e6de720eaefa48e654d
2,default-change,True,0,0,True,732beff6991b0b03d0e5b04ca305ff2101fa32b27eee910ed7a7c1bac4bc98ed,732beff6991b0b03d0e5b04ca305ff2101fa32b27eee910ed7a7c1bac4bc98ed
2,redraw-change,True,565,175,True,732beff6991b0b03d0e5b04ca305ff2101fa32b27eee910ed7a7c1bac4bc98ed,c0877bb26c075723dfc3d8c051057a176bf1b20aec1cbc80c71fd2b4e74d1366
2,control-redraw,True,0,0,True,732beff6991b0b03d0e5b04ca305ff2101fa32b27eee910ed7a7c1bac4bc98ed,732beff6991b0b03d0e5b04ca305ff2101fa32b27eee910ed7a7c1bac4bc98ed
2,candidate-redraw,True,565,175,True,732beff6991b0b03d0e5b04ca305ff2101fa32b27eee910ed7a7c1bac4bc98ed,c0877bb26c075723dfc3d8c051057a176bf1b20aec1cbc80c71fd2b4e74d1366
4,default-change,True,0,0,True,89e9e6aaaeafe249d97afcd79d97bbd549ede56cd5537c2067708d0599a38d0c,89e9e6aaaeafe249d97afcd79d97bbd549ede56cd5537c2067708d0599a38d0c
4,redraw-change,True,0,0,True,89e9e6aaaeafe249d97afcd79d97bbd549ede56cd5537c2067708d0599a38d0c,89e9e6aaaeafe249d97afcd79d97bbd549ede56cd5537c2067708d0599a38d0c
4,control-redraw,True,0,0,False,89e9e6aaaeafe249d97afcd79d97bbd549ede56cd5537c2067708d0599a38d0c,89e9e6aaaeafe249d97afcd79d97bbd549ede56cd5537c2067708d0599a38d0c
4,candidate-redraw,True,0,0,False,89e9e6aaaeafe249d97afcd79d97bbd549ede56cd5537c2067708d0599a38d0c,89e9e6aaaeafe249d97afcd79d97bbd549ede56cd5537c2067708d0599a38d0c
8,default-change,True,0,0,True,8eaf320dfe496dadd96f42c4a7a1c244f7dd4a8025f54bfb189f7a5ea2b29ddf,8eaf320dfe496dadd96f42c4a7a1c244f7dd4a8025f54bfb189f7a5ea2b29ddf
8,redraw-change,True,27,7,True,456ba7cbdf1aca203b50fb00865bbd81410a1e5d41e7fd0daee2bbdcf2c2286a,8eaf320dfe496dadd96f42c4a7a1c244f7dd4a8025f54bfb189f7a5ea2b29ddf
8,control-redraw,True,27,7,False,8eaf320dfe496dadd96f42c4a7a1c244f7dd4a8025f54bfb189f7a5ea2b29ddf,456ba7cbdf1aca203b50fb00865bbd81410a1e5d41e7fd0daee2bbdcf2c2286a
8,candidate-redraw,True,0,0,False,8eaf320dfe496dadd96f42c4a7a1c244f7dd4a8025f54bfb189f7a5ea2b29ddf,8eaf320dfe496dadd96f42c4a7a1c244f7dd4a8025f54bfb189f7a5ea2b29ddf
