stage,sample,frame,frame_ms,update_ms,simulation_ms,remap_ms,sort_ms,children_ms,glass_ms,vehicles_ms,water_ms,minimap_ms,effects_ms,tick,sprites,meshes
before,1,1,159.5687,66.0715,20.0566,17.0781,4.2861,0.9995,2.6939,2.4053,0.0002,0.1424,2.2139,3703103,45796,45796
before,1,2,69.4174,55.3322,18.8057,10.6564,4.2588,0.9885,2.6443,2.3087,0.0001,0.1366,1.9269,3703104,45826,45826
before,1,3,58.7792,66.3878,18.7936,17.4407,4.1224,0.9798,2.8185,2.3450,0.0001,0.1495,2.1400,3703105,45935,45935
before,1,4,70.3600,46.5905,21.1595,3.9461,4.0713,0.9906,2.6829,2.3739,0.0014,0.1376,2.0151,3703106,45935,45935
before,1,5,49.0756,45.6353,20.0261,2.6878,4.0501,0.9853,2.5342,2.7345,0.0014,0.1391,1.9607,3703107,45935,45935
before,1,6,48.2546,75.8433,21.5500,26.1117,4.0552,0.9779,2.7857,2.3148,0.0004,0.1577,2.3597,3703108,45934,45934
before,1,7,79.5983,49.9062,19.3794,7.8789,4.2896,1.2027,2.7047,2.3529,0.0003,0.1344,1.9633,3703109,45933,45933
before,1,8,52.2209,43.7211,20.0989,2.2175,4.1127,0.9961,2.6120,2.3088,0.0012,0.1331,2.0038,3703110,45933,45933
before,1,9,45.9818,66.7320,20.7119,17.3931,4.4673,1.0312,2.6772,2.4043,0.0003,0.1434,1.9492,3703111,46026,46026
before,1,10,70.6028,45.0681,21.3675,2.2126,4.0242,1.0392,2.8131,2.3134,0.0013,0.1385,1.9313,3703112,46026,46026
before,1,11,47.2107,49.1977,18.6519,6.8159,4.4970,1.0540,2.6407,2.4388,0.0002,0.1336,1.9719,3703113,46026,46026
before,1,12,52.0852,55.2749,19.0097,11.1629,4.0937,1.0831,2.6450,2.3463,0.0014,0.1393,2.1207,3703114,46026,46026
before,1,13,58.2345,46.5962,21.4765,2.8815,4.3390,0.9872,2.9504,2.3547,0.0001,0.1272,1.9718,3703115,46027,46027
before,1,14,48.9040,59.3441,20.0186,13.9342,4.5450,1.0171,2.7008,2.3238,0.0003,0.1411,2.1343,3703116,46026,46026
before,1,15,62.3006,88.1212,22.4457,32.0215,4.1808,0.9880,2.8551,2.3026,0.0003,0.1577,2.2817,3703117,46126,46126
before,1,16,92.9323,49.6327,19.3349,5.7146,4.8121,0.9855,2.9355,2.3353,0.0012,0.1511,1.9231,3703118,46125,46125
before,1,17,52.1854,49.8262,19.5479,3.7077,4.1330,1.0022,2.6700,2.4069,0.0002,0.1362,2.0001,3703119,46122,46122
before,1,18,52.9738,69.3988,20.3924,18.0112,4.7310,1.0007,2.9629,2.3342,0.0002,0.1578,1.9854,3703120,46181,46181
before,1,19,73.5919,68.9709,22.2526,15.2691,4.2589,1.1834,3.0054,2.3135,0.0004,0.1462,1.9604,3703121,46177,46177
before,1,20,73.2781,43.2004,18.9694,2.4329,4.1243,0.9954,2.9590,2.3587,0.0001,0.1380,1.9733,3703122,46177,46177
before,1,21,45.5114,64.2266,23.2668,13.2086,4.0800,1.0494,2.8260,2.3568,0.0011,0.1432,2.0651,3703123,46177,46177
before,1,22,67.8521,45.0662,21.8527,1.8388,4.1696,1.0225,2.9320,2.3397,0.0003,0.1288,2.4088,3703124,46177,46177
before,1,23,46.7928,52.5882,21.8195,7.3019,4.6113,1.0681,2.8055,2.4062,0.0003,0.1393,2.1460,3703125,46178,46178
before,1,24,55.0204,57.9601,19.7514,11.6850,4.1025,0.9685,2.9127,2.3060,0.0002,0.1428,1.8974,3703126,46178,46178
before,1,25,61.2184,50.7155,23.2543,4.2453,4.1190,1.2000,2.8955,2.3539,0.0020,0.1390,2.3086,3703127,46179,46179
before,1,26,52.8112,49.7854,21.3282,4.0177,4.1054,0.9943,2.8653,2.3527,0.0011,0.1319,1.9991,3703128,46175,46175
before,1,27,52.6067,61.4863,24.0519,11.4635,4.3849,0.9995,2.9465,2.3282,0.0002,0.1420,1.9769,3703129,46175,46175
before,1,28,64.8158,74.9226,19.8963,21.6231,4.1399,0.9664,3.1074,2.3076,0.0001,0.2377,2.0564,3703130,46229,46229
before,1,29,80.0807,43.1873,20.0699,2.7258,4.1116,1.0081,3.0573,2.2890,0.0018,0.2230,1.8364,3703131,46229,46229
before,1,30,44.9321,74.5599,20.7266,22.7737,4.6693,1.1668,3.0695,2.2930,0.0003,0.1675,2.2143,3703132,46250,46250
before,1,31,78.8477,67.0581,19.3959,20.6861,4.5499,1.0035,3.2369,2.7725,0.0016,0.1462,1.9184,3703133,46243,46243
before,1,32,70.0849,42.7603,20.4736,1.5118,4.1388,1.1273,3.1736,2.2797,0.0003,0.1326,1.9056,3703134,46255,46255
before,1,33,44.6045,65.2551,21.3552,16.2631,4.0956,0.9984,3.0982,2.2872,0.0015,0.1538,2.0402,3703135,46257,46257
before,1,34,68.9168,63.4163,18.0036,19.9806,4.0901,1.2471,3.4234,2.2888,0.0001,0.1440,2.1690,3703136,46256,46256
before,1,35,66.1996,50.7065,19.4993,7.4501,4.0716,1.0726,3.0621,2.3455,0.0002,0.1379,1.8465,3703137,46255,46255
before,1,36,53.6545,62.8194,18.4301,16.1004,4.4163,0.9693,3.1569,2.2962,0.0013,0.1446,1.8840,3703138,46254,46254
before,1,37,66.5869,43.4249,18.3276,2.2560,4.1137,1.3628,3.2271,2.2723,0.0001,0.1414,1.8680,3703139,46254,46254
before,1,38,45.8003,50.6203,20.8759,4.8499,4.4385,1.0124,3.0947,2.2966,0.0019,0.1370,2.1088,3703140,46451,46451
before,1,39,53.3413,71.1291,17.8805,23.1163,4.1569,1.0654,3.2698,2.5832,0.0002,0.1485,1.8493,3703141,46459,46459
before,1,40,75.0130,38.8251,17.4044,1.1566,4.1881,1.0221,3.1918,2.2377,0.0002,0.1331,1.8809,3703142,46459,46459
after,1,1,158.6110,65.4349,20.9875,16.0097,4.1916,1.2197,2.7378,2.6274,0.0004,0.1646,1.9943,3703103,45796,45796
after,1,2,69.0894,54.8369,18.6692,9.6494,3.9950,0.9762,2.8212,2.2964,0.0003,0.1709,1.9461,3703104,45826,45826
after,1,3,58.1259,65.5060,18.5029,16.1556,4.6721,1.0023,3.0424,2.2923,0.0001,0.2731,1.9804,3703105,45935,45935
after,1,4,69.3194,47.1610,21.0270,3.5689,4.6289,1.0179,2.7977,2.5971,0.0022,0.1611,2.0366,3703106,45935,45935
after,1,5,49.2294,45.2880,19.4752,2.0784,4.1545,1.0141,2.6106,2.3337,0.0014,0.1444,2.0355,3703107,45935,45935
after,1,6,47.6013,74.7525,20.7444,25.4916,4.3817,1.0213,2.8128,2.3127,0.0003,0.2050,2.0766,3703108,45934,45934
after,1,7,78.2753,48.8196,18.3723,8.2352,4.6636,1.0608,2.6688,2.3725,0.0001,0.1483,1.9562,3703109,45933,45933
after,1,8,50.9619,43.9346,20.1684,2.2035,4.4191,1.0494,2.6580,2.2870,0.0025,0.1600,1.8998,3703110,45933,45933
after,1,9,46.4052,66.1213,21.3529,15.2160,4.5806,1.2881,3.0948,2.3313,0.0004,0.1712,2.0796,3703111,46026,46026
after,1,10,69.7035,45.5022,21.8166,1.9340,4.1783,1.0239,2.7359,2.3414,0.0025,0.1462,2.0590,3703112,46026,46026
after,1,11,47.6107,48.6178,19.2096,5.8281,4.1933,1.0809,2.6709,2.3024,0.0001,0.1588,2.0441,3703113,46026,46026
after,1,12,51.2078,56.2768,19.4991,10.5980,4.1782,1.0337,2.7094,2.3636,0.0021,0.2471,1.9805,3703114,46026,46026
after,1,13,59.3331,45.7022,21.3014,2.6083,4.2149,1.0250,2.8253,2.3339,0.0002,0.1520,2.2010,3703115,46027,46027
after,1,14,47.8964,59.5999,21.3486,12.8983,4.2795,1.0798,2.7746,2.3233,0.0004,0.1947,1.9737,3703116,46026,46026
after,1,15,62.5046,84.9878,21.8849,30.0042,4.1597,0.9441,2.9117,2.3330,0.0002,0.1872,1.9527,3703117,46126,46126
after,1,16,90.1830,48.7105,19.1651,5.5399,4.1000,1.0813,3.1919,2.3338,0.0016,0.1721,2.3444,3703118,46125,46125
after,1,17,51.2358,50.4336,20.4098,2.8539,4.5952,0.9875,3.0428,2.3173,0.0001,0.1613,2.0139,3703119,46122,46122
after,1,18,53.6126,67.6883,20.6254,16.7176,4.4279,1.1516,2.9468,2.3292,0.0004,0.2088,1.9491,3703120,46181,46181
after,1,19,71.7271,68.6560,21.8073,13.6980,5.1096,1.0094,3.2980,2.3552,0.0004,0.2070,2.3438,3703121,46177,46177
after,1,20,73.0696,43.6241,19.0532,1.9330,4.6982,1.0046,2.9747,2.3771,0.0002,0.1440,1.8765,3703122,46177,46177
after,1,21,45.9055,65.7042,23.7691,12.1246,4.1578,1.0004,2.8877,2.5372,0.0017,0.1774,1.9638,3703123,46177,46177
after,1,22,69.1523,44.6280,21.7931,1.8255,4.5982,1.2654,2.8925,2.5197,0.0003,0.1567,1.9154,3703124,46177,46177
after,1,23,46.4671,51.6888,21.5717,6.8091,4.1676,1.0146,2.7403,2.3506,0.0003,0.1618,1.9981,3703125,46178,46178
after,1,24,54.0906,56.7633,19.6465,10.4180,4.2544,0.9962,3.2880,2.3064,0.0004,0.1580,2.4139,3703126,46178,46178
after,1,25,60.1146,48.7762,22.7110,3.5336,4.2211,1.0028,2.9240,2.3149,0.0015,0.1500,1.9403,3703127,46179,46179
after,1,26,50.8547,50.6694,21.4467,3.1975,4.2948,0.9878,3.0896,2.5635,0.0021,0.1463,2.1746,3703128,46175,46175
after,1,27,53.4938,61.4234,24.1891,10.3085,4.2110,1.2380,3.1108,2.3787,0.0001,0.1549,2.5702,3703129,46175,46175
after,1,28,64.9084,73.4925,19.9941,19.4341,4.7136,0.9715,3.0737,2.2765,0.0004,0.1949,1.9738,3703130,46229,46229
after,1,29,78.2826,43.5234,19.7965,2.8162,4.2301,1.2908,3.0658,2.3034,0.0014,0.1605,2.0125,3703131,46229,46229
after,1,30,45.1934,71.2864,20.3621,20.7034,4.1800,0.9928,3.1760,2.2869,0.0003,0.1845,1.9047,3703132,46250,46250
after,1,31,75.5131,64.7790,19.4574,19.3754,4.1786,1.1593,3.1364,2.2831,0.0024,0.1780,1.8311,3703133,46243,46243
after,1,32,68.1198,43.4282,20.3547,1.9309,4.4960,1.0918,3.1352,2.2618,0.0004,0.1584,1.9756,3703134,46255,46255
after,1,33,45.2975,66.1944,22.1431,15.5335,4.3517,1.2218,3.1198,2.2810,0.0021,0.1924,2.2693,3703135,46257,46257
after,1,34,69.6112,64.2681,19.2928,18.6880,4.8168,1.0441,3.2170,2.3026,0.0001,0.1916,2.4035,3703136,46256,46256
after,1,35,67.1893,51.2197,19.3002,7.0115,4.2740,1.0783,3.0359,2.2997,0.0001,0.1562,2.0143,3703137,46255,46255
after,1,36,54.3525,62.7927,19.0483,14.6708,4.1758,1.0287,3.0391,2.2717,0.0044,0.1968,1.8310,3703138,46254,46254
after,1,37,66.4650,43.9253,18.7492,1.9760,4.2354,1.2519,3.2497,2.2573,0.0003,0.1658,1.8678,3703139,46254,46254
after,1,38,46.3607,50.7554,21.7565,4.2814,4.2504,1.0039,3.1292,2.2768,0.0022,0.1620,2.1366,3703140,46451,46451
after,1,39,53.6547,69.3278,17.6837,21.7519,4.3175,0.9726,3.1401,2.2212,0.0008,0.1951,1.8615,3703141,46459,46459
after,1,40,73.2837,40.1754,18.2942,1.1467,4.2628,1.1036,3.1808,2.3066,0.0004,0.1592,1.8221,3703142,46459,46459
after,2,1,150.0436,56.2254,19.1506,10.1722,4.1158,1.0449,2.6220,2.6743,0.0001,0.1860,2.0031,3703104,45575,45575
after,2,2,59.5868,66.2230,19.2747,16.7066,4.3883,1.0003,3.0961,2.3331,0.0001,0.1723,2.0092,3703105,45802,45802
after,2,3,70.4894,46.2963,21.1179,3.5791,4.1051,1.0690,2.7454,2.3252,0.0003,0.1577,2.0437,3703106,45802,45802
after,2,4,48.4312,46.3529,19.8347,2.1481,4.3506,1.1407,2.7716,2.3086,0.0016,0.1754,2.5217,3703107,45802,45802
after,2,5,49.1052,73.6869,20.1122,25.7496,4.0665,0.9609,2.7354,2.3554,0.0016,0.1641,1.9526,3703108,45876,45876
after,2,6,77.2970,48.6943,18.5166,7.6237,4.4440,0.9982,2.8621,2.7148,0.0002,0.1648,1.9739,3703109,45875,45875
after,2,7,50.8202,44.3718,20.0097,2.1023,4.1878,1.2103,2.6612,2.4994,0.0002,0.1446,2.3689,3703110,45875,45875
after,2,8,46.6908,67.0136,21.5211,17.0749,4.0913,0.9618,2.6997,2.3217,0.0014,0.1810,1.9930,3703111,45968,45968
after,2,9,70.5975,46.6335,21.9775,1.9879,4.1057,1.1881,2.7074,2.3087,0.0001,0.1555,2.1906,3703112,45968,45968
after,2,10,48.6915,48.9174,18.7461,6.6533,4.0900,1.1597,2.7427,2.3055,0.0014,0.1660,1.9929,3703113,45968,45968
after,2,11,51.4256,54.9988,19.2147,10.4537,4.7027,1.0016,2.5912,2.3046,0.0002,0.1663,1.9928,3703114,45968,45968
after,2,12,57.8800,46.5306,22.3766,2.6709,4.1118,1.1177,2.7641,2.3171,0.0020,0.1528,1.9510,3703115,45969,45969
after,2,13,48.6951,59.4512,21.0022,13.2054,4.6548,0.9999,2.7776,2.3040,0.0001,0.1706,1.9197,3703116,45996,45996
after,2,14,62.2400,87.5993,22.7906,30.4828,4.9342,1.0639,2.9357,2.6274,0.0001,0.1785,1.9902,3703117,46096,46096
after,2,15,92.7582,48.2120,18.8943,5.2310,4.6803,1.0540,2.9346,2.3386,0.0001,0.1602,2.0694,3703118,46095,46095
after,2,16,50.8173,49.3515,20.4543,2.9029,4.1883,1.1017,2.7169,2.3076,0.0017,0.1685,1.9365,3703119,46122,46122
after,2,17,52.3907,68.8008,20.3945,17.5644,4.6475,1.0301,3.0081,2.3814,0.0002,0.1980,2.2862,3703120,46181,46181
after,2,18,72.8739,68.6450,22.9145,13.9288,4.3578,0.9702,2.9599,2.3588,0.0001,0.1766,2.1303,3703121,46177,46177
after,2,19,72.8687,44.4978,20.2948,2.1886,4.2536,0.9838,2.9950,2.2955,0.0001,0.1537,2.1352,3703122,46177,46177
after,2,20,46.7161,64.8781,23.3063,12.8001,4.9159,1.0119,3.1651,2.3592,0.0001,0.1796,2.1747,3703123,46177,46177
after,2,21,68.3897,45.2082,22.5100,1.8734,4.2558,1.2345,3.0743,2.5216,0.0017,0.1417,2.1559,3703124,46177,46177
after,2,22,46.9149,51.8332,21.3613,7.0640,4.2262,1.0025,2.7827,2.2941,0.0002,0.2433,2.3028,3703125,46178,46178
after,2,23,54.4168,56.9609,20.5695,10.3694,4.2170,1.0122,3.0519,2.3433,0.0002,0.1607,1.9252,3703126,46178,46178
after,2,24,60.0443,49.2583,23.2731,3.9338,4.2073,1.0624,2.9310,2.3268,0.0002,0.1541,2.0541,3703127,46179,46179
after,2,25,51.6626,50.3740,21.7755,3.2794,4.2530,0.9762,2.8084,2.3875,0.0023,0.1698,1.9543,3703128,46175,46175
after,2,26,53.2604,61.7259,24.1219,10.7342,4.2842,1.0231,2.9986,2.3213,0.0016,0.1828,1.9672,3703129,46175,46175
after,2,27,65.5143,73.3434,19.9300,19.4628,4.1759,0.9691,3.0389,2.3019,0.0003,0.1836,1.9421,3703130,46229,46229
after,2,28,78.0761,43.8869,20.6925,2.7853,4.2170,1.0173,3.4524,2.2991,0.0001,0.1544,1.9356,3703131,46229,46229
after,2,29,45.5887,71.9106,20.9948,21.1170,4.2003,1.0517,3.0770,2.4104,0.0016,0.1880,1.9478,3703132,46250,46250
after,2,30,75.9768,65.0844,19.8316,19.3702,4.1967,1.0147,3.1519,2.3324,0.0001,0.1752,1.8992,3703133,46243,46243
after,2,31,68.1168,42.7261,20.1377,1.5023,4.1782,1.0600,3.0887,2.3113,0.0016,0.2384,2.1314,3703134,46255,46255
after,2,32,44.5493,64.9902,22.4833,14.6742,4.4743,1.0490,3.1196,2.3387,0.0001,0.1809,1.9789,3703135,46257,46257
after,2,33,68.7995,63.2193,18.9871,19.0331,4.4588,1.0538,3.1864,2.2770,0.0024,0.1897,1.9518,3703136,46256,46256
after,2,34,66.0343,50.8251,19.7363,6.8222,4.2269,1.0321,3.1130,2.3472,0.0001,0.1719,1.9062,3703137,46255,46255
after,2,35,53.5526,61.8988,18.8371,14.7660,4.1928,1.1009,3.1421,2.3186,0.0001,0.1825,2.0432,3703138,46254,46254
after,2,36,65.4436,43.5913,18.9878,2.0225,4.1787,1.1392,3.2112,2.3406,0.0017,0.1640,1.8123,3703139,46254,46254
after,2,37,45.9323,50.9177,21.3281,4.2792,5.0661,1.2463,3.2426,2.3004,0.0001,0.1565,1.8401,3703140,46451,46451
after,2,38,54.1031,70.5089,17.7041,22.5160,4.2694,1.0651,3.3187,2.2910,0.0018,0.2039,2.0418,3703141,46459,46459
after,2,39,74.3587,39.0280,17.3277,1.1499,4.3734,1.0324,3.2499,2.2431,0.0001,0.1604,2.0395,3703142,46459,46459
after,2,40,41.1089,42.1640,18.9229,2.8181,4.2033,1.0430,3.3386,2.2525,0.0001,0.1581,1.8683,3703143,46459,46459
before,2,1,151.7901,57.0103,19.6191,11.0810,3.9417,1.1351,2.8267,2.3861,0.0001,0.1480,2.0559,3703104,45575,45575
before,2,2,60.2243,67.3242,19.0720,17.8876,4.5180,0.9506,2.7227,2.5998,0.0001,0.1483,1.9833,3703105,45802,45802
before,2,3,71.1948,47.6361,21.7420,3.8187,4.2907,1.0072,2.9606,2.3178,0.0002,0.1425,1.9884,3703106,45802,45802
before,2,4,49.8658,45.7247,19.6886,2.6218,4.2897,1.0131,2.6106,2.3168,0.0015,0.2568,2.0900,3703107,45802,45802
before,2,5,48.4979,74.7837,20.0392,26.5083,4.0566,0.9753,2.7540,2.3334,0.0016,0.1487,2.0197,3703108,45876,45876
before,2,6,78.3671,48.5912,18.2129,8.1796,3.9564,1.2597,2.6891,2.3333,0.0002,0.1409,2.3433,3703109,45875,45875
before,2,7,50.8921,45.4409,20.7849,2.2060,4.5540,1.1694,2.6720,2.7685,0.0002,0.1447,2.0119,3703110,45875,45875
before,2,8,47.7698,66.9358,21.2639,16.6981,4.1125,1.0115,2.6307,2.3351,0.0013,0.1487,2.0267,3703111,45968,45968
before,2,9,70.5628,45.2201,21.4401,2.2640,3.9618,1.0029,2.8238,2.3375,0.0001,0.1400,1.9665,3703112,45968,45968
before,2,10,47.7459,50.2185,19.2526,6.9080,4.3555,1.0102,2.6265,2.3281,0.0021,0.1953,2.1838,3703113,45968,45968
before,2,11,52.7448,55.1335,18.7703,11.3100,4.4130,1.0079,2.6918,2.3803,0.0002,0.1450,1.9981,3703114,45968,45968
before,2,12,58.2745,46.0342,21.3890,2.9214,4.0495,1.0547,2.9475,2.3755,0.0019,0.1457,1.9589,3703115,45969,45969
before,2,13,48.1995,59.6621,19.9598,14.6602,4.4288,1.0769,2.8243,2.3377,0.0005,0.1491,2.0027,3703116,45996,45996
before,2,14,62.4981,87.4122,21.5918,32.2788,4.3915,1.0167,3.3744,2.3583,0.0001,0.1622,1.9837,3703117,46096,46096
before,2,15,92.6602,48.1634,18.9028,5.7572,4.0100,1.0202,3.1352,2.3278,0.0002,0.1447,2.0109,3703118,46095,46095
before,2,16,50.7469,50.2512,20.8441,3.6841,4.0835,0.9604,2.7255,2.3299,0.0015,0.2318,2.0292,3703119,46122,46122
before,2,17,53.3211,69.9185,20.7185,18.7526,4.1625,0.9902,3.0239,2.3497,0.0003,0.1510,2.1354,3703120,46181,46181
before,2,18,74.1625,69.1832,21.6671,15.5895,4.0885,1.2966,3.0696,2.5109,0.0004,0.1531,1.8987,3703121,46177,46177
before,2,19,73.9069,43.7864,18.6902,2.9930,4.0905,1.0323,3.1733,2.5106,0.0002,0.1320,1.9873,3703122,46177,46177
before,2,20,46.3255,64.9365,23.7219,13.3238,4.1217,0.9821,2.9435,2.3355,0.0002,0.1498,2.0800,3703123,46177,46177
before,2,21,68.4399,45.0016,22.3643,1.8201,4.4612,1.0510,2.9901,2.3280,0.0015,0.1388,1.9927,3703124,46177,46177
before,2,22,46.7885,52.3702,21.2672,7.2853,4.1833,1.0189,2.8298,2.3677,0.0001,0.1385,2.3220,3703125,46178,46178
before,2,23,54.8443,58.9127,19.5261,12.1734,4.1446,1.0139,3.1094,2.3056,0.0003,0.1477,2.3173,3703126,46178,46178
before,2,24,61.9839,48.9953,23.6824,3.8194,4.1034,1.0643,2.9565,2.3517,0.0003,0.1414,1.9376,3703127,46179,46179
before,2,25,51.1755,51.3387,22.0185,4.0944,4.5664,1.0637,3.0301,2.3398,0.0012,0.1428,1.9517,3703128,46175,46175
before,2,26,54.4283,62.0090,24.2820,11.2385,4.1737,1.0396,2.9973,2.3547,0.0020,0.1410,2.2524,3703129,46175,46175
before,2,27,65.1991,75.5198,19.4377,21.8970,4.2410,1.2418,3.0851,2.2840,0.0002,0.1515,1.9128,3703130,46229,46229
before,2,28,80.3658,44.8245,20.8531,3.2044,4.1982,1.2293,3.2094,2.4044,0.0004,0.1373,1.9671,3703131,46229,46229
before,2,29,46.5206,73.2048,21.4352,22.0667,4.0901,0.9932,3.0117,2.2787,0.0014,0.1454,1.9243,3703132,46250,46250
before,2,30,77.2250,64.8755,18.8743,19.9725,4.4407,0.9980,3.0517,2.2624,0.0004,0.1410,1.9164,3703133,46243,46243
before,2,31,67.9389,43.2157,20.7414,1.4797,4.1426,1.0379,3.0619,2.6033,0.0015,0.2178,1.9152,3703134,46255,46255
before,2,32,45.3767,66.6771,22.2336,15.9546,4.3434,0.9752,3.0621,2.2958,0.0002,0.1490,2.3157,3703135,46257,46257
before,2,33,70.5375,63.1491,19.1454,19.4880,4.1646,1.0221,3.1586,2.2841,0.0012,0.1449,1.8781,3703136,46256,46256
before,2,34,66.0606,52.6551,20.2864,7.7264,4.3538,0.9936,3.0661,2.3405,0.0002,0.1602,2.1198,3703137,46255,46255
before,2,35,55.4780,62.6610,18.2725,15.7874,4.1177,1.0624,3.0922,2.2818,0.0003,0.1508,1.8679,3703138,46254,46254
before,2,36,66.4686,44.5786,18.9141,2.3220,4.7084,1.0061,3.2709,2.2799,0.0019,0.1366,1.8951,3703139,46254,46254
before,2,37,46.9676,51.3623,21.3403,4.8373,4.2753,1.0496,3.2635,2.7474,0.0002,0.2459,1.8580,3703140,46451,46451
before,2,38,54.0350,71.2651,17.9876,22.8597,4.4184,1.0574,3.2659,2.3756,0.0016,0.1563,2.0797,3703141,46459,46459
before,2,39,75.4250,40.2776,17.7606,1.6485,4.4600,1.0294,3.1557,2.2877,0.0003,0.1354,1.8628,3703142,46459,46459
before,2,40,42.3003,42.1351,18.7606,3.1094,4.2461,1.0244,3.3797,2.2389,0.0003,0.1397,1.8798,3703143,46459,46459
