sample,stage,frame,frame_ms,update_ms,simulation_ms,remap_ms,sort_ms,children_ms,glass_ms,vehicles_ms,water_ms,minimap_ms,effects_ms,tick,sprites,meshes
before-1,before,1,1678.5681,1193.5337,1120.9035,10.7957,4.2743,0.9792,6.2049,2.4475,0.0002,0.1558,33.2677,3703104,45575,45575
before-1,before,2,1196.6708,975.4668,893.6092,17.7557,4.4896,0.9724,6.2166,2.4403,0.0005,0.1617,32.3895,3703105,45802,45802
before-1,before,3,979.4015,957.4317,896.8313,3.8901,4.1270,1.0189,6.5950,2.4756,0.0002,0.1500,33.1356,3703106,45802,45802
before-1,before,4,959.3905,958.4203,897.2877,2.6037,4.1264,1.0350,6.3430,2.3571,0.0017,0.1547,33.4594,3703107,45802,45802
before-1,before,5,960.7482,1150.8085,1060.0255,27.2540,4.2553,1.0598,6.1313,2.3951,0.0014,0.1546,33.3041,3703108,45876,45876
before-1,before,6,1154.1344,970.9378,905.5521,7.9443,4.0679,1.0221,6.6412,2.4099,0.0002,0.1461,32.7811,3703109,45875,45875
before-1,before,7,973.1077,954.4964,895.1739,2.6358,4.5383,1.2924,6.3082,2.4046,0.0005,0.1450,32.3272,3703110,45875,45875
before-1,before,8,956.7427,199.8609,121.2487,16.7126,4.4442,0.9699,5.4816,2.3839,0.0018,0.1567,32.5175,3703111,45967,45967
before-1,before,9,203.5285,183.2177,124.4114,2.6653,4.0859,1.0100,6.1851,2.7715,0.0002,0.1577,32.6602,3703112,45967,45967
before-1,before,10,185.3567,187.4625,121.8253,6.3858,4.1105,1.0309,6.3594,2.4268,0.0011,0.1554,33.1307,3703113,45967,45967
after-1,after,1,208.0058,746.0542,664.8535,17.6196,3.9546,0.9592,6.6248,3.1588,0.0006,0.1777,32.9964,3703103,45796,45796
after-1,after,2,749.4015,332.0720,260.2779,11.2571,3.8642,1.0664,5.9712,2.5893,0.0002,0.1525,32.3666,3703104,45826,45826
after-1,after,3,335.3651,114.5372,32.9429,17.8976,4.1552,1.2533,6.2816,2.3217,0.0003,0.1591,32.0666,3703105,45935,45935
after-1,after,4,118.3586,94.6748,34.4546,3.7160,3.9738,1.1712,6.5837,2.3569,0.0021,0.1561,32.8729,3703106,45935,45935
after-1,after,5,96.7643,94.6714,33.4252,2.6447,4.5660,1.1507,6.4701,2.3158,0.0017,0.1482,32.8980,3703107,45935,45935
after-1,after,6,97.3079,278.9894,188.1495,26.0797,4.0165,0.9804,6.3170,2.6246,0.0002,0.1434,34.4748,3703108,45934,45934
after-1,after,7,282.7219,97.0629,32.1835,7.7963,4.1119,1.0156,6.5092,2.3168,0.0002,0.1557,32.9327,3703109,45933,45933
after-1,after,8,99.2678,94.5424,34.1413,2.1961,4.0670,1.3102,6.4226,2.8919,0.0017,0.1528,33.7212,3703110,45933,45933
after-1,after,9,96.6704,114.5192,33.7205,16.6415,3.9390,0.9962,6.5220,2.3219,0.0002,0.1554,33.1965,3703111,46026,46026
after-1,after,10,118.2193,96.7888,35.6781,2.1808,4.5412,1.1467,6.7929,2.7369,0.0016,0.1443,33.8104,3703112,46026,46026
after-2,after,1,210.8051,736.3276,654.2061,16.6358,4.1924,1.0354,6.6101,2.3724,0.0001,0.1658,35.1593,3703103,45796,45796
after-2,after,2,739.6627,337.5667,260.5460,10.6397,4.3539,1.0149,6.7266,2.7330,0.0005,0.1627,36.6153,3703104,45826,45826
after-2,after,3,340.8641,119.7446,34.1378,18.0597,4.1268,1.0628,6.4999,2.6994,0.0002,0.1639,34.9573,3703105,45935,45935
after-2,after,4,123.8734,98.5677,34.8198,4.2073,4.2165,1.3295,6.5701,2.3216,0.0018,0.1522,35.5458,3703106,45935,45935
after-2,after,5,100.6591,96.6074,33.4841,2.5645,3.9924,0.9996,6.4932,2.7938,0.0019,0.1439,34.9793,3703107,45935,45935
after-2,after,6,99.0470,281.1491,188.4322,26.8915,3.9696,0.9782,6.5031,2.3380,0.0002,0.1638,35.3959,3703108,45934,45934
after-2,after,7,284.8851,99.2061,31.3124,8.0091,3.9997,1.0668,6.6398,2.3440,0.0003,0.1510,35.9992,3703109,45933,45933
after-2,after,8,101.3723,92.9723,32.8035,2.1714,4.0329,1.0135,5.6695,2.8344,0.0017,0.2392,34.7910,3703110,45933,45933
after-2,after,9,95.0561,116.2012,33.3449,16.3111,4.5578,1.0103,6.3999,2.3226,0.0003,0.2424,35.4811,3703111,46026,46026
after-2,after,10,119.7433,97.4728,35.4223,2.2191,4.1143,1.2060,6.5244,2.3350,0.0021,0.1446,35.3656,3703112,46026,46026
before-2,before,1,1073.0901,1595.7052,1513.0821,18.2405,4.3421,1.1441,6.6040,3.3028,0.0002,0.1668,32.5773,3703103,45796,45796
before-2,before,2,1599.9446,1199.5018,1128.2018,10.8522,4.4733,1.0248,5.5812,2.4049,0.0004,0.1517,32.3475,3703104,45826,45826
before-2,before,3,1202.5109,977.1871,894.4073,18.1979,4.5280,1.0763,6.5254,2.3676,0.0001,0.1593,32.1314,3703105,45935,45935
before-2,before,4,981.0506,962.5254,902.3757,3.8079,4.2168,1.0726,6.3937,2.3511,0.0013,0.2395,33.0092,3703106,45935,45935
before-2,before,5,964.7426,965.8233,905.8758,2.6501,4.0423,1.0165,6.3165,2.4066,0.0014,0.1428,32.4255,3703107,45935,45935
before-2,before,6,968.3676,1134.9434,1045.6708,26.2076,4.5525,0.9943,6.1634,2.3300,0.0003,0.1582,32.8753,3703108,45934,45934
before-2,before,7,1138.2863,966.8784,901.9050,8.0429,4.2478,1.1851,6.1436,2.3754,0.0003,0.1914,32.6265,3703109,45933,45933
before-2,before,8,968.9311,960.5356,901.2408,2.3668,4.1721,1.0370,6.5353,2.6939,0.0012,0.1472,33.0987,3703110,45933,45933
before-2,before,9,962.5479,202.7523,121.8873,16.9207,4.2210,1.3595,6.6444,2.4550,0.0003,0.1839,32.5083,3703111,46025,46025
before-2,before,10,206.3756,185.2481,125.8410,2.2056,4.2516,1.3539,6.5920,2.3561,0.0014,0.1610,32.3409,3703112,46025,46025
