self_cpu_percent,command,shared_object,symbol
4.50,Compute Task Po,client,"<&mut openttdrs_client::render::rail_glass_compositor::sync_rail_glass_mask_proxies as core::ops::function::FnMut<(bevy_ecs::system::commands::Commands, bevy_ecs::system::system_param::Local<openttdrs_client::render::rail_glass_compositor::RailGlassMaskProxyCache>, bevy_ecs::system::query::Query<(bevy_ecs::entity::Entity, bevy_ecs::change_detection::params::Ref<bevy_sprite::sprite::Sprite>, bevy_ecs::change_detection::params::Ref<bevy_sprite::sprite::Anchor>, bevy_ecs::change_detection::params::Ref<bevy_transform::components::transform::Transform>, bevy_ecs::change_detection::params::Ref<bevy_camera::visibility::Visibility>, core::option::Option<bevy_ecs::change_detection::params::Ref<openttdrs_client::render::components::MapTileChunk>>, core::option::Option<&openttdrs_client::render::rail_glass_compositor::RailGlassMaskSource>), (bevy_ecs::query::filter::Or<(bevy_ecs::query::filter::With<openttdrs_client::render::components::MapVisualLayer>, bevy_ecs::query::filter::With<openttdrs_client::render::components::MapDynamicVisual>)>, bevy_ecs::query::filter::Without<openttdrs_client::render::rail_glass_compositor::RailGlassMaskProxy>)>, bevy_ecs::system::query::Query<(bevy_ecs::entity::Entity, &openttdrs_client::render::rail_glass_compositor::RailGlassMaskProxy, &mut bevy_sprite::sprite_mesh::SpriteMesh, &mut bevy_sprite::sprite::Anchor, &mut bevy_transform::components::transform::Transform, &mut bevy_camera::visibility::Visibility, core::option::Option<&mut openttdrs_client::render::components::MapTileChunk>)>)>>::call_mut"
2.92,Compute Task Po,client,<std::hash::random::RandomState as core::hash::BuildHasher>::hash_one::<&openttdrs_core::command::terraform::CornerKey>
2.79,Compute Task Po,client,"<hashbrown::map::HashMap<openttdrs_core::map::types::TileCoord, (), std::hash::random::RandomState>>::insert"
2.25,Compute Task Po,client,"<bevy_ecs::query::par_iter::QueryParIter<(bevy_ecs::entity::Entity, &bevy_camera::visibility::InheritedVisibility, &mut bevy_camera::visibility::ViewVisibility, core::option::Option<&bevy_camera::visibility::VisibilityClass>, core::option::Option<&bevy_camera::visibility::render_layers::RenderLayers>, core::option::Option<&bevy_camera::primitives::Aabb>, core::option::Option<&bevy_camera::primitives::Sphere>, &bevy_transform::components::global_transform::GlobalTransform, bevy_ecs::query::fetch::Has<bevy_camera::visibility::NoFrustumCulling>, bevy_ecs::query::fetch::Has<bevy_camera::visibility::range::VisibilityRange>), bevy_ecs::query::filter::Without<bevy_camera::visibility::NoCpuCulling>>>::for_each_init::<bevy_camera::visibility::check_visibility_cpu_culling::{closure#1}, bevy_camera::visibility::check_visibility_cpu_culling::{closure#0}, core::cell::RefMut<indexmap::map::IndexMap<core::any::TypeId, alloc::vec::Vec<bevy_ecs::entity::Entity>, bevy_platform::hash::NoOpHash>>>::{closure#0}"
2.20,Compute Task Po,client,<core::hash::sip::Hasher<core::hash::sip::Sip13Rounds> as core::hash::Hasher>::write
1.81,client,libc.so.6,__memmove_avx512_unaligned_erms
1.60,Compute Task Po,client,"<&mut openttdrs_client::render::train_smoke::spawn_train_smoke as core::ops::function::FnMut<(bevy_ecs::change_detection::params::ResMut<openttdrs_client::state::SimWorld>, bevy_ecs::change_detection::params::Res<openttdrs_client::simulation::SimClock>, bevy_ecs::change_detection::params::Res<openttdrs_client::settings::ClientPreferences>, bevy_ecs::change_detection::params::Res<openttdrs_client::ui::hud::SimHudControls>, bevy_ecs::change_detection::params::Res<openttdrs_client::render::effect_vehicle::EffectVehicleFrames>, bevy_ecs::change_detection::params::ResMut<openttdrs_client::render::train_smoke::TrainSmokeSpawnClock>, bevy_ecs::change_detection::params::ResMut<openttdrs_client::render::train_smoke::TrainSmokeSortSequence>, bevy_ecs::system::commands::Commands, bevy_ecs::system::query::Query<(), bevy_ecs::query::filter::With<openttdrs_client::render::train_smoke::TrainSmokeEffect>>, bevy_ecs::message::message_writer::MessageWriter<openttdrs_client::audio::world_sfx::PlayWorldSfx>)>>::call_mut"
1.55,Compute Task Po,libc.so.6,__memmove_avx512_unaligned_erms
1.29,Compute Task Po,client,openttdrs_client::render::house_viewport_sort::sort_viewport_sortable_parents
1.16,Compute Task Po,client,openttdrs_client::render::viewport_sort::viewport_sort_parent_sprites
1.14,Compute Task Po,client,openttdrs_core::station::geometry::station_footprint_tiles
1.14,client,client,<bevy_ecs::world::entity_access::world_mut::EntityWorldMut>::despawn_no_free_with_caller
1.09,Compute Task Po,client,"<hashbrown::raw::RawTable<(openttdrs_core::map::types::TileCoord, ())>>::reserve_rehash::<hashbrown::map::make_hasher<openttdrs_core::map::types::TileCoord, (), std::hash::random::RandomState>::{closure#0}>"
1.06,Compute Task Po,client,"<indexmap::inner::Core<(bevy_ecs::entity::Entity, bevy_render::sync_world::MainEntity), bevy_core_pipeline::core_2d::Transparent2d>>::swap_remove_full::<(bevy_ecs::entity::Entity, bevy_render::sync_world::MainEntity)>"
1.06,Compute Task Po,client,bevy_sprite_render::mesh2d::mesh::extract_mesh2d
0.98,Compute Task Po,libc.so.6,_int_malloc
0.96,client,client,<openttdrs_core::cargodist::parity::mcf::MCF1stPass>::run
0.88,Compute Task Po,client,<bevy_sprite_render::mesh2d::mesh::Mesh2dPipeline as bevy_render::batching::GetFullBatchData>::get_binned_batch_data
0.88,client,client,"<alloc::collections::binary_heap::BinaryHeap<((i64, i64), u16)>>::pop"
0.85,Compute Task Po,client,openttdrs_client::render::house_viewport_sort::sprite_screen_bounds
0.78,Compute Task Po,client,"<&mut openttdrs_client::render::house_viewport_sort::sync_viewport_sortable_children as core::ops::function::FnMut<(bevy_ecs::system::query::Query<(bevy_ecs::entity::Entity, &openttdrs_client::render::house_viewport_sort::ViewportSortableParent, &bevy_transform::components::transform::Transform), (bevy_ecs::query::filter::With<openttdrs_client::render::house_viewport_sort::ViewportSortableParent>, bevy_ecs::query::filter::Without<openttdrs_client::render::house_viewport_sort::ViewportSortableChild>)>, bevy_ecs::system::query::Query<(bevy_ecs::entity::Entity, &openttdrs_client::render::house_viewport_sort::ViewportSortableChild), bevy_ecs::query::filter::With<openttdrs_client::render::house_viewport_sort::ViewportSortableChild>>, bevy_ecs::system::query::Query<&mut bevy_transform::components::transform::Transform, bevy_ecs::query::filter::With<openttdrs_client::render::house_viewport_sort::ViewportSortableChild>>, bevy_ecs::change_detection::params::Res<openttdrs_client::render::house_viewport_sort::ViewportSortableChildDepthWindows>)>>::call_mut"
0.75,Compute Task Po,client,bevy_sprite_render::render::prepare_sprite_image_bind_groups
0.75,Compute Task Po,client,openttdrs_core::rail_signals::routing::consist_occupied_tiles_indexed
0.75,Compute Task Po,client,openttdrs_core::sim_step::cargo_transfer::station_index_at_vehicle
0.72,client,client,<bevy_ecs::storage::table::Table>::swap_remove_unchecked
0.70,Compute Task Po,client,openttdrs_core::rail_pbs::conflicts::pbs_exit_has_complete_reservation
0.67,Compute Task Po,client,<core::hash::sip::Hasher<core::hash::sip::Sip13Rounds> as core::hash::Hasher>::write
0.67,Compute Task Po,libc.so.6,cfree@GLIBC_2.2.5
0.67,client,client,"<hashbrown::map::HashMap<openttdrs_core::map::types::TileCoord, (), std::hash::random::RandomState>>::insert"
0.65,Compute Task Po,client,openttdrs_core::sim_step::refresh_road_stop_statuses
0.65,Compute Task Po,client,openttdrs_core::station::geometry::vehicle_physically_at_station_with_footprint
0.62,Compute Task Po,libc.so.6,unlink_chunk.isra.0
0.62,client,client,"<bevy_ecs::query::par_iter::QueryParIter<(bevy_ecs::entity::Entity, &bevy_camera::visibility::InheritedVisibility, &mut bevy_camera::visibility::ViewVisibility, core::option::Option<&bevy_camera::visibility::VisibilityClass>, core::option::Option<&bevy_camera::visibility::render_layers::RenderLayers>, core::option::Option<&bevy_camera::primitives::Aabb>, core::option::Option<&bevy_camera::primitives::Sphere>, &bevy_transform::components::global_transform::GlobalTransform, bevy_ecs::query::fetch::Has<bevy_camera::visibility::NoFrustumCulling>, bevy_ecs::query::fetch::Has<bevy_camera::visibility::range::VisibilityRange>), bevy_ecs::query::filter::Without<bevy_camera::visibility::NoCpuCulling>>>::for_each_init::<bevy_camera::visibility::check_visibility_cpu_culling::{closure#1}, bevy_camera::visibility::check_visibility_cpu_culling::{closure#0}, core::cell::RefMut<indexmap::map::IndexMap<core::any::TypeId, alloc::vec::Vec<bevy_ecs::entity::Entity>, bevy_platform::hash::NoOpHash>>>::{closure#0}"
0.59,Compute Task Po,libc.so.6,__libc_malloc2
0.59,Compute Task Po,libc.so.6,malloc
0.57,Compute Task Po,client,<openttdrs_core::vehicle::operational_status::VehicleOperationalSummary>::analyze
0.57,Compute Task Po,client,<std::hash::random::RandomState as core::hash::BuildHasher>::hash_one::<&bevy_ecs::entity::Entity>
0.54,Compute Task Po,client,"<bevy_ecs::query::iter::QueryIter<(bevy_ecs::entity::Entity, &bevy_camera::visibility::InheritedVisibility, &mut bevy_camera::visibility::ViewVisibility, core::option::Option<&bevy_camera::visibility::VisibilityClass>, core::option::Option<&bevy_camera::visibility::render_layers::RenderLayers>, core::option::Option<&bevy_camera::primitives::Aabb>, core::option::Option<&bevy_camera::primitives::Sphere>, &bevy_transform::components::global_transform::GlobalTransform, bevy_ecs::query::fetch::Has<bevy_camera::visibility::NoFrustumCulling>, bevy_ecs::query::fetch::Has<bevy_camera::visibility::range::VisibilityRange>), bevy_ecs::query::filter::Without<bevy_camera::visibility::NoCpuCulling>>>::fold_over_storage_range::<core::cell::RefMut<indexmap::map::IndexMap<core::any::TypeId, alloc::vec::Vec<bevy_ecs::entity::Entity>, bevy_platform::hash::NoOpHash>>, <bevy_ecs::query::par_iter::QueryParIter<(bevy_ecs::entity::Entity, &bevy_camera::visibility::InheritedVisibility, &mut bevy_camera::visibility::ViewVisibility, core::option::Option<&bevy_camera::visibility::VisibilityClass>, core::option::Option<&bevy_camera::visibility::render_layers::RenderLayers>, core::option::Option<&bevy_camera::primitives::Aabb>, core::option::Option<&bevy_camera::primitives::Sphere>, &bevy_transform::components::global_transform::GlobalTransform, bevy_ecs::query::fetch::Has<bevy_camera::visibility::NoFrustumCulling>, bevy_ecs::query::fetch::Has<bevy_camera::visibility::range::VisibilityRange>), bevy_ecs::query::filter::Without<bevy_camera::visibility::NoCpuCulling>>>::for_each_init<bevy_camera::visibility::check_visibility_cpu_culling::{closure#1}, bevy_camera::visibility::check_visibility_cpu_culling::{closure#0}, core::cell::RefMut<indexmap::map::IndexMap<core::any::TypeId, alloc::vec::Vec<bevy_ecs::entity::Entity>, bevy_platform::hash::NoOpHash>>>::{closure#0}>"
0.54,Compute Task Po,libc.so.6,_int_free_merge_chunk
0.52,Compute Task Po,client,"<&mut bevy_sprite_render::mesh2d::material::specialize_material2d_meshes<bevy_sprite_render::sprite_mesh::sprite_material::SpriteMaterial> as core::ops::function::FnMut<(bevy_ecs::change_detection::params::Res<bevy_sprite_render::mesh2d::material::Material2dPipeline<bevy_sprite_render::sprite_mesh::sprite_material::SpriteMaterial>>, bevy_ecs::change_detection::params::ResMut<bevy_render::render_resource::pipeline_specializer::SpecializedMeshPipelines<bevy_sprite_render::mesh2d::material::Material2dPipeline<bevy_sprite_render::sprite_mesh::sprite_material::SpriteMaterial>>>, bevy_ecs::change_detection::params::Res<bevy_render::render_resource::pipeline_cache::PipelineCache>, (bevy_ecs::change_detection::params::Res<bevy_render::render_asset::RenderAssets<bevy_render::mesh::RenderMesh>>, bevy_ecs::change_detection::params::Res<bevy_render::render_asset::RenderAssets<bevy_sprite_render::mesh2d::material::PreparedMaterial2d<bevy_sprite_render::sprite_mesh::sprite_material::SpriteMaterial>>>), bevy_ecs::change_detection::params::ResMut<bevy_sprite_render::mesh2d::mesh::RenderMesh2dInstances>, bevy_ecs::change_detection::params::Res<bevy_sprite_render::mesh2d::material::RenderMaterial2dInstances<bevy_sprite_render::sprite_mesh::sprite_material::SpriteMaterial>>, bevy_ecs::change_detection::params::Res<bevy_render::render_phase::ViewSortedRenderPhases<bevy_core_pipeline::core_2d::Transparent2d>>, bevy_ecs::change_detection::params::Res<bevy_render::render_phase::ViewBinnedRenderPhases<bevy_core_pipeline::core_2d::Opaque2d>>, bevy_ecs::change_detection::params::Res<bevy_render::render_phase::ViewBinnedRenderPhases<bevy_core_pipeline::core_2d::AlphaMask2d>>, bevy_ecs::system::query::Query<(&bevy_render::sync_world::MainEntity, &bevy_render::view::ExtractedView, &bevy_render::view::visibility::RenderVisibleEntities)>, bevy_ecs::change_detection::params::Res<bevy_sprite_render::mesh2d::mesh::ViewKeyCache>, bevy_ecs::change_detection::params::Res<bevy_render::camera::DirtySpecializations>, bevy_ecs::change_detection::params::ResMut<bevy_sprite_render::mesh2d::material::PendingMeshMaterial2dQueues>, bevy_ecs::change_detection::params::ResMut<bevy_sprite_render::mesh2d::material::SpecializedMaterial2dPipelineCache<bevy_sprite_render::sprite_mesh::sprite_material::SpriteMaterial>>)>>::call_mut"
0.52,Compute Task Po,client,openttdrs_core::sim_step::cargo_transfer::load_vehicles
0.52,client,client,<openttdrs_core::cargodist::parity::mcf::MCF2ndPass>::run
