run,tick,reason,notice_index,x,y,chunk_x,chunk_y,kind,ottd_type,clear_ground,field_before,field_after,visible_field_change,m3_before,m3_after,m4_before,m4_after,m5_before,m5_after,m6_before,m6_after
1,3703193,landscape,0,197,41,12,2,Grass,0,3,true,true,true,0,1,0,0,239,15,0,0
1,3703193,landscape,1,68,82,4,5,Grass,0,3,true,true,true,168,160,20,20,239,15,0,0
1,3703193,airport_animation,0,8,190,0,11,Airport,5,4,false,false,false,96,96,0,0,51,51,11,11
1,3703193,airport_animation,1,19,33,1,2,Airport,5,4,false,false,false,48,48,0,0,51,51,11,11
1,3703193,airport_animation,2,181,120,11,7,Airport,5,5,false,false,false,96,96,0,0,52,52,11,11
1,3703193,airport_animation,3,182,128,11,8,Airport,5,2,false,false,false,192,192,0,0,73,73,11,11
1,3703193,reservation,0,201,228,12,14,Rail,1,0,false,false,false,0,0,1,1,1,1,0,0
1,3703193,reservation,1,234,117,14,7,Rail,1,0,false,false,false,0,0,3,3,1,1,0,0
1,3703194,landscape,0,214,42,13,2,Grass,0,3,true,true,true,3,4,12,12,239,15,0,0
1,3703194,landscape,1,248,37,15,2,Grass,0,3,true,true,true,8,0,20,20,239,15,12,12
1,3703194,signal,0,80,57,5,3,Rail,1,0,false,false,false,64,64,50,2,65,65,0,0
1,3703194,reservation,0,75,59,4,3,Station,5,1,false,false,false,194,194,0,0,6,6,4,0
1,3703194,reservation,1,84,55,5,3,Station,5,0,false,false,false,118,118,0,0,1,1,0,4
1,3703194,reservation,2,14,174,0,10,Rail,1,2,false,false,false,0,0,1,1,10,10,0,0
1,3703194,reservation,3,84,50,5,3,Station,5,0,false,false,false,6,6,0,0,1,1,0,4
1,3703194,reservation,4,14,176,0,11,Rail,1,0,false,false,false,0,0,1,1,2,2,0,0
1,3703194,reservation,5,84,53,5,3,Station,5,1,false,false,false,242,242,0,0,5,5,0,4
1,3703194,reservation,6,84,52,5,3,Station,5,1,false,false,false,210,210,0,0,5,5,0,4
1,3703194,reservation,7,84,51,5,3,Station,5,1,false,false,false,66,66,0,0,5,5,0,4
1,3703194,reservation,8,84,54,5,3,Station,5,1,false,false,false,226,226,0,0,5,5,0,4
1,3703195,landscape,0,223,19,13,1,Grass,0,3,true,true,true,66,67,108,108,239,15,0,0
1,3703195,landscape,1,77,78,4,4,Grass,0,3,true,true,true,7,8,0,0,239,15,0,0
1,3703195,signal,0,250,104,15,6,Rail,1,0,false,false,false,128,128,6,134,66,66,0,0
1,3703195,airport_animation,0,182,128,11,8,Airport,5,2,false,false,false,192,192,0,0,73,73,11,11
1,3703195,reservation,0,252,152,15,9,Rail,1,0,false,false,false,0,0,1,1,32,32,0,0
1,3703195,reservation,1,251,152,15,9,Rail,1,4,false,false,false,0,0,1,1,18,18,0,0
1,3703195,reservation,2,84,52,5,3,Station,5,1,false,false,false,210,210,0,0,5,5,4,0
1,3703195,reservation,3,84,54,5,3,Station,5,1,false,false,false,226,226,0,0,5,5,4,0
1,3703195,reservation,4,250,151,15,9,Rail,1,4,false,false,false,0,0,5,5,18,18,0,0
1,3703195,reservation,5,252,152,15,9,Rail,1,0,false,false,false,0,0,1,1,32,32,0,0
1,3703195,reservation,6,84,50,5,3,Station,5,0,false,false,false,6,6,0,0,1,1,4,0
1,3703195,reservation,7,108,80,6,5,Rail,1,0,false,false,false,64,64,66,66,65,65,0,0
1,3703195,reservation,8,250,102,15,6,Rail,1,0,false,false,false,0,0,6,6,2,2,0,0
1,3703195,reservation,9,84,53,5,3,Station,5,1,false,false,false,242,242,0,0,5,5,4,0
1,3703195,reservation,10,84,55,5,3,Station,5,0,false,false,false,118,118,0,0,1,1,4,0
1,3703195,reservation,11,84,51,5,3,Station,5,1,false,false,false,66,66,0,0,5,5,4,0
1,3703195,reservation,12,251,152,15,9,Rail,1,4,false,false,false,0,0,1,1,18,18,0,0
1,3703196,landscape,0,236,53,14,3,Grass,0,3,true,true,true,7,8,0,0,239,15,0,0
1,3703196,reservation,0,205,106,12,6,Station,5,1,false,false,false,210,210,0,0,7,7,4,0
1,3703196,reservation,1,165,55,10,3,Rail,1,0,false,false,false,0,0,1,1,2,2,0,0
1,3703197,landscape,0,208,44,13,2,Grass,0,3,true,true,true,5,6,24,24,239,15,0,0
1,3703197,signal,0,133,165,8,10,Rail,1,0,false,false,false,128,128,5,133,66,66,0,0
1,3703197,airport_animation,0,8,190,0,11,Airport,5,4,false,false,false,96,96,0,0,51,51,11,11
1,3703197,airport_animation,1,19,33,1,2,Airport,5,4,false,false,false,48,48,0,0,51,51,11,11
1,3703197,airport_animation,2,181,120,11,7,Airport,5,5,false,false,false,96,96,0,0,52,52,11,11
1,3703197,airport_animation,3,182,128,11,8,Airport,5,2,false,false,false,192,192,0,0,73,73,11,11
1,3703197,reservation,0,64,170,4,10,Rail,1,0,false,false,false,0,0,9,9,32,32,0,0
1,3703197,reservation,1,218,99,13,6,Rail,1,0,false,false,false,0,0,4,4,1,1,0,0
1,3703198,landscape,0,72,88,4,5,Grass,0,3,true,true,true,5,6,0,0,239,15,0,0
1,3703198,reservation,0,149,164,9,10,Rail,1,4,false,false,false,0,0,1,1,48,48,0,0
1,3703198,reservation,1,149,163,9,10,Rail,1,0,false,false,false,0,0,6,6,2,2,0,0
1,3703198,reservation,2,149,162,9,10,Rail,1,0,false,false,false,0,0,6,6,2,2,0,0
1,3703198,reservation,3,82,237,5,14,Rail,1,3,false,false,false,0,0,1,1,12,12,0,0
1,3703198,reservation,4,81,237,5,14,Rail,1,2,false,false,false,0,0,11,11,8,8,0,0
1,3703198,reservation,5,83,237,5,14,Rail,1,0,false,false,false,0,0,1,1,1,1,0,0
1,3703198,reservation,6,131,124,8,7,Station,5,0,false,false,false,22,22,0,0,0,0,4,0
1,3703198,reservation,7,48,78,3,4,Rail,1,0,false,false,false,0,0,2,2,1,1,0,0
1,3703198,reservation,8,81,237,5,14,Rail,1,2,false,false,false,0,0,11,11,8,8,0,0
1,3703198,reservation,9,173,75,10,4,Rail,1,0,false,false,false,0,0,6,6,2,2,0,0
1,3703198,reservation,10,83,237,5,14,Rail,1,0,false,false,false,0,0,1,1,1,1,0,0
1,3703198,reservation,11,162,51,10,3,Rail,1,0,false,false,false,0,0,5,5,2,2,0,0
1,3703198,reservation,12,82,237,5,14,Rail,1,3,false,false,false,0,0,1,1,12,12,0,0
1,3703198,reservation,13,186,131,11,8,Station,5,0,false,false,false,22,22,0,0,0,0,4,0
1,3703198,reservation,14,162,59,10,3,Rail,1,3,false,false,false,0,0,1,1,12,12,0,0
1,3703198,reservation,15,150,91,9,5,Rail,1,2,false,false,false,0,0,11,11,8,8,0,0
1,3703199,landscape,0,60,80,3,5,Grass,0,3,true,true,true,166,167,0,0,239,15,0,0
1,3703199,landscape,1,56,81,3,5,Grass,0,3,true,true,true,5,6,0,0,239,15,20,20
1,3703199,landscape,2,64,58,4,3,Grass,0,3,true,true,true,8,0,0,0,239,15,0,0
1,3703199,airport_animation,0,182,128,11,8,Airport,5,2,false,false,false,192,192,0,0,73,73,11,11
1,3703199,reservation,0,185,27,11,1,Rail,1,2,false,false,false,0,0,11,11,8,8,0,0
1,3703199,reservation,1,186,27,11,1,Rail,1,3,false,false,false,0,0,1,1,12,12,0,0
1,3703199,reservation,2,43,94,2,5,Rail,1,0,false,false,false,0,0,6,6,2,2,0,0
1,3703199,reservation,3,186,27,11,1,Rail,1,3,false,false,false,0,0,1,1,12,12,0,0
1,3703199,reservation,4,187,27,11,1,Rail,1,1,false,false,false,0,0,10,10,4,4,0,0
1,3703199,reservation,5,185,27,11,1,Rail,1,2,false,false,false,0,0,11,11,8,8,0,0
1,3703200,landscape,0,69,86,4,5,Grass,0,3,true,true,true,2,3,0,0,239,15,0,0
1,3703200,landscape,1,7,195,0,12,House,3,0,false,false,false,128,0,0,0,0,0,0,0
1,3703200,landscape,2,7,195,0,12,House,3,0,false,false,false,128,0,0,0,0,0,0,0
1,3703200,landscape,3,238,54,14,3,Grass,0,3,true,true,true,7,8,0,0,239,15,0,0
1,3703200,landscape,4,177,197,11,12,Road,2,3,false,false,false,0,0,0,0,10,14,24,24
1,3703200,landscape,5,81,209,5,13,Road,2,2,false,false,false,0,240,0,0,3,10,0,0
1,3703200,signal,0,192,228,12,14,Rail,1,0,false,false,false,128,128,179,131,65,65,0,0
1,3703200,signal,1,70,59,4,3,Rail,1,3,false,false,false,64,64,1,65,76,76,0,0
1,3703200,reservation,0,192,228,12,14,Rail,1,0,false,false,false,128,128,179,131,65,65,0,0
1,3703200,reservation,1,210,227,13,14,Rail,1,0,false,false,false,0,0,2,2,1,1,0,0
1,3703200,reservation,2,248,115,15,7,Rail,1,0,false,false,false,0,0,6,6,2,2,0,0
1,3703200,reservation,3,212,227,13,14,Rail,1,0,false,false,false,64,64,66,2,65,65,0,0
1,3703200,reservation,4,69,59,4,3,Rail,1,2,false,false,false,0,0,11,11,8,8,0,0
1,3703200,reservation,5,211,227,13,14,Rail,1,0,false,false,false,0,0,2,2,1,1,0,0
1,3703200,reservation,6,248,113,15,7,Rail,1,0,false,false,false,0,0,6,6,2,2,0,0
1,3703200,reservation,7,248,117,15,7,Rail,1,0,false,false,false,0,0,6,6,2,2,0,0
1,3703200,reservation,8,209,227,13,14,Rail,1,0,false,false,false,0,0,2,2,1,1,0,0
1,3703201,landscape,0,205,10,12,0,Grass,0,3,true,true,true,163,164,20,20,239,15,12,12
1,3703201,landscape,1,240,54,15,3,Grass,0,3,true,true,true,7,8,0,0,239,15,0,0
1,3703201,landscape,2,5,84,0,5,Grass,0,3,true,true,true,100,101,12,12,239,15,0,0
1,3703201,signal,0,103,80,6,5,Rail,1,0,false,false,false,64,64,66,2,65,65,0,0
1,3703201,airport_animation,0,8,190,0,11,Airport,5,4,false,false,false,96,96,0,0,51,51,11,11
1,3703201,airport_animation,1,19,33,1,2,Airport,5,4,false,false,false,48,48,0,0,51,51,11,11
1,3703201,airport_animation,2,181,120,11,7,Airport,5,5,false,false,false,96,96,0,0,52,52,11,11
1,3703201,airport_animation,3,182,128,11,8,Airport,5,2,false,false,false,192,192,0,0,73,73,11,11
1,3703201,reservation,0,236,117,14,7,Station,5,0,false,false,false,134,134,0,0,2,2,4,4
1,3703201,reservation,1,235,117,14,7,Station,5,0,false,false,false,54,54,0,0,0,0,4,4
1,3703201,reservation,2,237,117,14,7,Station,5,0,false,false,false,118,118,0,0,0,0,4,0
1,3703201,reservation,3,238,117,14,7,Station,5,0,false,false,false,54,54,0,0,0,0,4,0
1,3703201,reservation,4,161,84,10,5,RailBridge,9,4,false,false,false,0,0,0,0,144,144,44,44
1,3703201,reservation,5,156,84,9,5,RailBridge,9,4,false,false,false,0,0,0,0,146,146,44,44
1,3703201,reservation,6,162,84,10,5,Rail,1,0,false,false,false,0,0,3,3,1,1,0,0
1,3703201,reservation,7,146,81,9,5,Station,5,0,false,false,false,70,70,0,0,0,0,4,0
1,3703201,reservation,8,234,117,14,7,Rail,1,0,false,false,false,0,0,3,3,1,1,0,0
1,3703201,reservation,9,156,84,9,5,RailBridge,9,4,false,false,false,0,0,0,0,146,146,44,44
1,3703201,reservation,10,162,84,10,5,Rail,1,0,false,false,false,0,0,3,3,1,1,0,0
1,3703201,reservation,11,163,84,10,5,Rail,1,0,false,false,false,0,0,1,1,33,33,0,0
1,3703201,reservation,12,233,117,14,7,Rail,1,5,false,false,false,0,0,3,3,21,21,0,0
1,3703201,reservation,13,102,80,6,5,Rail,1,0,false,false,false,0,0,2,2,1,1,0,0
1,3703201,reservation,14,161,84,10,5,RailBridge,9,4,false,false,false,0,0,0,0,144,144,44,44
1,3703201,reservation,15,235,117,14,7,Station,5,0,false,false,false,54,54,0,0,0,0,4,4
1,3703201,reservation,16,236,117,14,7,Station,5,0,false,false,false,134,134,0,0,2,2,4,4
1,3703202,landscape,0,202,52,12,3,Grass,0,3,true,true,true,0,1,216,216,239,15,0,0
1,3703202,landscape,1,201,148,12,9,Grass,0,0,false,false,false,0,0,0,0,16,3,0,0
1,3703202,reservation,0,250,155,15,9,Station,5,1,false,false,false,146,146,0,0,5,5,4,0
1,3703203,industry,0,225,43,14,2,Industry,8,4,false,false,false,104,104,0,0,16,16,0,0
1,3703203,landscape,0,214,37,13,2,Grass,0,3,true,true,true,3,4,0,0,239,15,24,24
1,3703203,landscape,1,58,83,3,5,Grass,0,3,true,true,true,5,6,0,0,239,15,0,0
1,3703203,landscape,2,61,84,3,5,Grass,0,3,true,true,true,5,6,20,20,239,15,0,0
1,3703203,landscape,3,65,57,4,3,Grass,0,3,true,true,true,8,0,0,0,239,15,0,0
1,3703203,landscape,4,25,83,1,5,Road,2,0,false,false,false,0,0,0,0,2,3,16,16
1,3703203,airport_animation,0,182,128,11,8,Airport,5,2,false,false,false,192,192,0,0,73,73,11,11
1,3703204,industry,0,223,43,13,2,Industry,8,4,false,false,false,39,39,0,0,16,16,0,0
1,3703204,landscape,0,67,78,4,4,Grass,0,3,true,true,true,98,99,108,108,239,15,0,0
1,3703204,landscape,1,78,81,4,5,Grass,0,3,true,true,true,7,8,12,12,239,15,0,0
1,3703204,reservation,0,178,127,11,7,Rail,1,0,false,false,false,0,0,1,1,1,1,0,0
1,3703204,reservation,1,177,127,11,7,Rail,1,0,false,false,false,0,0,1,1,1,1,0,0
1,3703204,reservation,2,176,127,11,7,Rail,1,4,false,false,false,0,0,1,1,48,48,0,0
1,3703204,reservation,3,175,127,10,7,Rail,1,4,false,false,false,0,0,8,8,16,16,0,0
1,3703204,reservation,4,179,127,11,7,Rail,1,0,false,false,false,0,0,1,1,1,1,0,0
1,3703204,reservation,5,53,7,3,0,Station,5,1,false,false,false,82,82,0,0,6,6,0,4
1,3703204,reservation,6,193,98,12,6,Rail,1,0,false,false,false,0,0,1,1,33,33,0,0
1,3703204,reservation,7,179,127,11,7,Rail,1,0,false,false,false,0,0,1,1,1,1,0,0
1,3703204,reservation,8,178,127,11,7,Rail,1,0,false,false,false,0,0,1,1,1,1,0,0
1,3703205,airport_animation,0,8,190,0,11,Airport,5,4,false,false,false,96,96,0,0,51,51,11,11
1,3703205,airport_animation,1,19,33,1,2,Airport,5,4,false,false,false,48,48,0,0,51,51,11,11
1,3703205,airport_animation,2,181,120,11,7,Airport,5,5,false,false,false,96,96,0,0,52,52,11,11
1,3703205,airport_animation,3,182,128,11,8,Airport,5,2,false,false,false,192,192,0,0,73,73,11,11
1,3703205,reservation,0,173,80,10,5,Station,5,0,false,false,false,214,214,0,0,1,1,4,0
1,3703206,landscape,0,209,35,13,2,Grass,0,3,true,true,true,98,99,0,0,239,15,0,0
1,3703206,signal,0,188,131,11,8,Rail,1,0,false,false,false,64,64,65,65,65,65,0,0
1,3703206,reservation,0,187,131,11,8,Station,5,0,false,false,false,246,246,0,0,0,0,4,4
1,3703206,reservation,1,188,131,11,8,Rail,1,0,false,false,false,64,64,65,65,65,65,0,0
1,3703206,reservation,2,189,131,11,8,Rail,1,2,false,false,false,0,0,1,1,9,9,0,0
1,3703206,reservation,3,190,131,11,8,RailBridge,9,0,false,false,false,0,0,0,0,146,130,36,36
1,3703206,reservation,4,192,131,12,8,RailBridge,9,0,false,false,false,0,0,0,0,144,128,36,36
1,3703206,reservation,5,251,152,15,9,Rail,1,4,false,false,false,0,0,1,1,18,18,0,0
1,3703206,reservation,6,252,152,15,9,Rail,1,0,false,false,false,0,0,1,1,32,32,0,0
1,3703206,reservation,7,187,131,11,8,Station,5,0,false,false,false,246,246,0,0,0,0,4,4
1,3703206,reservation,8,251,152,15,9,Rail,1,4,false,false,false,0,0,1,1,18,18,0,0
1,3703206,reservation,9,186,131,11,8,Station,5,0,false,false,false,22,22,0,0,0,0,0,4
1,3703206,reservation,10,188,131,11,8,Rail,1,0,false,false,false,64,64,65,65,65,65,0,0
1,3703206,reservation,11,136,124,8,7,Rail,1,0,false,false,false,0,0,3,3,1,1,0,0
1,3703206,reservation,12,252,152,15,9,Rail,1,0,false,false,false,0,0,1,1,32,32,0,0
1,3703207,landscape,0,82,78,5,4,Grass,0,3,true,true,true,6,7,4,4,239,15,0,0
1,3703207,signal,0,73,59,4,3,Rail,1,0,false,false,false,128,128,131,3,65,65,0,0
1,3703207,signal,1,139,78,8,4,Rail,1,0,false,false,false,128,128,134,134,66,66,0,0
1,3703207,signal,2,150,149,9,9,Rail,1,0,false,false,false,64,64,113,1,65,65,0,0
1,3703207,airport_animation,0,182,128,11,8,Airport,5,2,false,false,false,192,192,0,0,73,73,11,11
1,3703207,reservation,0,141,149,8,9,RailBridge,9,4,false,false,false,0,0,0,0,146,146,44,44
1,3703207,reservation,1,149,149,9,9,RailBridge,9,4,false,false,false,0,0,0,0,144,144,44,44
1,3703207,reservation,2,140,149,8,9,Rail,1,5,false,false,false,0,0,1,1,21,21,0,0
1,3703207,reservation,3,200,228,12,14,Rail,1,0,false,false,false,0,0,1,1,1,1,0,0
1,3703207,reservation,4,149,149,9,9,RailBridge,9,4,false,false,false,0,0,0,0,144,144,44,44
1,3703207,reservation,5,198,12,12,0,Rail,1,1,false,false,false,0,0,10,10,4,4,0,0
1,3703207,reservation,6,152,149,9,9,Station,5,1,false,false,false,242,242,0,0,4,4,0,4
1,3703207,reservation,7,197,12,12,0,Rail,1,2,false,false,false,0,0,11,11,8,8,0,0
1,3703207,reservation,8,141,149,8,9,RailBridge,9,4,false,false,false,0,0,0,0,146,146,44,44
1,3703207,reservation,9,151,149,9,9,Station,5,0,false,false,false,70,70,0,0,0,0,0,4
1,3703207,reservation,10,140,149,8,9,Rail,1,5,false,false,false,0,0,1,1,21,21,0,0
1,3703207,reservation,11,139,78,8,4,Rail,1,0,false,false,false,128,128,134,134,66,66,0,0
1,3703207,reservation,12,155,149,9,9,Station,5,0,false,false,false,70,70,0,0,0,0,0,4
1,3703207,reservation,13,74,59,4,3,Station,5,0,false,false,false,70,70,0,0,0,0,4,0
1,3703207,reservation,14,153,149,9,9,Station,5,1,false,false,false,82,82,0,0,4,4,0,4
1,3703207,reservation,15,109,80,6,5,Rail,1,1,false,false,false,0,0,1,1,5,5,0,0
1,3703207,reservation,16,154,149,9,9,Station,5,1,false,false,false,98,98,0,0,4,4,0,4
1,3703208,reservation,0,153,149,9,9,Station,5,1,false,false,false,82,82,0,0,4,4,4,0
1,3703208,reservation,1,53,7,3,0,Station,5,1,false,false,false,82,82,0,0,6,6,4,0
1,3703208,reservation,2,155,149,9,9,Station,5,0,false,false,false,70,70,0,0,0,0,4,0
1,3703208,reservation,3,154,149,9,9,Station,5,1,false,false,false,98,98,0,0,4,4,4,0
1,3703208,reservation,4,152,149,9,9,Station,5,1,false,false,false,242,242,0,0,4,4,4,0
1,3703208,reservation,5,151,149,9,9,Station,5,0,false,false,false,70,70,0,0,0,0,4,0
1,3703208,reservation,6,121,112,7,7,Station,5,1,false,false,false,242,242,0,0,4,4,4,0
1,3703208,reservation,7,120,112,7,7,Station,5,0,false,false,false,118,118,0,0,0,0,4,0
1,3703208,reservation,8,122,112,7,7,Station,5,1,false,false,false,146,146,0,0,4,4,4,0
1,3703208,reservation,9,119,112,7,7,Rail,1,0,false,false,false,128,128,129,1,65,65,0,0
1,3703208,reservation,10,118,112,7,7,Rail,1,4,false,false,false,0,0,1,1,48,48,0,0
1,3703208,reservation,11,117,112,7,7,Rail,1,4,false,false,false,0,0,8,8,16,16,0,0
1,3703208,reservation,12,205,128,12,8,Rail,1,6,false,false,false,0,0,1,1,57,57,0,0
1,3703208,reservation,13,118,112,7,7,Rail,1,4,false,false,false,0,0,1,1,48,48,0,0
1,3703208,reservation,14,119,112,7,7,Rail,1,0,false,false,false,128,128,129,1,65,65,0,0
1,3703209,landscape,0,69,82,4,5,Grass,0,3,true,true,true,8,0,20,20,239,15,0,0
1,3703209,landscape,1,14,73,0,4,Grass,0,3,true,true,true,4,5,24,24,239,15,12,12
1,3703209,landscape,2,217,41,13,2,Grass,0,3,true,true,true,3,4,192,192,239,15,0,0
1,3703209,signal,0,151,81,9,5,Rail,1,0,false,false,false,64,64,177,65,65,65,0,0
1,3703209,signal,1,151,80,9,5,Rail,1,0,false,false,false,64,64,178,2,65,65,0,0
1,3703209,airport_animation,0,8,190,0,11,Airport,5,4,false,false,false,96,96,0,0,51,51,11,11
1,3703209,airport_animation,1,19,33,1,2,Airport,5,4,false,false,false,48,48,0,0,51,51,11,11
1,3703209,airport_animation,2,181,120,11,7,Airport,5,5,false,false,false,96,96,0,0,52,52,11,11
1,3703209,airport_animation,3,182,128,11,8,Airport,5,2,false,false,false,192,192,0,0,73,73,11,11
1,3703209,reservation,0,151,81,9,5,Rail,1,0,false,false,false,64,64,177,65,65,65,0,0
1,3703210,landscape,0,209,41,13,2,Grass,0,3,true,true,true,5,6,12,12,239,15,12,12
1,3703210,landscape,1,68,80,4,5,Grass,0,3,true,true,true,168,160,0,0,239,15,0,0
1,3703210,landscape,2,61,77,3,4,Grass,0,3,true,true,true,6,7,0,0,239,15,0,0
1,3703210,landscape,3,163,148,10,9,House,3,0,false,false,false,0,0,0,0,3,0,0,0
1,3703210,signal,0,111,10,6,0,Rail,1,0,false,false,false,64,64,69,5,66,66,0,0
1,3703210,reservation,0,111,13,6,0,Station,5,1,false,false,false,18,18,0,0,5,5,0,4
1,3703210,reservation,1,111,8,6,0,Rail,1,0,false,false,false,0,0,7,7,2,2,0,0
1,3703210,reservation,2,249,98,15,6,Rail,1,0,false,false,false,64,64,1,1,66,66,0,0
1,3703210,reservation,3,249,96,15,6,Rail,1,0,false,false,false,0,0,1,1,2,2,0,0
1,3703211,landscape,0,68,84,4,5,Grass,0,3,true,true,true,2,3,0,0,239,15,4,4
1,3703211,landscape,1,217,16,13,1,Grass,0,3,true,true,true,100,101,12,12,239,15,0,0
1,3703211,signal,0,13,38,0,2,Rail,1,0,false,false,false,128,128,131,131,65,65,0,0
1,3703211,airport_animation,0,182,128,11,8,Airport,5,2,false,false,false,192,192,0,0,73,73,11,11
1,3703211,reservation,0,14,38,0,2,Station,5,0,false,false,false,22,22,0,0,0,0,4,4
1,3703211,reservation,1,13,38,0,2,Rail,1,0,false,false,false,128,128,131,131,65,65,0,0
1,3703211,reservation,2,15,38,0,2,Station,5,1,false,false,false,178,178,0,0,6,6,4,4
1,3703211,reservation,3,12,38,0,2,Rail,1,4,false,false,false,0,0,8,8,16,16,0,0
1,3703211,reservation,4,15,38,0,2,Station,5,1,false,false,false,178,178,0,0,6,6,4,4
1,3703211,reservation,5,13,38,0,2,Rail,1,0,false,false,false,128,128,131,131,65,65,0,0
1,3703211,reservation,6,14,38,0,2,Station,5,0,false,false,false,22,22,0,0,0,0,4,4
1,3703212,landscape,0,215,38,13,2,Grass,0,3,true,true,true,3,4,0,0,239,15,0,0
1,3703212,landscape,1,65,59,4,3,Grass,0,3,true,true,true,8,0,0,0,239,15,0,0
1,3703212,signal,0,160,85,10,5,Rail,1,0,false,false,false,128,128,246,6,66,66,0,0
1,3703212,reservation,0,158,91,9,5,Rail,1,3,false,false,false,0,0,1,1,12,12,0,0
1,3703212,reservation,1,157,91,9,5,Rail,1,3,false,false,false,0,0,1,1,12,12,0,0
1,3703212,reservation,2,159,91,9,5,Rail,1,3,false,false,false,0,0,1,1,12,12,0,0
1,3703212,reservation,3,156,91,9,5,Rail,1,0,false,false,false,0,0,2,2,1,1,0,0
1,3703212,reservation,4,155,91,9,5,Rail,1,0,false,false,false,64,64,66,2,65,65,0,0
1,3703212,reservation,5,154,91,9,5,Rail,1,0,false,false,false,0,0,2,2,1,1,0,0
1,3703212,reservation,6,153,91,9,5,Rail,1,0,false,false,false,0,0,2,2,1,1,0,0
1,3703212,reservation,7,152,91,9,5,Rail,1,0,false,false,false,0,0,2,2,1,1,0,0
1,3703212,reservation,8,151,91,9,5,Rail,1,0,false,false,false,0,0,2,2,1,1,0,0
1,3703212,reservation,9,150,91,9,5,Rail,1,2,false,false,false,0,0,11,11,8,8,0,0
1,3703212,reservation,10,163,56,10,3,Rail,1,0,false,false,false,0,0,1,1,2,2,0,0
1,3703212,reservation,11,41,91,2,5,Rail,1,4,false,false,false,0,0,1,1,48,48,0,0
1,3703212,reservation,12,159,91,9,5,Rail,1,3,false,false,false,0,0,1,1,12,12,0,0
1,3703212,reservation,13,160,91,10,5,Rail,1,1,false,false,false,0,0,10,10,4,4,0,0
1,3703212,reservation,14,163,50,10,3,Station,5,0,false,false,false,230,230,0,0,3,3,0,4
1,3703212,reservation,15,158,91,9,5,Rail,1,3,false,false,false,0,0,1,1,12,12,0,0
1,3703212,reservation,16,163,54,10,3,Station,5,0,false,false,false,198,198,0,0,1,1,4,0
1,3703212,reservation,17,173,74,10,4,Rail,1,1,false,false,false,0,0,6,6,6,6,0,0
1,3703213,landscape,0,213,38,13,2,Grass,0,3,true,true,true,3,4,0,0,239,15,0,0
1,3703213,airport_animation,0,8,190,0,11,Airport,5,4,false,false,false,96,96,0,0,51,51,11,11
1,3703213,airport_animation,1,19,33,1,2,Airport,5,4,false,false,false,48,48,0,0,51,51,11,11
1,3703213,airport_animation,2,181,120,11,7,Airport,5,5,false,false,false,96,96,0,0,52,52,11,11
1,3703213,airport_animation,3,182,128,11,8,Airport,5,2,false,false,false,192,192,0,0,73,73,11,11
1,3703213,reservation,0,14,174,0,10,Rail,1,2,false,false,false,0,0,1,1,10,10,0,0
1,3703213,reservation,1,132,124,8,7,Station,5,1,false,false,false,98,98,0,0,6,6,4,0
1,3703213,reservation,2,165,51,10,3,Rail,1,0,false,false,false,0,0,1,1,2,2,0,0
1,3703213,reservation,3,165,57,10,3,Rail,1,0,false,false,false,0,0,6,6,2,2,0,0
1,3703213,reservation,4,191,228,11,14,Rail,1,0,false,false,false,0,0,3,3,1,1,0,0
1,3703213,reservation,5,22,192,1,12,Rail,1,4,false,false,false,0,0,8,8,16,16,0,0
1,3703214,landscape,0,67,87,4,5,Grass,0,3,true,true,true,2,3,4,4,239,15,0,0
1,3703214,landscape,1,209,36,13,2,Grass,0,3,true,true,true,98,99,12,12,239,15,0,0
1,3703214,reservation,0,179,127,11,7,Rail,1,0,false,false,false,0,0,1,1,1,1,0,0
1,3703214,reservation,1,178,127,11,7,Rail,1,0,false,false,false,0,0,1,1,1,1,0,0
1,3703214,reservation,2,73,59,4,3,Rail,1,0,false,false,false,128,128,3,3,65,65,0,0
1,3703214,reservation,3,72,59,4,3,Rail,1,0,false,false,false,0,0,3,3,1,1,0,0
1,3703214,reservation,4,71,59,4,3,Rail,1,1,false,false,false,0,0,3,3,5,5,0,0
1,3703214,reservation,5,70,59,4,3,Rail,1,3,false,false,false,64,64,65,1,76,76,0,0
1,3703214,reservation,6,69,59,4,3,Rail,1,2,false,false,false,0,0,11,11,8,8,0,0
1,3703214,reservation,7,178,127,11,7,Rail,1,0,false,false,false,0,0,1,1,1,1,0,0
1,3703214,reservation,8,177,127,11,7,Rail,1,0,false,false,false,0,0,1,1,1,1,0,0
1,3703214,reservation,9,176,127,11,7,Rail,1,4,false,false,false,0,0,1,1,48,48,0,0
1,3703214,reservation,10,175,127,10,7,Rail,1,4,false,false,false,0,0,8,8,16,16,0,0
1,3703214,reservation,11,43,95,2,5,Rail,1,0,false,false,false,0,0,6,6,2,2,0,0
1,3703214,reservation,12,72,59,4,3,Rail,1,0,false,false,false,0,0,3,3,1,1,0,0
1,3703214,reservation,13,179,127,11,7,Rail,1,0,false,false,false,0,0,1,1,1,1,0,0
1,3703214,reservation,14,73,59,4,3,Rail,1,0,false,false,false,128,128,3,3,65,65,0,0
1,3703215,landscape,0,201,51,12,3,Grass,0,3,true,true,true,0,1,0,0,239,15,0,0
1,3703215,airport_animation,0,182,128,11,8,Airport,5,2,false,false,false,192,192,0,0,73,73,11,11
1,3703215,reservation,0,217,99,13,6,Rail,1,0,false,false,false,0,0,4,4,1,1,0,0
1,3703215,reservation,1,248,117,15,7,Rail,1,0,false,false,false,0,0,6,6,2,2,0,0
1,3703215,reservation,2,250,154,15,9,Station,5,1,false,false,false,82,82,0,0,5,5,4,0
1,3703216,landscape,0,70,89,4,5,Grass,0,3,true,true,true,101,102,12,12,239,15,0,0
1,3703216,reservation,0,49,78,3,4,Rail,1,0,false,false,false,0,0,2,2,1,1,0,0
1,3703217,landscape,0,70,87,4,5,Grass,0,3,true,true,true,101,102,0,0,239,15,0,0
1,3703217,airport_animation,0,8,190,0,11,Airport,5,4,false,false,false,96,96,0,0,51,51,11,11
1,3703217,airport_animation,1,19,33,1,2,Airport,5,4,false,false,false,48,48,0,0,51,51,11,11
1,3703217,airport_animation,2,181,120,11,7,Airport,5,5,false,false,false,96,96,0,0,52,52,11,11
1,3703217,airport_animation,3,182,128,11,8,Airport,5,2,false,false,false,192,192,0,0,73,73,11,11
1,3703217,reservation,0,147,81,9,5,Station,5,0,false,false,false,54,54,0,0,0,0,4,0
1,3703218,landscape,0,66,59,4,3,Grass,0,3,true,true,true,8,0,0,0,239,15,0,0
1,3703218,reservation,0,252,152,15,9,Rail,1,0,false,false,false,0,0,1,1,32,32,0,0
1,3703218,reservation,1,251,152,15,9,Rail,1,4,false,false,false,0,0,1,1,18,18,0,0
1,3703218,reservation,2,32,209,2,13,Station,5,0,false,false,false,54,54,0,0,1,1,0,4
1,3703218,reservation,3,32,207,2,12,Station,5,0,false,false,false,214,214,0,0,3,3,0,4
1,3703218,reservation,4,103,80,6,5,Rail,1,0,false,false,false,64,64,2,2,65,65,0,0
1,3703218,reservation,5,251,152,15,9,Rail,1,4,false,false,false,0,0,1,1,18,18,0,0
1,3703218,reservation,6,205,104,12,6,Rail,1,0,false,false,false,0,0,6,6,2,2,0,0
1,3703218,reservation,7,32,210,2,13,Station,5,0,false,false,false,150,150,0,0,1,1,0,4
1,3703218,reservation,8,252,152,15,9,Rail,1,0,false,false,false,0,0,1,1,32,32,0,0
1,3703218,reservation,9,32,205,2,12,Station,5,0,false,false,false,230,230,0,0,1,1,0,4
1,3703218,reservation,10,32,206,2,12,Station,5,0,false,false,false,6,6,0,0,1,1,0,4
1,3703218,reservation,11,32,208,2,13,Station,5,0,false,false,false,54,54,0,0,1,1,0,4
1,3703218,reservation,12,109,80,6,5,Rail,1,1,false,false,false,0,0,1,1,5,5,0,0
1,3703218,reservation,13,109,79,6,4,Rail,1,2,false,false,false,0,0,11,11,8,8,0,0
1,3703219,landscape,0,6,84,0,5,Grass,0,3,true,true,true,4,5,12,12,239,15,0,0
1,3703219,landscape,1,236,233,14,14,House,3,0,false,false,false,0,0,0,0,3,0,0,0
1,3703219,airport_animation,0,182,128,11,8,Airport,5,2,false,false,false,192,192,0,0,73,73,11,11
1,3703219,reservation,0,109,80,6,5,Rail,1,1,false,false,false,0,0,1,1,5,5,0,0
1,3703219,reservation,1,160,48,10,3,Rail,1,2,false,false,false,0,0,11,11,8,8,0,0
1,3703219,reservation,2,160,49,10,3,Rail,1,1,false,false,false,0,0,10,10,4,4,0,0
1,3703219,reservation,3,160,50,10,3,RailBridge,9,0,false,false,false,0,0,0,0,147,131,32,32
1,3703219,reservation,4,160,46,10,2,RailBridge,9,0,false,false,false,0,0,0,0,145,129,32,32
1,3703219,reservation,5,160,51,10,3,Rail,1,0,false,false,false,64,64,7,7,66,66,0,0
1,3703219,reservation,6,148,110,9,6,Rail,1,0,false,false,false,0,0,3,3,1,1,0,0
1,3703219,reservation,7,147,110,9,6,Rail,1,0,false,false,false,0,0,3,3,1,1,0,0
1,3703219,reservation,8,149,110,9,6,Rail,1,0,false,false,false,0,0,3,3,1,1,0,0
1,3703219,reservation,9,146,110,9,6,Rail,1,0,false,false,false,0,0,3,3,1,1,0,0
1,3703219,reservation,10,145,110,9,6,Rail,1,0,false,false,false,0,0,3,3,1,1,0,0
1,3703219,reservation,11,144,110,9,6,RailBridge,9,0,false,false,false,0,0,0,0,144,128,48,48
1,3703219,reservation,12,141,110,8,6,RailBridge,9,0,false,false,false,0,0,0,0,146,130,48,48
1,3703219,reservation,13,32,209,2,13,Station,5,0,false,false,false,54,54,0,0,1,1,4,0
1,3703219,reservation,14,109,80,6,5,Rail,1,1,false,false,false,0,0,1,1,5,5,0,0
1,3703219,reservation,15,146,110,9,6,Rail,1,0,false,false,false,0,0,3,3,1,1,0,0
1,3703219,reservation,16,32,208,2,13,Station,5,0,false,false,false,54,54,0,0,1,1,4,0
1,3703219,reservation,17,163,136,10,8,Rail,1,0,false,false,false,0,0,5,5,2,2,0,0
1,3703219,reservation,18,173,79,10,4,Station,5,1,false,false,false,34,34,0,0,7,7,4,0
1,3703219,reservation,19,160,48,10,3,Rail,1,2,false,false,false,0,0,11,11,8,8,0,0
1,3703219,reservation,20,32,206,2,12,Station,5,0,false,false,false,6,6,0,0,1,1,4,0
1,3703219,reservation,21,147,110,9,6,Rail,1,0,false,false,false,0,0,3,3,1,1,0,0
1,3703219,reservation,22,148,110,9,6,Rail,1,0,false,false,false,0,0,3,3,1,1,0,0
1,3703219,reservation,23,32,210,2,13,Station,5,0,false,false,false,150,150,0,0,1,1,4,0
1,3703219,reservation,24,145,110,9,6,Rail,1,0,false,false,false,0,0,3,3,1,1,0,0
1,3703219,reservation,25,32,205,2,12,Station,5,0,false,false,false,230,230,0,0,1,1,4,0
1,3703219,reservation,26,32,207,2,12,Station,5,0,false,false,false,214,214,0,0,3,3,4,0
1,3703219,reservation,27,149,110,9,6,Rail,1,0,false,false,false,0,0,3,3,1,1,0,0
1,3703220,landscape,0,79,78,4,4,Grass,0,3,true,true,true,38,39,4,4,239,15,0,0
1,3703220,landscape,1,61,80,3,5,Grass,0,3,true,true,true,6,7,0,0,239,15,0,0
1,3703220,landscape,2,211,36,13,2,Grass,0,3,true,true,true,2,3,0,0,239,15,0,0
1,3703220,reservation,0,109,80,6,5,Rail,1,1,false,false,false,0,0,1,1,5,5,0,0
1,3703220,reservation,1,199,228,12,14,Rail,1,0,false,false,false,0,0,1,1,33,33,0,0
1,3703220,reservation,2,109,80,6,5,Rail,1,1,false,false,false,0,0,1,1,5,5,0,0
1,3703220,reservation,3,137,124,8,7,Rail,1,0,false,false,false,128,128,3,3,65,65,0,0
1,3703221,landscape,0,66,55,4,3,Grass,0,3,true,true,true,8,0,0,0,239,15,8,8
1,3703221,landscape,1,212,37,13,2,Grass,0,3,true,true,true,195,196,0,0,239,15,24,24
1,3703221,landscape,2,198,49,12,3,Grass,0,3,true,true,true,192,193,0,0,239,15,0,0
1,3703221,signal,0,18,233,1,14,Rail,1,0,false,false,false,64,64,6,70,66,66,0,0
1,3703221,airport_animation,0,8,190,0,11,Airport,5,4,false,false,false,96,96,0,0,51,51,11,11
1,3703221,airport_animation,1,19,33,1,2,Airport,5,4,false,false,false,48,48,0,0,51,51,11,11
1,3703221,airport_animation,2,181,120,11,7,Airport,5,5,false,false,false,96,96,0,0,52,52,11,11
1,3703221,airport_animation,3,182,128,11,8,Airport,5,2,false,false,false,192,192,0,0,73,73,11,11
1,3703221,reservation,0,109,80,6,5,Rail,1,1,false,false,false,0,0,1,1,5,5,0,0
1,3703221,reservation,1,13,61,0,3,Rail,1,3,false,false,false,0,0,1,1,12,12,0,0
1,3703221,reservation,2,12,61,0,3,Rail,1,2,false,false,false,0,0,5,5,10,10,0,0
1,3703221,reservation,3,14,61,0,3,Rail,1,1,false,false,false,0,0,10,10,4,4,0,0
1,3703221,reservation,4,109,80,6,5,Rail,1,1,false,false,false,0,0,1,1,5,5,0,0
1,3703221,reservation,5,14,61,0,3,Rail,1,1,false,false,false,0,0,10,10,4,4,0,0
1,3703221,reservation,6,250,149,15,9,Rail,1,0,false,false,false,0,0,5,5,2,2,0,0
1,3703221,reservation,7,13,61,0,3,Rail,1,3,false,false,false,0,0,1,1,12,12,0,0
1,3703222,industry,0,222,45,13,2,Industry,8,4,false,false,false,71,71,0,0,16,16,0,0
1,3703222,landscape,0,83,78,5,4,Grass,0,3,true,true,true,6,7,68,68,239,15,0,0
1,3703222,landscape,1,108,158,6,9,House,3,0,false,false,false,128,0,0,0,0,0,0,0
1,3703222,landscape,2,108,158,6,9,House,3,0,false,false,false,128,0,0,0,0,0,0,0
1,3703222,landscape,3,14,68,0,4,Grass,0,3,true,true,true,4,5,12,12,239,15,0,0
1,3703222,reservation,0,109,80,6,5,Rail,1,1,false,false,false,0,0,1,1,5,5,0,0
1,3703222,reservation,1,109,80,6,5,Rail,1,1,false,false,false,0,0,1,1,5,5,0,0
1,3703223,landscape,0,236,55,14,3,Grass,0,3,true,true,true,7,8,0,0,239,15,0,0
1,3703223,landscape,1,81,81,5,5,Grass,0,3,true,true,true,7,8,12,12,239,15,0,0
1,3703223,landscape,2,216,38,13,2,Grass,0,3,true,true,true,3,4,0,0,239,15,0,0
1,3703223,landscape,3,237,149,14,9,Road,2,1,false,false,false,0,0,0,0,4,5,16,16
1,3703223,signal,0,133,165,8,10,Rail,1,0,false,false,false,128,128,133,5,66,66,0,0
1,3703223,signal,1,18,233,1,14,Rail,1,0,false,false,false,64,64,70,6,66,66,0,0
1,3703223,airport_animation,0,182,128,11,8,Airport,5,2,false,false,false,192,192,0,0,73,73,11,11
1,3703223,reservation,0,109,80,6,5,Rail,1,1,false,false,false,0,0,1,1,5,5,0,0
1,3703223,reservation,1,109,80,6,5,Rail,1,1,false,false,false,0,0,1,1,5,5,0,0
1,3703223,reservation,2,133,161,8,10,Station,5,1,false,false,false,130,130,0,0,5,5,0,4
1,3703224,landscape,0,223,18,13,1,Grass,0,3,true,true,true,34,35,96,96,239,15,0,0
1,3703224,reservation,0,18,229,1,14,Station,5,1,false,false,false,146,146,0,0,7,7,4,0
1,3703224,reservation,1,18,230,1,14,Station,5,1,false,false,false,242,242,0,0,7,7,4,0
1,3703224,reservation,2,109,80,6,5,Rail,1,1,false,false,false,0,0,1,1,5,5,0,0
1,3703224,reservation,3,18,231,1,14,Station,5,1,false,false,false,162,162,0,0,7,7,4,0
1,3703224,reservation,4,141,80,8,5,RailBridge,9,4,false,false,false,0,0,0,0,130,146,36,36
1,3703224,reservation,5,143,80,8,5,RailBridge,9,4,false,false,false,0,0,0,0,128,144,36,36
1,3703224,reservation,6,109,80,6,5,Rail,1,1,false,false,false,0,0,1,1,5,5,0,0
1,3703224,reservation,7,197,98,12,6,Station,5,1,false,false,false,34,34,0,0,4,4,0,4
1,3703225,signal,0,55,78,3,4,Rail,1,0,false,false,false,64,64,242,66,65,65,0,0
1,3703225,airport_animation,0,8,190,0,11,Airport,5,4,false,false,false,96,96,0,0,51,51,11,11
1,3703225,airport_animation,1,19,33,1,2,Airport,5,4,false,false,false,48,48,0,0,51,51,11,11
1,3703225,airport_animation,2,181,120,11,7,Airport,5,5,false,false,false,96,96,0,0,52,52,11,11
1,3703225,airport_animation,3,182,128,11,8,Airport,5,2,false,false,false,192,192,0,0,73,73,11,11
1,3703225,reservation,0,109,80,6,5,Rail,1,1,false,false,false,0,0,1,1,5,5,0,0
1,3703225,reservation,1,152,81,9,5,Rail,1,4,false,false,false,0,0,1,1,17,17,0,0
1,3703225,reservation,2,109,80,6,5,Rail,1,1,false,false,false,0,0,1,1,5,5,0,0
1,3703225,reservation,3,55,78,3,4,Rail,1,0,false,false,false,64,64,242,66,65,65,0,0
1,3703226,industry,0,233,246,14,15,Industry,8,4,false,false,false,205,205,0,0,16,16,0,0
1,3703226,landscape,0,201,49,12,3,Grass,0,3,true,true,true,0,1,0,0,239,15,0,0
1,3703226,reservation,0,109,80,6,5,Rail,1,1,false,false,false,0,0,1,1,5,5,0,0
1,3703226,reservation,1,109,80,6,5,Rail,1,1,false,false,false,0,0,1,1,5,5,0,0
1,3703226,reservation,2,248,97,15,6,Rail,1,0,false,false,false,128,128,129,129,66,66,0,0
1,3703226,reservation,3,190,228,11,14,Rail,1,0,false,false,false,0,0,3,3,1,1,0,0
1,3703227,industry,0,224,46,14,2,Industry,8,4,false,false,false,125,125,0,0,16,16,0,0
1,3703227,industry,1,230,247,14,15,Industry,8,4,false,false,false,241,241,0,0,16,16,0,0
1,3703227,landscape,0,63,58,3,3,Grass,0,3,true,true,true,40,32,0,0,239,15,0,0
1,3703227,landscape,1,80,80,5,5,Grass,0,3,true,true,true,7,8,0,0,239,15,0,0
1,3703227,signal,0,250,153,15,9,Rail,1,0,false,false,false,64,64,69,69,66,66,0,0
1,3703227,airport_animation,0,182,128,11,8,Airport,5,2,false,false,false,192,192,0,0,73,73,11,11
1,3703227,reservation,0,109,80,6,5,Rail,1,1,false,false,false,0,0,1,1,5,5,0,0
1,3703227,reservation,1,146,84,9,5,Station,5,0,false,false,false,150,150,0,0,0,0,0,4
1,3703227,reservation,2,150,84,9,5,Station,5,1,false,false,false,146,146,0,0,4,4,0,4
1,3703227,reservation,3,151,84,9,5,Station,5,0,false,false,false,246,246,0,0,0,0,0,4
1,3703227,reservation,4,147,84,9,5,Station,5,1,false,false,false,66,66,0,0,4,4,0,4
1,3703227,reservation,5,149,84,9,5,Station,5,1,false,false,false,162,162,0,0,4,4,0,4
1,3703227,reservation,6,109,80,6,5,Rail,1,1,false,false,false,0,0,1,1,5,5,0,0
1,3703227,reservation,7,148,84,9,5,Station,5,1,false,false,false,162,162,0,0,4,4,0,4
1,3703227,reservation,8,172,80,10,5,Station,5,0,false,false,false,86,86,0,0,1,1,0,4
1,3703227,reservation,9,250,153,15,9,Rail,1,0,false,false,false,64,64,69,69,66,66,0,0
1,3703227,reservation,10,133,124,8,7,Station,5,1,false,false,false,82,82,0,0,6,6,4,0
1,3703228,landscape,0,6,83,0,5,Grass,0,3,true,true,true,4,5,96,96,239,15,12,12
1,3703228,landscape,1,78,77,4,4,Grass,0,3,true,true,true,7,8,0,0,239,15,12,12
1,3703228,reservation,0,208,16,13,1,Station,5,1,false,false,false,114,114,0,0,4,4,0,0
1,3703228,reservation,1,209,16,13,1,Station,5,1,false,false,false,18,18,0,0,4,4,0,0
1,3703228,reservation,2,206,16,12,1,Station,5,1,false,false,false,18,18,0,0,4,4,0,0
1,3703228,reservation,3,211,16,13,1,Station,5,1,false,false,false,226,226,0,0,4,4,0,0
1,3703228,reservation,4,207,16,12,1,Station,5,1,false,false,false,98,98,0,0,4,4,0,0
1,3703228,reservation,5,210,16,13,1,Station,5,1,false,false,false,210,210,0,0,4,4,0,0
1,3703228,reservation,6,205,16,12,1,Station,5,1,false,false,false,146,146,0,0,4,4,0,0
1,3703228,reservation,7,212,16,13,1,Station,5,0,false,false,false,246,246,0,0,0,0,0,0
1,3703228,reservation,8,109,80,6,5,Rail,1,1,false,false,false,0,0,1,1,5,5,0,0
1,3703228,reservation,9,204,16,12,1,Station,5,0,false,false,false,86,86,0,0,0,0,0,0
1,3703228,reservation,10,109,80,6,5,Rail,1,1,false,false,false,0,0,1,1,5,5,0,0
1,3703228,reservation,11,208,16,13,1,Station,5,1,false,false,false,114,114,0,0,4,4,0,0
1,3703228,reservation,12,151,84,9,5,Station,5,0,false,false,false,246,246,0,0,0,0,4,0
1,3703228,reservation,13,204,16,12,1,Station,5,0,false,false,false,86,86,0,0,0,0,0,0
1,3703228,reservation,14,149,84,9,5,Station,5,1,false,false,false,162,162,0,0,4,4,4,0
1,3703228,reservation,15,150,84,9,5,Station,5,1,false,false,false,146,146,0,0,4,4,4,0
1,3703228,reservation,16,206,16,12,1,Station,5,1,false,false,false,18,18,0,0,4,4,0,0
1,3703228,reservation,17,212,16,13,1,Station,5,0,false,false,false,246,246,0,0,0,0,0,0
1,3703228,reservation,18,209,16,13,1,Station,5,1,false,false,false,18,18,0,0,4,4,0,0
1,3703228,reservation,19,148,84,9,5,Station,5,1,false,false,false,162,162,0,0,4,4,4,0
1,3703228,reservation,20,210,16,13,1,Station,5,1,false,false,false,210,210,0,0,4,4,0,0
1,3703228,reservation,21,205,16,12,1,Station,5,1,false,false,false,146,146,0,0,4,4,0,0
1,3703228,reservation,22,207,16,12,1,Station,5,1,false,false,false,98,98,0,0,4,4,0,0
1,3703228,reservation,23,146,84,9,5,Station,5,0,false,false,false,150,150,0,0,0,0,4,0
1,3703228,reservation,24,147,84,9,5,Station,5,1,false,false,false,66,66,0,0,4,4,4,0
1,3703228,reservation,25,211,16,13,1,Station,5,1,false,false,false,226,226,0,0,4,4,0,0
1,3703229,landscape,0,68,76,4,4,Grass,0,3,true,true,true,2,3,96,96,239,15,12,12
1,3703229,landscape,1,74,86,4,5,Grass,0,3,true,true,true,5,6,96,96,239,15,0,0
1,3703229,airport_animation,0,8,190,0,11,Airport,5,4,false,false,false,96,96,0,0,51,51,11,11
1,3703229,airport_animation,1,19,33,1,2,Airport,5,4,false,false,false,48,48,0,0,51,51,11,11
1,3703229,airport_animation,2,181,120,11,7,Airport,5,5,false,false,false,96,96,0,0,52,52,11,11
1,3703229,airport_animation,3,182,128,11,8,Airport,5,2,false,false,false,192,192,0,0,73,73,11,11
1,3703229,reservation,0,109,80,6,5,Rail,1,1,false,false,false,0,0,1,1,5,5,0,0
1,3703229,reservation,1,251,152,15,9,Rail,1,4,false,false,false,0,0,1,1,18,18,0,0
1,3703229,reservation,2,252,152,15,9,Rail,1,0,false,false,false,0,0,1,1,32,32,0,0
1,3703229,reservation,3,252,152,15,9,Rail,1,0,false,false,false,0,0,1,1,32,32,0,0
1,3703229,reservation,4,109,80,6,5,Rail,1,1,false,false,false,0,0,1,1,5,5,0,0
1,3703229,reservation,5,162,60,10,3,Rail,1,3,false,false,false,0,0,1,1,12,12,0,0
1,3703229,reservation,6,248,114,15,7,Rail,1,0,false,false,false,0,0,6,6,2,2,0,0
1,3703229,reservation,7,162,52,10,3,Rail,1,0,false,false,false,0,0,1,1,2,2,0,0
1,3703229,reservation,8,43,96,2,6,Rail,1,0,false,false,false,0,0,6,6,2,2,0,0
1,3703229,reservation,9,249,98,15,6,Rail,1,0,false,false,false,64,64,1,1,66,66,0,0
1,3703229,reservation,10,251,152,15,9,Rail,1,4,false,false,false,0,0,1,1,18,18,0,0
1,3703230,landscape,0,73,86,4,5,Grass,0,3,true,true,true,5,6,0,0,239,15,0,0
1,3703230,reservation,0,109,80,6,5,Rail,1,1,false,false,false,0,0,1,1,5,5,0,0
1,3703230,reservation,1,134,228,8,14,Rail,1,0,false,false,false,0,0,5,5,2,2,0,0
1,3703230,reservation,2,134,229,8,14,Rail,1,0,false,false,false,0,0,5,5,2,2,0,0
1,3703230,reservation,3,134,230,8,14,Rail,1,3,false,false,false,0,0,1,1,12,12,0,0
1,3703230,reservation,4,134,231,8,14,Rail,1,1,false,false,false,0,0,10,10,4,4,0,0
1,3703230,reservation,5,134,227,8,14,Rail,1,2,false,false,false,0,0,11,11,8,8,0,0
1,3703230,reservation,6,216,99,13,6,Rail,1,0,false,false,false,0,0,4,4,1,1,0,0
1,3703230,reservation,7,134,228,8,14,Rail,1,0,false,false,false,0,0,5,5,2,2,0,0
1,3703230,reservation,8,134,229,8,14,Rail,1,0,false,false,false,0,0,5,5,2,2,0,0
1,3703230,reservation,9,134,230,8,14,Rail,1,3,false,false,false,0,0,1,1,12,12,0,0
1,3703230,reservation,10,109,80,6,5,Rail,1,1,false,false,false,0,0,1,1,5,5,0,0
1,3703231,landscape,0,239,53,14,3,Grass,0,3,true,true,true,7,8,0,0,239,15,0,0
1,3703231,airport_animation,0,182,128,11,8,Airport,5,2,false,false,false,192,192,0,0,73,73,11,11
1,3703231,reservation,0,109,80,6,5,Rail,1,1,false,false,false,0,0,1,1,5,5,0,0
1,3703231,reservation,1,109,80,6,5,Rail,1,1,false,false,false,0,0,1,1,5,5,0,0
1,3703232,reservation,0,109,80,6,5,Rail,1,1,false,false,false,0,0,1,1,5,5,0,0
1,3703232,reservation,1,140,149,8,9,Rail,1,5,false,false,false,0,0,1,1,21,21,0,0
1,3703232,reservation,2,141,149,8,9,RailBridge,9,4,false,false,false,0,0,0,0,146,146,44,44
1,3703232,reservation,3,149,149,9,9,RailBridge,9,4,false,false,false,0,0,0,0,144,144,44,44
1,3703232,reservation,4,14,61,0,3,Rail,1,1,false,false,false,0,0,10,10,4,4,0,0
1,3703232,reservation,5,13,61,0,3,Rail,1,3,false,false,false,0,0,1,1,12,12,0,0
1,3703232,reservation,6,148,81,9,5,Station,5,0,false,false,false,214,214,0,0,2,2,4,0
1,3703232,reservation,7,163,58,10,3,Rail,1,0,false,false,false,64,64,1,1,66,66,0,0
1,3703232,reservation,8,13,61,0,3,Rail,1,3,false,false,false,0,0,1,1,12,12,0,0
1,3703232,reservation,9,104,80,6,5,Rail,1,0,false,false,false,0,0,2,2,1,1,0,0
1,3703232,reservation,10,14,61,0,3,Rail,1,1,false,false,false,0,0,10,10,4,4,0,0
1,3703232,reservation,11,141,149,8,9,RailBridge,9,4,false,false,false,0,0,0,0,146,146,44,44
1,3703232,reservation,12,149,149,9,9,RailBridge,9,4,false,false,false,0,0,0,0,144,144,44,44
1,3703232,reservation,13,163,56,10,3,Rail,1,0,false,false,false,0,0,1,1,2,2,0,0
1,3703232,reservation,14,109,80,6,5,Rail,1,1,false,false,false,0,0,1,1,5,5,0,0
1,3703232,reservation,15,140,149,8,9,Rail,1,5,false,false,false,0,0,1,1,21,21,0,0
1,3703232,reservation,16,12,61,0,3,Rail,1,2,false,false,false,0,0,5,5,10,10,0,0
1,3703232,reservation,17,173,78,10,4,Station,5,1,false,false,false,82,82,0,0,7,7,4,0
2,3703193,landscape,0,197,41,12,2,Grass,0,3,true,true,true,0,1,0,0,239,15,0,0
2,3703193,landscape,1,68,82,4,5,Grass,0,3,true,true,true,168,160,20,20,239,15,0,0
2,3703193,airport_animation,0,8,190,0,11,Airport,5,4,false,false,false,96,96,0,0,51,51,11,11
2,3703193,airport_animation,1,19,33,1,2,Airport,5,4,false,false,false,48,48,0,0,51,51,11,11
2,3703193,airport_animation,2,181,120,11,7,Airport,5,5,false,false,false,96,96,0,0,52,52,11,11
2,3703193,airport_animation,3,182,128,11,8,Airport,5,2,false,false,false,192,192,0,0,73,73,11,11
2,3703193,reservation,0,234,117,14,7,Rail,1,0,false,false,false,0,0,3,3,1,1,0,0
2,3703193,reservation,1,201,228,12,14,Rail,1,0,false,false,false,0,0,1,1,1,1,0,0
2,3703194,landscape,0,214,42,13,2,Grass,0,3,true,true,true,3,4,12,12,239,15,0,0
2,3703194,landscape,1,248,37,15,2,Grass,0,3,true,true,true,8,0,20,20,239,15,12,12
2,3703194,signal,0,80,57,5,3,Rail,1,0,false,false,false,64,64,50,2,65,65,0,0
2,3703194,reservation,0,84,53,5,3,Station,5,1,false,false,false,242,242,0,0,5,5,0,4
2,3703194,reservation,1,14,174,0,10,Rail,1,2,false,false,false,0,0,1,1,10,10,0,0
2,3703194,reservation,2,84,51,5,3,Station,5,1,false,false,false,66,66,0,0,5,5,0,4
2,3703194,reservation,3,84,55,5,3,Station,5,0,false,false,false,118,118,0,0,1,1,0,4
2,3703194,reservation,4,84,54,5,3,Station,5,1,false,false,false,226,226,0,0,5,5,0,4
2,3703194,reservation,5,75,59,4,3,Station,5,1,false,false,false,194,194,0,0,6,6,4,0
2,3703194,reservation,6,84,50,5,3,Station,5,0,false,false,false,6,6,0,0,1,1,0,4
2,3703194,reservation,7,14,176,0,11,Rail,1,0,false,false,false,0,0,1,1,2,2,0,0
2,3703194,reservation,8,84,52,5,3,Station,5,1,false,false,false,210,210,0,0,5,5,0,4
2,3703195,landscape,0,223,19,13,1,Grass,0,3,true,true,true,66,67,108,108,239,15,0,0
2,3703195,landscape,1,77,78,4,4,Grass,0,3,true,true,true,7,8,0,0,239,15,0,0
2,3703195,signal,0,250,104,15,6,Rail,1,0,false,false,false,128,128,6,134,66,66,0,0
2,3703195,airport_animation,0,182,128,11,8,Airport,5,2,false,false,false,192,192,0,0,73,73,11,11
2,3703195,reservation,0,252,152,15,9,Rail,1,0,false,false,false,0,0,1,1,32,32,0,0
2,3703195,reservation,1,251,152,15,9,Rail,1,4,false,false,false,0,0,1,1,18,18,0,0
2,3703195,reservation,2,84,51,5,3,Station,5,1,false,false,false,66,66,0,0,5,5,4,0
2,3703195,reservation,3,84,52,5,3,Station,5,1,false,false,false,210,210,0,0,5,5,4,0
2,3703195,reservation,4,250,102,15,6,Rail,1,0,false,false,false,0,0,6,6,2,2,0,0
2,3703195,reservation,5,108,80,6,5,Rail,1,0,false,false,false,64,64,66,66,65,65,0,0
2,3703195,reservation,6,251,152,15,9,Rail,1,4,false,false,false,0,0,1,1,18,18,0,0
2,3703195,reservation,7,84,55,5,3,Station,5,0,false,false,false,118,118,0,0,1,1,4,0
2,3703195,reservation,8,250,151,15,9,Rail,1,4,false,false,false,0,0,5,5,18,18,0,0
2,3703195,reservation,9,84,53,5,3,Station,5,1,false,false,false,242,242,0,0,5,5,4,0
2,3703195,reservation,10,84,50,5,3,Station,5,0,false,false,false,6,6,0,0,1,1,4,0
2,3703195,reservation,11,252,152,15,9,Rail,1,0,false,false,false,0,0,1,1,32,32,0,0
2,3703195,reservation,12,84,54,5,3,Station,5,1,false,false,false,226,226,0,0,5,5,4,0
2,3703196,landscape,0,236,53,14,3,Grass,0,3,true,true,true,7,8,0,0,239,15,0,0
2,3703196,reservation,0,205,106,12,6,Station,5,1,false,false,false,210,210,0,0,7,7,4,0
2,3703196,reservation,1,165,55,10,3,Rail,1,0,false,false,false,0,0,1,1,2,2,0,0
2,3703197,landscape,0,208,44,13,2,Grass,0,3,true,true,true,5,6,24,24,239,15,0,0
2,3703197,signal,0,133,165,8,10,Rail,1,0,false,false,false,128,128,5,133,66,66,0,0
2,3703197,airport_animation,0,8,190,0,11,Airport,5,4,false,false,false,96,96,0,0,51,51,11,11
2,3703197,airport_animation,1,19,33,1,2,Airport,5,4,false,false,false,48,48,0,0,51,51,11,11
2,3703197,airport_animation,2,181,120,11,7,Airport,5,5,false,false,false,96,96,0,0,52,52,11,11
2,3703197,airport_animation,3,182,128,11,8,Airport,5,2,false,false,false,192,192,0,0,73,73,11,11
2,3703197,reservation,0,218,99,13,6,Rail,1,0,false,false,false,0,0,4,4,1,1,0,0
2,3703197,reservation,1,64,170,4,10,Rail,1,0,false,false,false,0,0,9,9,32,32,0,0
2,3703198,landscape,0,72,88,4,5,Grass,0,3,true,true,true,5,6,0,0,239,15,0,0
2,3703198,reservation,0,149,164,9,10,Rail,1,4,false,false,false,0,0,1,1,48,48,0,0
2,3703198,reservation,1,149,163,9,10,Rail,1,0,false,false,false,0,0,6,6,2,2,0,0
2,3703198,reservation,2,149,162,9,10,Rail,1,0,false,false,false,0,0,6,6,2,2,0,0
2,3703198,reservation,3,82,237,5,14,Rail,1,3,false,false,false,0,0,1,1,12,12,0,0
2,3703198,reservation,4,81,237,5,14,Rail,1,2,false,false,false,0,0,11,11,8,8,0,0
2,3703198,reservation,5,83,237,5,14,Rail,1,0,false,false,false,0,0,1,1,1,1,0,0
2,3703198,reservation,6,150,91,9,5,Rail,1,2,false,false,false,0,0,11,11,8,8,0,0
2,3703198,reservation,7,186,131,11,8,Station,5,0,false,false,false,22,22,0,0,0,0,4,0
2,3703198,reservation,8,82,237,5,14,Rail,1,3,false,false,false,0,0,1,1,12,12,0,0
2,3703198,reservation,9,173,75,10,4,Rail,1,0,false,false,false,0,0,6,6,2,2,0,0
2,3703198,reservation,10,131,124,8,7,Station,5,0,false,false,false,22,22,0,0,0,0,4,0
2,3703198,reservation,11,81,237,5,14,Rail,1,2,false,false,false,0,0,11,11,8,8,0,0
2,3703198,reservation,12,83,237,5,14,Rail,1,0,false,false,false,0,0,1,1,1,1,0,0
2,3703198,reservation,13,162,51,10,3,Rail,1,0,false,false,false,0,0,5,5,2,2,0,0
2,3703198,reservation,14,162,59,10,3,Rail,1,3,false,false,false,0,0,1,1,12,12,0,0
2,3703198,reservation,15,48,78,3,4,Rail,1,0,false,false,false,0,0,2,2,1,1,0,0
2,3703199,landscape,0,60,80,3,5,Grass,0,3,true,true,true,166,167,0,0,239,15,0,0
2,3703199,landscape,1,56,81,3,5,Grass,0,3,true,true,true,5,6,0,0,239,15,20,20
2,3703199,landscape,2,64,58,4,3,Grass,0,3,true,true,true,8,0,0,0,239,15,0,0
2,3703199,airport_animation,0,182,128,11,8,Airport,5,2,false,false,false,192,192,0,0,73,73,11,11
2,3703199,reservation,0,185,27,11,1,Rail,1,2,false,false,false,0,0,11,11,8,8,0,0
2,3703199,reservation,1,186,27,11,1,Rail,1,3,false,false,false,0,0,1,1,12,12,0,0
2,3703199,reservation,2,185,27,11,1,Rail,1,2,false,false,false,0,0,11,11,8,8,0,0
2,3703199,reservation,3,43,94,2,5,Rail,1,0,false,false,false,0,0,6,6,2,2,0,0
2,3703199,reservation,4,186,27,11,1,Rail,1,3,false,false,false,0,0,1,1,12,12,0,0
2,3703199,reservation,5,187,27,11,1,Rail,1,1,false,false,false,0,0,10,10,4,4,0,0
2,3703200,landscape,0,69,86,4,5,Grass,0,3,true,true,true,2,3,0,0,239,15,0,0
2,3703200,landscape,1,7,195,0,12,House,3,0,false,false,false,128,0,0,0,0,0,0,0
2,3703200,landscape,2,7,195,0,12,House,3,0,false,false,false,128,0,0,0,0,0,0,0
2,3703200,landscape,3,238,54,14,3,Grass,0,3,true,true,true,7,8,0,0,239,15,0,0
2,3703200,landscape,4,177,197,11,12,Road,2,3,false,false,false,0,0,0,0,10,14,24,24
2,3703200,landscape,5,81,209,5,13,Road,2,2,false,false,false,0,240,0,0,3,10,0,0
2,3703200,signal,0,192,228,12,14,Rail,1,0,false,false,false,128,128,179,131,65,65,0,0
2,3703200,signal,1,70,59,4,3,Rail,1,3,false,false,false,64,64,1,65,76,76,0,0
2,3703200,reservation,0,69,59,4,3,Rail,1,2,false,false,false,0,0,11,11,8,8,0,0
2,3703200,reservation,1,210,227,13,14,Rail,1,0,false,false,false,0,0,2,2,1,1,0,0
2,3703200,reservation,2,192,228,12,14,Rail,1,0,false,false,false,128,128,179,131,65,65,0,0
2,3703200,reservation,3,248,113,15,7,Rail,1,0,false,false,false,0,0,6,6,2,2,0,0
2,3703200,reservation,4,211,227,13,14,Rail,1,0,false,false,false,0,0,2,2,1,1,0,0
2,3703200,reservation,5,248,117,15,7,Rail,1,0,false,false,false,0,0,6,6,2,2,0,0
2,3703200,reservation,6,212,227,13,14,Rail,1,0,false,false,false,64,64,66,2,65,65,0,0
2,3703200,reservation,7,248,115,15,7,Rail,1,0,false,false,false,0,0,6,6,2,2,0,0
2,3703200,reservation,8,209,227,13,14,Rail,1,0,false,false,false,0,0,2,2,1,1,0,0
2,3703201,landscape,0,205,10,12,0,Grass,0,3,true,true,true,163,164,20,20,239,15,12,12
2,3703201,landscape,1,240,54,15,3,Grass,0,3,true,true,true,7,8,0,0,239,15,0,0
2,3703201,landscape,2,5,84,0,5,Grass,0,3,true,true,true,100,101,12,12,239,15,0,0
2,3703201,signal,0,103,80,6,5,Rail,1,0,false,false,false,64,64,66,2,65,65,0,0
2,3703201,airport_animation,0,8,190,0,11,Airport,5,4,false,false,false,96,96,0,0,51,51,11,11
2,3703201,airport_animation,1,19,33,1,2,Airport,5,4,false,false,false,48,48,0,0,51,51,11,11
2,3703201,airport_animation,2,181,120,11,7,Airport,5,5,false,false,false,96,96,0,0,52,52,11,11
2,3703201,airport_animation,3,182,128,11,8,Airport,5,2,false,false,false,192,192,0,0,73,73,11,11
2,3703201,reservation,0,236,117,14,7,Station,5,0,false,false,false,134,134,0,0,2,2,4,4
2,3703201,reservation,1,235,117,14,7,Station,5,0,false,false,false,54,54,0,0,0,0,4,4
2,3703201,reservation,2,237,117,14,7,Station,5,0,false,false,false,118,118,0,0,0,0,4,0
2,3703201,reservation,3,238,117,14,7,Station,5,0,false,false,false,54,54,0,0,0,0,4,0
2,3703201,reservation,4,161,84,10,5,RailBridge,9,4,false,false,false,0,0,0,0,144,144,44,44
2,3703201,reservation,5,156,84,9,5,RailBridge,9,4,false,false,false,0,0,0,0,146,146,44,44
2,3703201,reservation,6,162,84,10,5,Rail,1,0,false,false,false,0,0,3,3,1,1,0,0
2,3703201,reservation,7,102,80,6,5,Rail,1,0,false,false,false,0,0,2,2,1,1,0,0
2,3703201,reservation,8,233,117,14,7,Rail,1,5,false,false,false,0,0,3,3,21,21,0,0
2,3703201,reservation,9,163,84,10,5,Rail,1,0,false,false,false,0,0,1,1,33,33,0,0
2,3703201,reservation,10,234,117,14,7,Rail,1,0,false,false,false,0,0,3,3,1,1,0,0
2,3703201,reservation,11,146,81,9,5,Station,5,0,false,false,false,70,70,0,0,0,0,4,0
2,3703201,reservation,12,235,117,14,7,Station,5,0,false,false,false,54,54,0,0,0,0,4,4
2,3703201,reservation,13,161,84,10,5,RailBridge,9,4,false,false,false,0,0,0,0,144,144,44,44
2,3703201,reservation,14,156,84,9,5,RailBridge,9,4,false,false,false,0,0,0,0,146,146,44,44
2,3703201,reservation,15,236,117,14,7,Station,5,0,false,false,false,134,134,0,0,2,2,4,4
2,3703201,reservation,16,162,84,10,5,Rail,1,0,false,false,false,0,0,3,3,1,1,0,0
2,3703202,landscape,0,202,52,12,3,Grass,0,3,true,true,true,0,1,216,216,239,15,0,0
2,3703202,landscape,1,201,148,12,9,Grass,0,0,false,false,false,0,0,0,0,16,3,0,0
2,3703202,reservation,0,250,155,15,9,Station,5,1,false,false,false,146,146,0,0,5,5,4,0
2,3703203,industry,0,225,43,14,2,Industry,8,4,false,false,false,104,104,0,0,16,16,0,0
2,3703203,landscape,0,214,37,13,2,Grass,0,3,true,true,true,3,4,0,0,239,15,24,24
2,3703203,landscape,1,58,83,3,5,Grass,0,3,true,true,true,5,6,0,0,239,15,0,0
2,3703203,landscape,2,61,84,3,5,Grass,0,3,true,true,true,5,6,20,20,239,15,0,0
2,3703203,landscape,3,65,57,4,3,Grass,0,3,true,true,true,8,0,0,0,239,15,0,0
2,3703203,landscape,4,25,83,1,5,Road,2,0,false,false,false,0,0,0,0,2,3,16,16
2,3703203,airport_animation,0,182,128,11,8,Airport,5,2,false,false,false,192,192,0,0,73,73,11,11
2,3703204,industry,0,223,43,13,2,Industry,8,4,false,false,false,39,39,0,0,16,16,0,0
2,3703204,landscape,0,67,78,4,4,Grass,0,3,true,true,true,98,99,108,108,239,15,0,0
2,3703204,landscape,1,78,81,4,5,Grass,0,3,true,true,true,7,8,12,12,239,15,0,0
2,3703204,reservation,0,178,127,11,7,Rail,1,0,false,false,false,0,0,1,1,1,1,0,0
2,3703204,reservation,1,177,127,11,7,Rail,1,0,false,false,false,0,0,1,1,1,1,0,0
2,3703204,reservation,2,176,127,11,7,Rail,1,4,false,false,false,0,0,1,1,48,48,0,0
2,3703204,reservation,3,175,127,10,7,Rail,1,4,false,false,false,0,0,8,8,16,16,0,0
2,3703204,reservation,4,179,127,11,7,Rail,1,0,false,false,false,0,0,1,1,1,1,0,0
2,3703204,reservation,5,179,127,11,7,Rail,1,0,false,false,false,0,0,1,1,1,1,0,0
2,3703204,reservation,6,193,98,12,6,Rail,1,0,false,false,false,0,0,1,1,33,33,0,0
2,3703204,reservation,7,178,127,11,7,Rail,1,0,false,false,false,0,0,1,1,1,1,0,0
2,3703204,reservation,8,53,7,3,0,Station,5,1,false,false,false,82,82,0,0,6,6,0,4
2,3703205,airport_animation,0,8,190,0,11,Airport,5,4,false,false,false,96,96,0,0,51,51,11,11
2,3703205,airport_animation,1,19,33,1,2,Airport,5,4,false,false,false,48,48,0,0,51,51,11,11
2,3703205,airport_animation,2,181,120,11,7,Airport,5,5,false,false,false,96,96,0,0,52,52,11,11
2,3703205,airport_animation,3,182,128,11,8,Airport,5,2,false,false,false,192,192,0,0,73,73,11,11
2,3703205,reservation,0,173,80,10,5,Station,5,0,false,false,false,214,214,0,0,1,1,4,0
2,3703206,landscape,0,209,35,13,2,Grass,0,3,true,true,true,98,99,0,0,239,15,0,0
2,3703206,signal,0,188,131,11,8,Rail,1,0,false,false,false,64,64,65,65,65,65,0,0
2,3703206,reservation,0,187,131,11,8,Station,5,0,false,false,false,246,246,0,0,0,0,4,4
2,3703206,reservation,1,188,131,11,8,Rail,1,0,false,false,false,64,64,65,65,65,65,0,0
2,3703206,reservation,2,189,131,11,8,Rail,1,2,false,false,false,0,0,1,1,9,9,0,0
2,3703206,reservation,3,190,131,11,8,RailBridge,9,0,false,false,false,0,0,0,0,146,130,36,36
2,3703206,reservation,4,192,131,12,8,RailBridge,9,0,false,false,false,0,0,0,0,144,128,36,36
2,3703206,reservation,5,251,152,15,9,Rail,1,4,false,false,false,0,0,1,1,18,18,0,0
2,3703206,reservation,6,252,152,15,9,Rail,1,0,false,false,false,0,0,1,1,32,32,0,0
2,3703206,reservation,7,251,152,15,9,Rail,1,4,false,false,false,0,0,1,1,18,18,0,0
2,3703206,reservation,8,186,131,11,8,Station,5,0,false,false,false,22,22,0,0,0,0,0,4
2,3703206,reservation,9,136,124,8,7,Rail,1,0,false,false,false,0,0,3,3,1,1,0,0
2,3703206,reservation,10,188,131,11,8,Rail,1,0,false,false,false,64,64,65,65,65,65,0,0
2,3703206,reservation,11,187,131,11,8,Station,5,0,false,false,false,246,246,0,0,0,0,4,4
2,3703206,reservation,12,252,152,15,9,Rail,1,0,false,false,false,0,0,1,1,32,32,0,0
2,3703207,landscape,0,82,78,5,4,Grass,0,3,true,true,true,6,7,4,4,239,15,0,0
2,3703207,signal,0,73,59,4,3,Rail,1,0,false,false,false,128,128,131,3,65,65,0,0
2,3703207,signal,1,139,78,8,4,Rail,1,0,false,false,false,128,128,134,134,66,66,0,0
2,3703207,signal,2,150,149,9,9,Rail,1,0,false,false,false,64,64,113,1,65,65,0,0
2,3703207,airport_animation,0,182,128,11,8,Airport,5,2,false,false,false,192,192,0,0,73,73,11,11
2,3703207,reservation,0,141,149,8,9,RailBridge,9,4,false,false,false,0,0,0,0,146,146,44,44
2,3703207,reservation,1,149,149,9,9,RailBridge,9,4,false,false,false,0,0,0,0,144,144,44,44
2,3703207,reservation,2,140,149,8,9,Rail,1,5,false,false,false,0,0,1,1,21,21,0,0
2,3703207,reservation,3,154,149,9,9,Station,5,1,false,false,false,98,98,0,0,4,4,0,4
2,3703207,reservation,4,74,59,4,3,Station,5,0,false,false,false,70,70,0,0,0,0,4,0
2,3703207,reservation,5,200,228,12,14,Rail,1,0,false,false,false,0,0,1,1,1,1,0,0
2,3703207,reservation,6,198,12,12,0,Rail,1,1,false,false,false,0,0,10,10,4,4,0,0
2,3703207,reservation,7,140,149,8,9,Rail,1,5,false,false,false,0,0,1,1,21,21,0,0
2,3703207,reservation,8,149,149,9,9,RailBridge,9,4,false,false,false,0,0,0,0,144,144,44,44
2,3703207,reservation,9,155,149,9,9,Station,5,0,false,false,false,70,70,0,0,0,0,0,4
2,3703207,reservation,10,197,12,12,0,Rail,1,2,false,false,false,0,0,11,11,8,8,0,0
2,3703207,reservation,11,141,149,8,9,RailBridge,9,4,false,false,false,0,0,0,0,146,146,44,44
2,3703207,reservation,12,139,78,8,4,Rail,1,0,false,false,false,128,128,134,134,66,66,0,0
2,3703207,reservation,13,109,80,6,5,Rail,1,1,false,false,false,0,0,1,1,5,5,0,0
2,3703207,reservation,14,153,149,9,9,Station,5,1,false,false,false,82,82,0,0,4,4,0,4
2,3703207,reservation,15,151,149,9,9,Station,5,0,false,false,false,70,70,0,0,0,0,0,4
2,3703207,reservation,16,152,149,9,9,Station,5,1,false,false,false,242,242,0,0,4,4,0,4
2,3703208,reservation,0,155,149,9,9,Station,5,0,false,false,false,70,70,0,0,0,0,4,0
2,3703208,reservation,1,153,149,9,9,Station,5,1,false,false,false,82,82,0,0,4,4,4,0
2,3703208,reservation,2,151,149,9,9,Station,5,0,false,false,false,70,70,0,0,0,0,4,0
2,3703208,reservation,3,152,149,9,9,Station,5,1,false,false,false,242,242,0,0,4,4,4,0
2,3703208,reservation,4,53,7,3,0,Station,5,1,false,false,false,82,82,0,0,6,6,4,0
2,3703208,reservation,5,154,149,9,9,Station,5,1,false,false,false,98,98,0,0,4,4,4,0
2,3703208,reservation,6,121,112,7,7,Station,5,1,false,false,false,242,242,0,0,4,4,4,0
2,3703208,reservation,7,120,112,7,7,Station,5,0,false,false,false,118,118,0,0,0,0,4,0
2,3703208,reservation,8,122,112,7,7,Station,5,1,false,false,false,146,146,0,0,4,4,4,0
2,3703208,reservation,9,119,112,7,7,Rail,1,0,false,false,false,128,128,129,1,65,65,0,0
2,3703208,reservation,10,118,112,7,7,Rail,1,4,false,false,false,0,0,1,1,48,48,0,0
2,3703208,reservation,11,117,112,7,7,Rail,1,4,false,false,false,0,0,8,8,16,16,0,0
2,3703208,reservation,12,205,128,12,8,Rail,1,6,false,false,false,0,0,1,1,57,57,0,0
2,3703208,reservation,13,118,112,7,7,Rail,1,4,false,false,false,0,0,1,1,48,48,0,0
2,3703208,reservation,14,119,112,7,7,Rail,1,0,false,false,false,128,128,129,1,65,65,0,0
2,3703209,landscape,0,69,82,4,5,Grass,0,3,true,true,true,8,0,20,20,239,15,0,0
2,3703209,landscape,1,14,73,0,4,Grass,0,3,true,true,true,4,5,24,24,239,15,12,12
2,3703209,landscape,2,217,41,13,2,Grass,0,3,true,true,true,3,4,192,192,239,15,0,0
2,3703209,signal,0,151,80,9,5,Rail,1,0,false,false,false,64,64,178,2,65,65,0,0
2,3703209,signal,1,151,81,9,5,Rail,1,0,false,false,false,64,64,177,65,65,65,0,0
2,3703209,airport_animation,0,8,190,0,11,Airport,5,4,false,false,false,96,96,0,0,51,51,11,11
2,3703209,airport_animation,1,19,33,1,2,Airport,5,4,false,false,false,48,48,0,0,51,51,11,11
2,3703209,airport_animation,2,181,120,11,7,Airport,5,5,false,false,false,96,96,0,0,52,52,11,11
2,3703209,airport_animation,3,182,128,11,8,Airport,5,2,false,false,false,192,192,0,0,73,73,11,11
2,3703209,reservation,0,151,81,9,5,Rail,1,0,false,false,false,64,64,177,65,65,65,0,0
2,3703210,landscape,0,209,41,13,2,Grass,0,3,true,true,true,5,6,12,12,239,15,12,12
2,3703210,landscape,1,68,80,4,5,Grass,0,3,true,true,true,168,160,0,0,239,15,0,0
2,3703210,landscape,2,61,77,3,4,Grass,0,3,true,true,true,6,7,0,0,239,15,0,0
2,3703210,landscape,3,163,148,10,9,House,3,0,false,false,false,0,0,0,0,3,0,0,0
2,3703210,signal,0,111,10,6,0,Rail,1,0,false,false,false,64,64,69,5,66,66,0,0
2,3703210,reservation,0,111,13,6,0,Station,5,1,false,false,false,18,18,0,0,5,5,0,4
2,3703210,reservation,1,111,8,6,0,Rail,1,0,false,false,false,0,0,7,7,2,2,0,0
2,3703210,reservation,2,249,96,15,6,Rail,1,0,false,false,false,0,0,1,1,2,2,0,0
2,3703210,reservation,3,249,98,15,6,Rail,1,0,false,false,false,64,64,1,1,66,66,0,0
2,3703211,landscape,0,68,84,4,5,Grass,0,3,true,true,true,2,3,0,0,239,15,4,4
2,3703211,landscape,1,217,16,13,1,Grass,0,3,true,true,true,100,101,12,12,239,15,0,0
2,3703211,signal,0,13,38,0,2,Rail,1,0,false,false,false,128,128,131,131,65,65,0,0
2,3703211,airport_animation,0,182,128,11,8,Airport,5,2,false,false,false,192,192,0,0,73,73,11,11
2,3703211,reservation,0,14,38,0,2,Station,5,0,false,false,false,22,22,0,0,0,0,4,4
2,3703211,reservation,1,13,38,0,2,Rail,1,0,false,false,false,128,128,131,131,65,65,0,0
2,3703211,reservation,2,15,38,0,2,Station,5,1,false,false,false,178,178,0,0,6,6,4,4
2,3703211,reservation,3,12,38,0,2,Rail,1,4,false,false,false,0,0,8,8,16,16,0,0
2,3703211,reservation,4,15,38,0,2,Station,5,1,false,false,false,178,178,0,0,6,6,4,4
2,3703211,reservation,5,13,38,0,2,Rail,1,0,false,false,false,128,128,131,131,65,65,0,0
2,3703211,reservation,6,14,38,0,2,Station,5,0,false,false,false,22,22,0,0,0,0,4,4
2,3703212,landscape,0,215,38,13,2,Grass,0,3,true,true,true,3,4,0,0,239,15,0,0
2,3703212,landscape,1,65,59,4,3,Grass,0,3,true,true,true,8,0,0,0,239,15,0,0
2,3703212,signal,0,160,85,10,5,Rail,1,0,false,false,false,128,128,246,6,66,66,0,0
2,3703212,reservation,0,158,91,9,5,Rail,1,3,false,false,false,0,0,1,1,12,12,0,0
2,3703212,reservation,1,157,91,9,5,Rail,1,3,false,false,false,0,0,1,1,12,12,0,0
2,3703212,reservation,2,159,91,9,5,Rail,1,3,false,false,false,0,0,1,1,12,12,0,0
2,3703212,reservation,3,156,91,9,5,Rail,1,0,false,false,false,0,0,2,2,1,1,0,0
2,3703212,reservation,4,155,91,9,5,Rail,1,0,false,false,false,64,64,66,2,65,65,0,0
2,3703212,reservation,5,154,91,9,5,Rail,1,0,false,false,false,0,0,2,2,1,1,0,0
2,3703212,reservation,6,153,91,9,5,Rail,1,0,false,false,false,0,0,2,2,1,1,0,0
2,3703212,reservation,7,152,91,9,5,Rail,1,0,false,false,false,0,0,2,2,1,1,0,0
2,3703212,reservation,8,151,91,9,5,Rail,1,0,false,false,false,0,0,2,2,1,1,0,0
2,3703212,reservation,9,150,91,9,5,Rail,1,2,false,false,false,0,0,11,11,8,8,0,0
2,3703212,reservation,10,160,91,10,5,Rail,1,1,false,false,false,0,0,10,10,4,4,0,0
2,3703212,reservation,11,163,54,10,3,Station,5,0,false,false,false,198,198,0,0,1,1,4,0
2,3703212,reservation,12,158,91,9,5,Rail,1,3,false,false,false,0,0,1,1,12,12,0,0
2,3703212,reservation,13,163,50,10,3,Station,5,0,false,false,false,230,230,0,0,3,3,0,4
2,3703212,reservation,14,173,74,10,4,Rail,1,1,false,false,false,0,0,6,6,6,6,0,0
2,3703212,reservation,15,41,91,2,5,Rail,1,4,false,false,false,0,0,1,1,48,48,0,0
2,3703212,reservation,16,163,56,10,3,Rail,1,0,false,false,false,0,0,1,1,2,2,0,0
2,3703212,reservation,17,159,91,9,5,Rail,1,3,false,false,false,0,0,1,1,12,12,0,0
2,3703213,landscape,0,213,38,13,2,Grass,0,3,true,true,true,3,4,0,0,239,15,0,0
2,3703213,airport_animation,0,8,190,0,11,Airport,5,4,false,false,false,96,96,0,0,51,51,11,11
2,3703213,airport_animation,1,19,33,1,2,Airport,5,4,false,false,false,48,48,0,0,51,51,11,11
2,3703213,airport_animation,2,181,120,11,7,Airport,5,5,false,false,false,96,96,0,0,52,52,11,11
2,3703213,airport_animation,3,182,128,11,8,Airport,5,2,false,false,false,192,192,0,0,73,73,11,11
2,3703213,reservation,0,132,124,8,7,Station,5,1,false,false,false,98,98,0,0,6,6,4,0
2,3703213,reservation,1,165,57,10,3,Rail,1,0,false,false,false,0,0,6,6,2,2,0,0
2,3703213,reservation,2,22,192,1,12,Rail,1,4,false,false,false,0,0,8,8,16,16,0,0
2,3703213,reservation,3,14,174,0,10,Rail,1,2,false,false,false,0,0,1,1,10,10,0,0
2,3703213,reservation,4,165,51,10,3,Rail,1,0,false,false,false,0,0,1,1,2,2,0,0
2,3703213,reservation,5,191,228,11,14,Rail,1,0,false,false,false,0,0,3,3,1,1,0,0
2,3703214,landscape,0,67,87,4,5,Grass,0,3,true,true,true,2,3,4,4,239,15,0,0
2,3703214,landscape,1,209,36,13,2,Grass,0,3,true,true,true,98,99,12,12,239,15,0,0
2,3703214,reservation,0,179,127,11,7,Rail,1,0,false,false,false,0,0,1,1,1,1,0,0
2,3703214,reservation,1,178,127,11,7,Rail,1,0,false,false,false,0,0,1,1,1,1,0,0
2,3703214,reservation,2,73,59,4,3,Rail,1,0,false,false,false,128,128,3,3,65,65,0,0
2,3703214,reservation,3,72,59,4,3,Rail,1,0,false,false,false,0,0,3,3,1,1,0,0
2,3703214,reservation,4,71,59,4,3,Rail,1,1,false,false,false,0,0,3,3,5,5,0,0
2,3703214,reservation,5,70,59,4,3,Rail,1,3,false,false,false,64,64,65,1,76,76,0,0
2,3703214,reservation,6,69,59,4,3,Rail,1,2,false,false,false,0,0,11,11,8,8,0,0
2,3703214,reservation,7,72,59,4,3,Rail,1,0,false,false,false,0,0,3,3,1,1,0,0
2,3703214,reservation,8,176,127,11,7,Rail,1,4,false,false,false,0,0,1,1,48,48,0,0
2,3703214,reservation,9,177,127,11,7,Rail,1,0,false,false,false,0,0,1,1,1,1,0,0
2,3703214,reservation,10,73,59,4,3,Rail,1,0,false,false,false,128,128,3,3,65,65,0,0
2,3703214,reservation,11,43,95,2,5,Rail,1,0,false,false,false,0,0,6,6,2,2,0,0
2,3703214,reservation,12,178,127,11,7,Rail,1,0,false,false,false,0,0,1,1,1,1,0,0
2,3703214,reservation,13,175,127,10,7,Rail,1,4,false,false,false,0,0,8,8,16,16,0,0
2,3703214,reservation,14,179,127,11,7,Rail,1,0,false,false,false,0,0,1,1,1,1,0,0
2,3703215,landscape,0,201,51,12,3,Grass,0,3,true,true,true,0,1,0,0,239,15,0,0
2,3703215,airport_animation,0,182,128,11,8,Airport,5,2,false,false,false,192,192,0,0,73,73,11,11
2,3703215,reservation,0,248,117,15,7,Rail,1,0,false,false,false,0,0,6,6,2,2,0,0
2,3703215,reservation,1,250,154,15,9,Station,5,1,false,false,false,82,82,0,0,5,5,4,0
2,3703215,reservation,2,217,99,13,6,Rail,1,0,false,false,false,0,0,4,4,1,1,0,0
2,3703216,landscape,0,70,89,4,5,Grass,0,3,true,true,true,101,102,12,12,239,15,0,0
2,3703216,reservation,0,49,78,3,4,Rail,1,0,false,false,false,0,0,2,2,1,1,0,0
2,3703217,landscape,0,70,87,4,5,Grass,0,3,true,true,true,101,102,0,0,239,15,0,0
2,3703217,airport_animation,0,8,190,0,11,Airport,5,4,false,false,false,96,96,0,0,51,51,11,11
2,3703217,airport_animation,1,19,33,1,2,Airport,5,4,false,false,false,48,48,0,0,51,51,11,11
2,3703217,airport_animation,2,181,120,11,7,Airport,5,5,false,false,false,96,96,0,0,52,52,11,11
2,3703217,airport_animation,3,182,128,11,8,Airport,5,2,false,false,false,192,192,0,0,73,73,11,11
2,3703217,reservation,0,147,81,9,5,Station,5,0,false,false,false,54,54,0,0,0,0,4,0
2,3703218,landscape,0,66,59,4,3,Grass,0,3,true,true,true,8,0,0,0,239,15,0,0
2,3703218,reservation,0,252,152,15,9,Rail,1,0,false,false,false,0,0,1,1,32,32,0,0
2,3703218,reservation,1,251,152,15,9,Rail,1,4,false,false,false,0,0,1,1,18,18,0,0
2,3703218,reservation,2,32,209,2,13,Station,5,0,false,false,false,54,54,0,0,1,1,0,4
2,3703218,reservation,3,32,207,2,12,Station,5,0,false,false,false,214,214,0,0,3,3,0,4
2,3703218,reservation,4,103,80,6,5,Rail,1,0,false,false,false,64,64,2,2,65,65,0,0
2,3703218,reservation,5,32,206,2,12,Station,5,0,false,false,false,6,6,0,0,1,1,0,4
2,3703218,reservation,6,32,205,2,12,Station,5,0,false,false,false,230,230,0,0,1,1,0,4
2,3703218,reservation,7,32,208,2,13,Station,5,0,false,false,false,54,54,0,0,1,1,0,4
2,3703218,reservation,8,251,152,15,9,Rail,1,4,false,false,false,0,0,1,1,18,18,0,0
2,3703218,reservation,9,205,104,12,6,Rail,1,0,false,false,false,0,0,6,6,2,2,0,0
2,3703218,reservation,10,252,152,15,9,Rail,1,0,false,false,false,0,0,1,1,32,32,0,0
2,3703218,reservation,11,109,80,6,5,Rail,1,1,false,false,false,0,0,1,1,5,5,0,0
2,3703218,reservation,12,109,79,6,4,Rail,1,2,false,false,false,0,0,11,11,8,8,0,0
2,3703218,reservation,13,32,210,2,13,Station,5,0,false,false,false,150,150,0,0,1,1,0,4
2,3703219,landscape,0,6,84,0,5,Grass,0,3,true,true,true,4,5,12,12,239,15,0,0
2,3703219,landscape,1,236,233,14,14,House,3,0,false,false,false,0,0,0,0,3,0,0,0
2,3703219,airport_animation,0,182,128,11,8,Airport,5,2,false,false,false,192,192,0,0,73,73,11,11
2,3703219,reservation,0,109,80,6,5,Rail,1,1,false,false,false,0,0,1,1,5,5,0,0
2,3703219,reservation,1,160,48,10,3,Rail,1,2,false,false,false,0,0,11,11,8,8,0,0
2,3703219,reservation,2,160,49,10,3,Rail,1,1,false,false,false,0,0,10,10,4,4,0,0
2,3703219,reservation,3,160,50,10,3,RailBridge,9,0,false,false,false,0,0,0,0,147,131,32,32
2,3703219,reservation,4,160,46,10,2,RailBridge,9,0,false,false,false,0,0,0,0,145,129,32,32
2,3703219,reservation,5,160,51,10,3,Rail,1,0,false,false,false,64,64,7,7,66,66,0,0
2,3703219,reservation,6,148,110,9,6,Rail,1,0,false,false,false,0,0,3,3,1,1,0,0
2,3703219,reservation,7,147,110,9,6,Rail,1,0,false,false,false,0,0,3,3,1,1,0,0
2,3703219,reservation,8,149,110,9,6,Rail,1,0,false,false,false,0,0,3,3,1,1,0,0
2,3703219,reservation,9,146,110,9,6,Rail,1,0,false,false,false,0,0,3,3,1,1,0,0
2,3703219,reservation,10,145,110,9,6,Rail,1,0,false,false,false,0,0,3,3,1,1,0,0
2,3703219,reservation,11,144,110,9,6,RailBridge,9,0,false,false,false,0,0,0,0,144,128,48,48
2,3703219,reservation,12,141,110,8,6,RailBridge,9,0,false,false,false,0,0,0,0,146,130,48,48
2,3703219,reservation,13,32,207,2,12,Station,5,0,false,false,false,214,214,0,0,3,3,4,0
2,3703219,reservation,14,32,208,2,13,Station,5,0,false,false,false,54,54,0,0,1,1,4,0
2,3703219,reservation,15,32,206,2,12,Station,5,0,false,false,false,6,6,0,0,1,1,4,0
2,3703219,reservation,16,148,110,9,6,Rail,1,0,false,false,false,0,0,3,3,1,1,0,0
2,3703219,reservation,17,147,110,9,6,Rail,1,0,false,false,false,0,0,3,3,1,1,0,0
2,3703219,reservation,18,163,136,10,8,Rail,1,0,false,false,false,0,0,5,5,2,2,0,0
2,3703219,reservation,19,149,110,9,6,Rail,1,0,false,false,false,0,0,3,3,1,1,0,0
2,3703219,reservation,20,32,209,2,13,Station,5,0,false,false,false,54,54,0,0,1,1,4,0
2,3703219,reservation,21,32,210,2,13,Station,5,0,false,false,false,150,150,0,0,1,1,4,0
2,3703219,reservation,22,146,110,9,6,Rail,1,0,false,false,false,0,0,3,3,1,1,0,0
2,3703219,reservation,23,32,205,2,12,Station,5,0,false,false,false,230,230,0,0,1,1,4,0
2,3703219,reservation,24,160,48,10,3,Rail,1,2,false,false,false,0,0,11,11,8,8,0,0
2,3703219,reservation,25,109,80,6,5,Rail,1,1,false,false,false,0,0,1,1,5,5,0,0
2,3703219,reservation,26,173,79,10,4,Station,5,1,false,false,false,34,34,0,0,7,7,4,0
2,3703219,reservation,27,145,110,9,6,Rail,1,0,false,false,false,0,0,3,3,1,1,0,0
2,3703220,landscape,0,79,78,4,4,Grass,0,3,true,true,true,38,39,4,4,239,15,0,0
2,3703220,landscape,1,61,80,3,5,Grass,0,3,true,true,true,6,7,0,0,239,15,0,0
2,3703220,landscape,2,211,36,13,2,Grass,0,3,true,true,true,2,3,0,0,239,15,0,0
2,3703220,reservation,0,109,80,6,5,Rail,1,1,false,false,false,0,0,1,1,5,5,0,0
2,3703220,reservation,1,137,124,8,7,Rail,1,0,false,false,false,128,128,3,3,65,65,0,0
2,3703220,reservation,2,199,228,12,14,Rail,1,0,false,false,false,0,0,1,1,33,33,0,0
2,3703220,reservation,3,109,80,6,5,Rail,1,1,false,false,false,0,0,1,1,5,5,0,0
2,3703221,landscape,0,66,55,4,3,Grass,0,3,true,true,true,8,0,0,0,239,15,8,8
2,3703221,landscape,1,212,37,13,2,Grass,0,3,true,true,true,195,196,0,0,239,15,24,24
2,3703221,landscape,2,198,49,12,3,Grass,0,3,true,true,true,192,193,0,0,239,15,0,0
2,3703221,signal,0,18,233,1,14,Rail,1,0,false,false,false,64,64,6,70,66,66,0,0
2,3703221,airport_animation,0,8,190,0,11,Airport,5,4,false,false,false,96,96,0,0,51,51,11,11
2,3703221,airport_animation,1,19,33,1,2,Airport,5,4,false,false,false,48,48,0,0,51,51,11,11
2,3703221,airport_animation,2,181,120,11,7,Airport,5,5,false,false,false,96,96,0,0,52,52,11,11
2,3703221,airport_animation,3,182,128,11,8,Airport,5,2,false,false,false,192,192,0,0,73,73,11,11
2,3703221,reservation,0,109,80,6,5,Rail,1,1,false,false,false,0,0,1,1,5,5,0,0
2,3703221,reservation,1,13,61,0,3,Rail,1,3,false,false,false,0,0,1,1,12,12,0,0
2,3703221,reservation,2,12,61,0,3,Rail,1,2,false,false,false,0,0,5,5,10,10,0,0
2,3703221,reservation,3,14,61,0,3,Rail,1,1,false,false,false,0,0,10,10,4,4,0,0
2,3703221,reservation,4,14,61,0,3,Rail,1,1,false,false,false,0,0,10,10,4,4,0,0
2,3703221,reservation,5,13,61,0,3,Rail,1,3,false,false,false,0,0,1,1,12,12,0,0
2,3703221,reservation,6,250,149,15,9,Rail,1,0,false,false,false,0,0,5,5,2,2,0,0
2,3703221,reservation,7,109,80,6,5,Rail,1,1,false,false,false,0,0,1,1,5,5,0,0
2,3703222,industry,0,222,45,13,2,Industry,8,4,false,false,false,71,71,0,0,16,16,0,0
2,3703222,landscape,0,83,78,5,4,Grass,0,3,true,true,true,6,7,68,68,239,15,0,0
2,3703222,landscape,1,108,158,6,9,House,3,0,false,false,false,128,0,0,0,0,0,0,0
2,3703222,landscape,2,108,158,6,9,House,3,0,false,false,false,128,0,0,0,0,0,0,0
2,3703222,landscape,3,14,68,0,4,Grass,0,3,true,true,true,4,5,12,12,239,15,0,0
2,3703222,reservation,0,109,80,6,5,Rail,1,1,false,false,false,0,0,1,1,5,5,0,0
2,3703222,reservation,1,109,80,6,5,Rail,1,1,false,false,false,0,0,1,1,5,5,0,0
2,3703223,landscape,0,236,55,14,3,Grass,0,3,true,true,true,7,8,0,0,239,15,0,0
2,3703223,landscape,1,81,81,5,5,Grass,0,3,true,true,true,7,8,12,12,239,15,0,0
2,3703223,landscape,2,216,38,13,2,Grass,0,3,true,true,true,3,4,0,0,239,15,0,0
2,3703223,landscape,3,237,149,14,9,Road,2,1,false,false,false,0,0,0,0,4,5,16,16
2,3703223,signal,0,133,165,8,10,Rail,1,0,false,false,false,128,128,133,5,66,66,0,0
2,3703223,signal,1,18,233,1,14,Rail,1,0,false,false,false,64,64,70,6,66,66,0,0
2,3703223,airport_animation,0,182,128,11,8,Airport,5,2,false,false,false,192,192,0,0,73,73,11,11
2,3703223,reservation,0,109,80,6,5,Rail,1,1,false,false,false,0,0,1,1,5,5,0,0
2,3703223,reservation,1,133,161,8,10,Station,5,1,false,false,false,130,130,0,0,5,5,0,4
2,3703223,reservation,2,109,80,6,5,Rail,1,1,false,false,false,0,0,1,1,5,5,0,0
2,3703224,landscape,0,223,18,13,1,Grass,0,3,true,true,true,34,35,96,96,239,15,0,0
2,3703224,reservation,0,18,230,1,14,Station,5,1,false,false,false,242,242,0,0,7,7,4,0
2,3703224,reservation,1,109,80,6,5,Rail,1,1,false,false,false,0,0,1,1,5,5,0,0
2,3703224,reservation,2,18,231,1,14,Station,5,1,false,false,false,162,162,0,0,7,7,4,0
2,3703224,reservation,3,18,229,1,14,Station,5,1,false,false,false,146,146,0,0,7,7,4,0
2,3703224,reservation,4,109,80,6,5,Rail,1,1,false,false,false,0,0,1,1,5,5,0,0
2,3703224,reservation,5,141,80,8,5,RailBridge,9,4,false,false,false,0,0,0,0,130,146,36,36
2,3703224,reservation,6,143,80,8,5,RailBridge,9,4,false,false,false,0,0,0,0,128,144,36,36
2,3703224,reservation,7,197,98,12,6,Station,5,1,false,false,false,34,34,0,0,4,4,0,4
2,3703225,signal,0,55,78,3,4,Rail,1,0,false,false,false,64,64,242,66,65,65,0,0
2,3703225,airport_animation,0,8,190,0,11,Airport,5,4,false,false,false,96,96,0,0,51,51,11,11
2,3703225,airport_animation,1,19,33,1,2,Airport,5,4,false,false,false,48,48,0,0,51,51,11,11
2,3703225,airport_animation,2,181,120,11,7,Airport,5,5,false,false,false,96,96,0,0,52,52,11,11
2,3703225,airport_animation,3,182,128,11,8,Airport,5,2,false,false,false,192,192,0,0,73,73,11,11
2,3703225,reservation,0,109,80,6,5,Rail,1,1,false,false,false,0,0,1,1,5,5,0,0
2,3703225,reservation,1,55,78,3,4,Rail,1,0,false,false,false,64,64,242,66,65,65,0,0
2,3703225,reservation,2,109,80,6,5,Rail,1,1,false,false,false,0,0,1,1,5,5,0,0
2,3703225,reservation,3,152,81,9,5,Rail,1,4,false,false,false,0,0,1,1,17,17,0,0
2,3703226,industry,0,233,246,14,15,Industry,8,4,false,false,false,205,205,0,0,16,16,0,0
2,3703226,landscape,0,201,49,12,3,Grass,0,3,true,true,true,0,1,0,0,239,15,0,0
2,3703226,reservation,0,109,80,6,5,Rail,1,1,false,false,false,0,0,1,1,5,5,0,0
2,3703226,reservation,1,190,228,11,14,Rail,1,0,false,false,false,0,0,3,3,1,1,0,0
2,3703226,reservation,2,248,97,15,6,Rail,1,0,false,false,false,128,128,129,129,66,66,0,0
2,3703226,reservation,3,109,80,6,5,Rail,1,1,false,false,false,0,0,1,1,5,5,0,0
2,3703227,industry,0,224,46,14,2,Industry,8,4,false,false,false,125,125,0,0,16,16,0,0
2,3703227,industry,1,230,247,14,15,Industry,8,4,false,false,false,241,241,0,0,16,16,0,0
2,3703227,landscape,0,63,58,3,3,Grass,0,3,true,true,true,40,32,0,0,239,15,0,0
2,3703227,landscape,1,80,80,5,5,Grass,0,3,true,true,true,7,8,0,0,239,15,0,0
2,3703227,signal,0,250,153,15,9,Rail,1,0,false,false,false,64,64,69,69,66,66,0,0
2,3703227,airport_animation,0,182,128,11,8,Airport,5,2,false,false,false,192,192,0,0,73,73,11,11
2,3703227,reservation,0,109,80,6,5,Rail,1,1,false,false,false,0,0,1,1,5,5,0,0
2,3703227,reservation,1,149,84,9,5,Station,5,1,false,false,false,162,162,0,0,4,4,0,4
2,3703227,reservation,2,151,84,9,5,Station,5,0,false,false,false,246,246,0,0,0,0,0,4
2,3703227,reservation,3,133,124,8,7,Station,5,1,false,false,false,82,82,0,0,6,6,4,0
2,3703227,reservation,4,146,84,9,5,Station,5,0,false,false,false,150,150,0,0,0,0,0,4
2,3703227,reservation,5,250,153,15,9,Rail,1,0,false,false,false,64,64,69,69,66,66,0,0
2,3703227,reservation,6,147,84,9,5,Station,5,1,false,false,false,66,66,0,0,4,4,0,4
2,3703227,reservation,7,148,84,9,5,Station,5,1,false,false,false,162,162,0,0,4,4,0,4
2,3703227,reservation,8,150,84,9,5,Station,5,1,false,false,false,146,146,0,0,4,4,0,4
2,3703227,reservation,9,172,80,10,5,Station,5,0,false,false,false,86,86,0,0,1,1,0,4
2,3703227,reservation,10,109,80,6,5,Rail,1,1,false,false,false,0,0,1,1,5,5,0,0
2,3703228,landscape,0,6,83,0,5,Grass,0,3,true,true,true,4,5,96,96,239,15,12,12
2,3703228,landscape,1,78,77,4,4,Grass,0,3,true,true,true,7,8,0,0,239,15,12,12
2,3703228,reservation,0,109,80,6,5,Rail,1,1,false,false,false,0,0,1,1,5,5,0,0
2,3703228,reservation,1,210,16,13,1,Station,5,1,false,false,false,210,210,0,0,4,4,0,0
2,3703228,reservation,2,205,16,12,1,Station,5,1,false,false,false,146,146,0,0,4,4,0,0
2,3703228,reservation,3,206,16,12,1,Station,5,1,false,false,false,18,18,0,0,4,4,0,0
2,3703228,reservation,4,209,16,13,1,Station,5,1,false,false,false,18,18,0,0,4,4,0,0
2,3703228,reservation,5,212,16,13,1,Station,5,0,false,false,false,246,246,0,0,0,0,0,0
2,3703228,reservation,6,207,16,12,1,Station,5,1,false,false,false,98,98,0,0,4,4,0,0
2,3703228,reservation,7,208,16,13,1,Station,5,1,false,false,false,114,114,0,0,4,4,0,0
2,3703228,reservation,8,204,16,12,1,Station,5,0,false,false,false,86,86,0,0,0,0,0,0
2,3703228,reservation,9,211,16,13,1,Station,5,1,false,false,false,226,226,0,0,4,4,0,0
2,3703228,reservation,10,149,84,9,5,Station,5,1,false,false,false,162,162,0,0,4,4,4,0
2,3703228,reservation,11,150,84,9,5,Station,5,1,false,false,false,146,146,0,0,4,4,4,0
2,3703228,reservation,12,211,16,13,1,Station,5,1,false,false,false,226,226,0,0,4,4,0,0
2,3703228,reservation,13,208,16,13,1,Station,5,1,false,false,false,114,114,0,0,4,4,0,0
2,3703228,reservation,14,212,16,13,1,Station,5,0,false,false,false,246,246,0,0,0,0,0,0
2,3703228,reservation,15,205,16,12,1,Station,5,1,false,false,false,146,146,0,0,4,4,0,0
2,3703228,reservation,16,109,80,6,5,Rail,1,1,false,false,false,0,0,1,1,5,5,0,0
2,3703228,reservation,17,147,84,9,5,Station,5,1,false,false,false,66,66,0,0,4,4,4,0
2,3703228,reservation,18,151,84,9,5,Station,5,0,false,false,false,246,246,0,0,0,0,4,0
2,3703228,reservation,19,206,16,12,1,Station,5,1,false,false,false,18,18,0,0,4,4,0,0
2,3703228,reservation,20,148,84,9,5,Station,5,1,false,false,false,162,162,0,0,4,4,4,0
2,3703228,reservation,21,207,16,12,1,Station,5,1,false,false,false,98,98,0,0,4,4,0,0
2,3703228,reservation,22,210,16,13,1,Station,5,1,false,false,false,210,210,0,0,4,4,0,0
2,3703228,reservation,23,209,16,13,1,Station,5,1,false,false,false,18,18,0,0,4,4,0,0
2,3703228,reservation,24,146,84,9,5,Station,5,0,false,false,false,150,150,0,0,0,0,4,0
2,3703228,reservation,25,204,16,12,1,Station,5,0,false,false,false,86,86,0,0,0,0,0,0
2,3703229,landscape,0,68,76,4,4,Grass,0,3,true,true,true,2,3,96,96,239,15,12,12
2,3703229,landscape,1,74,86,4,5,Grass,0,3,true,true,true,5,6,96,96,239,15,0,0
2,3703229,airport_animation,0,8,190,0,11,Airport,5,4,false,false,false,96,96,0,0,51,51,11,11
2,3703229,airport_animation,1,19,33,1,2,Airport,5,4,false,false,false,48,48,0,0,51,51,11,11
2,3703229,airport_animation,2,181,120,11,7,Airport,5,5,false,false,false,96,96,0,0,52,52,11,11
2,3703229,airport_animation,3,182,128,11,8,Airport,5,2,false,false,false,192,192,0,0,73,73,11,11
2,3703229,reservation,0,109,80,6,5,Rail,1,1,false,false,false,0,0,1,1,5,5,0,0
2,3703229,reservation,1,251,152,15,9,Rail,1,4,false,false,false,0,0,1,1,18,18,0,0
2,3703229,reservation,2,252,152,15,9,Rail,1,0,false,false,false,0,0,1,1,32,32,0,0
2,3703229,reservation,3,162,60,10,3,Rail,1,3,false,false,false,0,0,1,1,12,12,0,0
2,3703229,reservation,4,43,96,2,6,Rail,1,0,false,false,false,0,0,6,6,2,2,0,0
2,3703229,reservation,5,251,152,15,9,Rail,1,4,false,false,false,0,0,1,1,18,18,0,0
2,3703229,reservation,6,162,52,10,3,Rail,1,0,false,false,false,0,0,1,1,2,2,0,0
2,3703229,reservation,7,249,98,15,6,Rail,1,0,false,false,false,64,64,1,1,66,66,0,0
2,3703229,reservation,8,109,80,6,5,Rail,1,1,false,false,false,0,0,1,1,5,5,0,0
2,3703229,reservation,9,252,152,15,9,Rail,1,0,false,false,false,0,0,1,1,32,32,0,0
2,3703229,reservation,10,248,114,15,7,Rail,1,0,false,false,false,0,0,6,6,2,2,0,0
2,3703230,landscape,0,73,86,4,5,Grass,0,3,true,true,true,5,6,0,0,239,15,0,0
2,3703230,reservation,0,109,80,6,5,Rail,1,1,false,false,false,0,0,1,1,5,5,0,0
2,3703230,reservation,1,134,228,8,14,Rail,1,0,false,false,false,0,0,5,5,2,2,0,0
2,3703230,reservation,2,134,229,8,14,Rail,1,0,false,false,false,0,0,5,5,2,2,0,0
2,3703230,reservation,3,134,230,8,14,Rail,1,3,false,false,false,0,0,1,1,12,12,0,0
2,3703230,reservation,4,134,231,8,14,Rail,1,1,false,false,false,0,0,10,10,4,4,0,0
2,3703230,reservation,5,216,99,13,6,Rail,1,0,false,false,false,0,0,4,4,1,1,0,0
2,3703230,reservation,6,134,227,8,14,Rail,1,2,false,false,false,0,0,11,11,8,8,0,0
2,3703230,reservation,7,134,229,8,14,Rail,1,0,false,false,false,0,0,5,5,2,2,0,0
2,3703230,reservation,8,134,228,8,14,Rail,1,0,false,false,false,0,0,5,5,2,2,0,0
2,3703230,reservation,9,109,80,6,5,Rail,1,1,false,false,false,0,0,1,1,5,5,0,0
2,3703230,reservation,10,134,230,8,14,Rail,1,3,false,false,false,0,0,1,1,12,12,0,0
2,3703231,landscape,0,239,53,14,3,Grass,0,3,true,true,true,7,8,0,0,239,15,0,0
2,3703231,airport_animation,0,182,128,11,8,Airport,5,2,false,false,false,192,192,0,0,73,73,11,11
2,3703231,reservation,0,109,80,6,5,Rail,1,1,false,false,false,0,0,1,1,5,5,0,0
2,3703231,reservation,1,109,80,6,5,Rail,1,1,false,false,false,0,0,1,1,5,5,0,0
2,3703232,reservation,0,109,80,6,5,Rail,1,1,false,false,false,0,0,1,1,5,5,0,0
2,3703232,reservation,1,140,149,8,9,Rail,1,5,false,false,false,0,0,1,1,21,21,0,0
2,3703232,reservation,2,141,149,8,9,RailBridge,9,4,false,false,false,0,0,0,0,146,146,44,44
2,3703232,reservation,3,149,149,9,9,RailBridge,9,4,false,false,false,0,0,0,0,144,144,44,44
2,3703232,reservation,4,14,61,0,3,Rail,1,1,false,false,false,0,0,10,10,4,4,0,0
2,3703232,reservation,5,13,61,0,3,Rail,1,3,false,false,false,0,0,1,1,12,12,0,0
2,3703232,reservation,6,141,149,8,9,RailBridge,9,4,false,false,false,0,0,0,0,146,146,44,44
2,3703232,reservation,7,163,58,10,3,Rail,1,0,false,false,false,64,64,1,1,66,66,0,0
2,3703232,reservation,8,109,80,6,5,Rail,1,1,false,false,false,0,0,1,1,5,5,0,0
2,3703232,reservation,9,140,149,8,9,Rail,1,5,false,false,false,0,0,1,1,21,21,0,0
2,3703232,reservation,10,14,61,0,3,Rail,1,1,false,false,false,0,0,10,10,4,4,0,0
2,3703232,reservation,11,13,61,0,3,Rail,1,3,false,false,false,0,0,1,1,12,12,0,0
2,3703232,reservation,12,104,80,6,5,Rail,1,0,false,false,false,0,0,2,2,1,1,0,0
2,3703232,reservation,13,173,78,10,4,Station,5,1,false,false,false,82,82,0,0,7,7,4,0
2,3703232,reservation,14,12,61,0,3,Rail,1,2,false,false,false,0,0,5,5,10,10,0,0
2,3703232,reservation,15,163,56,10,3,Rail,1,0,false,false,false,0,0,1,1,2,2,0,0
2,3703232,reservation,16,148,81,9,5,Station,5,0,false,false,false,214,214,0,0,2,2,4,0
2,3703232,reservation,17,149,149,9,9,RailBridge,9,4,false,false,false,0,0,0,0,144,144,44,44
