stage,sample,frame,frame_ms,update_ms,simulation_ms,remap_ms,sort_ms,children_ms,glass_ms,vehicles_ms,water_ms,minimap_ms,effects_ms,tick,sprites,meshes,candidate_status
before,1,1,130.1233,46.1526,14.4441,4.5514,3.9895,1.0817,2.7371,2.4570,0.0002,0.1332,2.0378,3703103,45805,45805,withdrawn_after_multizoom_native_comparison
before,1,2,49.5108,40.6257,13.8075,1.9235,4.4127,1.1063,2.6807,2.3458,0.0002,0.1437,2.0118,3703104,45819,45819,withdrawn_after_multizoom_native_comparison
before,1,3,44.1367,46.9083,13.1531,4.7246,4.0519,1.1486,2.8438,2.5639,0.0003,0.1452,2.0752,3703105,45930,45930,withdrawn_after_multizoom_native_comparison
before,1,4,51.0362,40.2722,16.6455,1.4719,4.0519,1.0926,2.7499,2.3364,0.0022,0.1288,2.0757,3703106,45932,45932,withdrawn_after_multizoom_native_comparison
before,1,5,42.4264,37.3750,14.6528,1.4583,4.4997,1.3554,2.4295,2.3395,0.0027,0.1942,2.0784,3703107,45937,45937,withdrawn_after_multizoom_native_comparison
before,1,6,39.5111,48.4588,15.6017,4.4108,3.9102,0.9782,2.5118,2.2928,0.0004,0.2252,2.0532,3703108,45925,45925,withdrawn_after_multizoom_native_comparison
before,1,7,52.9855,37.3647,13.2021,1.8233,3.9895,1.1431,2.5328,2.3485,0.0002,0.1307,2.0024,3703109,45923,45923,withdrawn_after_multizoom_native_comparison
before,1,8,40.0413,36.9539,14.7925,1.5590,4.1714,1.2076,2.3991,2.5089,0.0012,0.1320,2.1940,3703110,45925,45925,withdrawn_after_multizoom_native_comparison
before,1,9,38.8977,45.6629,16.6476,3.6752,3.8850,0.9679,2.5132,2.3646,0.0002,0.1561,1.9790,3703111,46015,46015,withdrawn_after_multizoom_native_comparison
before,1,10,48.8922,37.9112,16.0938,1.3881,4.1704,1.0355,2.5838,2.3185,0.0037,0.1287,1.9705,3703112,46009,46009,withdrawn_after_multizoom_native_comparison
before,1,11,39.8295,39.5600,14.2783,2.1831,3.9168,1.0025,2.5579,2.3156,0.0005,0.1313,2.0153,3703113,46005,46005,withdrawn_after_multizoom_native_comparison
before,1,12,42.0388,42.3514,13.7038,3.0230,4.6399,1.0443,2.5023,2.3174,0.0017,0.1459,1.9496,3703114,46011,46011,withdrawn_after_multizoom_native_comparison
before,1,13,45.2237,40.4631,15.9623,2.0469,3.9765,0.9975,2.8478,2.3261,0.0001,0.1238,2.1693,3703115,46015,46015,withdrawn_after_multizoom_native_comparison
before,1,14,42.7360,44.6001,16.2153,2.9498,4.3933,0.9982,2.5175,2.3349,0.0001,0.1573,2.1907,3703116,46010,46010,withdrawn_after_multizoom_native_comparison
before,1,15,47.6445,55.6439,16.8365,5.7971,4.6491,0.9835,2.9990,2.8103,0.0002,0.1503,2.3350,3703117,46109,46109,withdrawn_after_multizoom_native_comparison
before,1,16,60.4395,39.3508,13.8347,2.0461,4.0338,1.0583,3.2152,2.3381,0.0020,0.1430,2.0453,3703118,46104,46104,withdrawn_after_multizoom_native_comparison
before,1,17,42.1188,44.0250,15.2593,2.6412,4.2070,1.0397,2.5182,2.4588,0.0002,0.1393,2.5152,3703119,46105,46105,withdrawn_after_multizoom_native_comparison
before,1,18,47.0118,51.0376,15.4065,4.3127,3.9438,0.9506,2.9454,2.3800,0.0002,0.1506,2.4426,3703120,46155,46155,withdrawn_after_multizoom_native_comparison
before,1,19,55.4322,52.2511,16.4521,3.6290,3.9974,0.9657,3.2576,2.4302,0.0002,0.1421,1.9898,3703121,46145,46145,withdrawn_after_multizoom_native_comparison
before,1,20,56.9559,38.6643,14.1433,1.6178,3.9594,1.0531,2.9031,2.3507,0.0002,0.1371,1.9419,3703122,46149,46149,withdrawn_after_multizoom_native_comparison
before,1,21,41.4058,49.9398,17.3494,3.3155,4.5785,0.9860,2.9701,2.3427,0.0016,0.1402,2.2628,3703123,46142,46142,withdrawn_after_multizoom_native_comparison
before,1,22,53.9058,38.9208,16.0077,1.5076,3.8737,1.0046,3.0774,2.3421,0.0002,0.1341,2.3366,3703124,46136,46136,withdrawn_after_multizoom_native_comparison
before,1,23,40.9767,40.3999,15.7653,2.5201,4.1492,1.0611,2.7307,2.2965,0.0004,0.1368,1.9226,3703125,46134,46134,withdrawn_after_multizoom_native_comparison
before,1,24,42.6906,55.7012,13.4437,5.9144,4.6487,1.0821,3.3574,2.5789,0.0003,0.1456,2.0513,3703126,51081,51081,withdrawn_after_multizoom_native_comparison
before,1,25,60.7119,39.9046,16.8671,1.4907,4.0199,1.1063,3.1845,2.3520,0.0019,0.1312,2.4443,3703127,51073,51073,withdrawn_after_multizoom_native_comparison
before,1,26,41.6603,42.2293,16.0712,2.4352,4.1183,1.1188,3.0340,2.3448,0.0015,0.1400,1.9876,3703128,51061,51061,withdrawn_after_multizoom_native_comparison
before,1,27,44.7750,49.5020,19.5206,3.0729,4.7067,1.3285,3.6301,2.3270,0.0002,0.1631,2.0542,3703129,51060,51060,withdrawn_after_multizoom_native_comparison
before,1,28,52.4453,58.8623,14.5152,6.3633,4.4637,1.1251,3.6053,2.4238,0.0001,0.1602,1.9207,3703130,51102,51102,withdrawn_after_multizoom_native_comparison
before,1,29,64.3170,34.9307,15.0506,0.1435,4.1981,1.1500,3.2564,2.3564,0.0025,0.1358,1.9264,3703131,51096,51096,withdrawn_after_multizoom_native_comparison
before,1,30,36.5350,47.1127,14.3434,3.9207,4.3838,1.1534,3.3277,2.2969,0.0002,0.1427,2.0232,3703132,51103,51103,withdrawn_after_multizoom_native_comparison
before,1,31,50.7171,59.5287,14.9468,5.9045,4.2708,1.2554,4.1373,2.3404,0.0017,0.1478,2.0082,3703133,57281,57281,withdrawn_after_multizoom_native_comparison
before,1,32,65.4088,43.0814,15.2758,1.9179,5.0683,1.3282,4.3900,2.2702,0.0001,0.1442,1.8477,3703134,57283,57283,withdrawn_after_multizoom_native_comparison
before,1,33,45.6144,51.6387,17.3412,4.3151,4.1394,1.2995,3.8702,2.3361,0.0018,0.1520,2.1184,3703135,57283,57283,withdrawn_after_multizoom_native_comparison
before,1,34,55.2509,44.4058,12.8083,4.0325,4.5017,1.4395,3.9771,2.3136,0.0003,0.1441,2.1937,3703136,57270,57270,withdrawn_after_multizoom_native_comparison
before,1,35,47.5510,40.2714,14.2978,1.9974,4.1899,1.3386,3.7078,2.3029,0.0003,0.1360,1.9363,3703137,57262,57262,withdrawn_after_multizoom_native_comparison
before,1,36,42.6024,46.1923,12.5894,3.5879,4.4024,1.7475,4.1123,2.2754,0.0016,0.1450,2.0107,3703138,57266,57266,withdrawn_after_multizoom_native_comparison
before,1,37,49.5497,42.1741,14.5538,2.0806,4.6559,1.3516,3.7584,2.3685,0.0001,0.1436,1.8931,3703139,57264,57264,withdrawn_after_multizoom_native_comparison
before,1,38,44.6681,47.5158,15.2877,2.7256,4.4848,1.3851,4.1369,2.2950,0.0015,0.1482,1.8858,3703140,57455,57455,withdrawn_after_multizoom_native_comparison
before,1,39,50.8009,48.5594,12.1343,4.6902,4.3230,1.3981,3.8897,2.2578,0.0002,0.1522,1.9320,3703141,57454,57454,withdrawn_after_multizoom_native_comparison
before,1,40,53.0994,33.0941,11.9831,0.0000,4.2390,1.3684,4.1052,2.3051,0.0005,0.1309,1.8365,3703142,57447,57447,withdrawn_after_multizoom_native_comparison
after,1,1,129.2287,47.9626,16.3243,4.9234,4.3737,1.3046,2.7418,2.4026,0.0002,0.1410,1.9739,3703103,45805,45805,withdrawn_after_multizoom_native_comparison
after,1,2,51.4508,40.5146,14.0211,1.9113,3.9347,1.0056,2.6476,2.3950,0.0002,0.1288,2.1933,3703104,45819,45819,withdrawn_after_multizoom_native_comparison
after,1,3,44.1338,45.7482,13.3311,3.8805,4.0106,1.0032,2.7476,2.3643,0.0002,0.1419,1.9540,3703105,45930,45930,withdrawn_after_multizoom_native_comparison
after,1,4,50.6961,39.1840,16.2014,1.4691,3.9767,1.0085,2.5018,2.3794,0.0012,0.1294,1.9980,3703106,45932,45932,withdrawn_after_multizoom_native_comparison
after,1,5,41.4032,37.1633,14.8888,1.4151,4.2017,1.0848,2.5294,2.4177,0.0018,0.1296,2.3801,3703107,45937,45937,withdrawn_after_multizoom_native_comparison
after,1,6,39.1963,47.9577,14.7120,4.4842,4.0062,1.0101,2.6583,2.3324,0.0002,0.1503,1.9555,3703108,45925,45925,withdrawn_after_multizoom_native_comparison
after,1,7,52.3422,37.9463,13.3978,1.8516,4.3484,1.2412,2.5402,2.3794,0.0002,0.1287,2.0055,3703109,45923,45923,withdrawn_after_multizoom_native_comparison
after,1,8,40.5753,36.9512,14.9099,1.4226,4.0605,0.9855,2.4587,2.3513,0.0018,0.1165,1.9555,3703110,45925,45925,withdrawn_after_multizoom_native_comparison
after,1,9,38.9511,43.9852,15.1079,3.5590,3.9816,1.0197,2.5320,2.3139,0.0002,0.1411,1.9168,3703111,46015,46015,withdrawn_after_multizoom_native_comparison
after,1,10,47.6440,37.3412,15.6427,1.4364,3.8966,1.0058,2.5292,2.3595,0.0018,0.1374,2.0437,3703112,46009,46009,withdrawn_after_multizoom_native_comparison
after,1,11,39.2410,41.0949,14.7916,2.6028,4.7828,1.0928,2.5947,2.3809,0.0002,0.1340,2.0561,3703113,46005,46005,withdrawn_after_multizoom_native_comparison
after,1,12,43.9226,42.0263,14.2685,3.0167,3.9410,1.1713,2.6169,2.3925,0.0018,0.1452,1.9647,3703114,46011,46011,withdrawn_after_multizoom_native_comparison
after,1,13,44.8547,39.3473,15.7031,1.8627,4.0552,1.1292,2.5833,2.3560,0.0002,0.1373,1.9709,3703115,46015,46015,withdrawn_after_multizoom_native_comparison
after,1,14,41.8697,42.5047,15.1402,2.9432,3.9465,0.9777,2.5194,2.3735,0.0002,0.1372,1.9047,3703116,46010,46010,withdrawn_after_multizoom_native_comparison
after,1,15,45.5990,53.7726,16.2135,5.7029,3.9581,1.0029,2.7452,2.3565,0.0002,0.1492,1.9961,3703117,46109,46109,withdrawn_after_multizoom_native_comparison
after,1,16,58.4645,38.9981,13.1200,2.0948,4.4186,1.1833,2.7726,2.7953,0.0019,0.1348,1.9920,3703118,46104,46104,withdrawn_after_multizoom_native_comparison
after,1,17,41.7493,43.1022,14.6850,2.0121,4.4191,1.0350,2.7658,2.3564,0.0002,0.1377,1.9297,3703119,46105,46105,withdrawn_after_multizoom_native_comparison
after,1,18,46.2207,49.1973,14.6675,3.7920,4.1585,0.9860,2.9056,2.4184,0.0002,0.1443,2.1970,3703120,46155,46155,withdrawn_after_multizoom_native_comparison
after,1,19,53.9233,52.0868,16.3397,3.8101,4.5028,0.9812,2.9276,2.3707,0.0005,0.1533,2.2142,3703121,46145,46145,withdrawn_after_multizoom_native_comparison
after,1,20,56.4707,38.7882,13.8657,1.8944,4.0866,1.0070,2.9013,2.3645,0.0002,0.1248,1.9854,3703122,46149,46149,withdrawn_after_multizoom_native_comparison
after,1,21,41.3218,49.7053,17.7273,3.2447,4.2027,1.0843,2.9876,2.3725,0.0020,0.1471,2.4664,3703123,46142,46142,withdrawn_after_multizoom_native_comparison
after,1,22,53.4188,38.5202,16.5050,1.4132,3.9832,1.0042,3.0103,2.3641,0.0006,0.2256,1.9260,3703124,46136,46136,withdrawn_after_multizoom_native_comparison
after,1,23,40.3770,41.1061,16.8672,2.0965,4.0088,1.0339,2.7518,2.3311,0.0002,0.1264,1.9541,3703125,46134,46134,withdrawn_after_multizoom_native_comparison
after,1,24,43.4869,56.1187,15.0080,5.7514,4.0904,1.1009,3.4125,2.3958,0.0004,0.2334,2.3438,3703126,51081,51081,withdrawn_after_multizoom_native_comparison
after,1,25,61.0502,39.2767,16.3785,1.6670,4.0092,1.1053,3.5440,2.3710,0.0016,0.1250,2.1666,3703127,51073,51073,withdrawn_after_multizoom_native_comparison
after,1,26,41.3367,42.0743,16.1255,2.1685,4.3159,1.2139,3.2356,2.3334,0.0022,0.1418,1.9250,3703128,51061,51061,withdrawn_after_multizoom_native_comparison
after,1,27,44.6148,46.7011,18.6521,2.9970,4.0564,1.0915,3.4357,2.3864,0.0002,0.1274,2.0663,3703129,51060,51060,withdrawn_after_multizoom_native_comparison
after,1,28,49.6421,56.5759,13.6129,6.6471,4.1907,1.1049,3.5828,2.3570,0.0002,0.1464,1.9471,3703130,51102,51102,withdrawn_after_multizoom_native_comparison
after,1,29,61.8304,33.9409,14.5679,0.1497,4.1636,1.1556,3.3415,2.3350,0.0020,0.1354,1.9333,3703131,51096,51096,withdrawn_after_multizoom_native_comparison
after,1,30,35.3876,46.7606,14.5612,3.9841,4.3185,1.0719,3.4017,2.3114,0.0005,0.1440,1.8902,3703132,51103,51103,withdrawn_after_multizoom_native_comparison
after,1,31,50.0951,58.6475,14.1502,5.5777,4.3835,1.2346,3.9130,2.8178,0.0015,0.1470,1.9163,3703133,57281,57281,withdrawn_after_multizoom_native_comparison
after,1,32,64.6070,44.4558,15.6898,2.4616,4.4826,1.3069,4.2934,2.4115,0.0002,0.1628,2.3457,3703134,57283,57283,withdrawn_after_multizoom_native_comparison
after,1,33,46.9772,49.5142,16.0572,4.2099,4.1930,1.2493,3.9335,2.3280,0.0015,0.1450,1.8460,3703135,57283,57283,withdrawn_after_multizoom_native_comparison
after,1,34,53.1069,44.0853,12.3168,3.9495,4.4973,1.3332,4.0253,2.3176,0.0003,0.1395,1.9527,3703136,57270,57270,withdrawn_after_multizoom_native_comparison
after,1,35,47.0388,40.8499,13.9635,2.3820,4.6270,1.2738,3.6500,2.3298,0.0002,0.1358,1.8864,3703137,57262,57262,withdrawn_after_multizoom_native_comparison
after,1,36,43.4714,44.6199,12.2461,3.5082,4.6429,1.3672,3.7669,2.2918,0.0017,0.1452,1.9442,3703138,57266,57266,withdrawn_after_multizoom_native_comparison
after,1,37,48.1660,39.8288,12.5708,2.0757,4.2813,1.2739,3.8417,2.3553,0.0003,0.1413,1.8077,3703139,57264,57264,withdrawn_after_multizoom_native_comparison
after,1,38,42.1568,46.9176,15.1526,2.4945,4.4341,1.2517,3.7723,2.2709,0.0016,0.1475,1.8943,3703140,57455,57455,withdrawn_after_multizoom_native_comparison
after,1,39,50.1605,48.3073,11.9515,4.7996,4.4557,1.2549,3.8699,2.3517,0.0002,0.1418,1.8646,3703141,57454,57454,withdrawn_after_multizoom_native_comparison
after,1,40,52.2238,32.7933,11.5610,0.0000,4.8622,1.4474,3.8253,2.3576,0.0002,0.1295,1.9411,3703142,57447,57447,withdrawn_after_multizoom_native_comparison
after,2,1,131.6171,46.2301,14.4543,4.5313,4.2247,0.9417,2.4844,2.4643,0.0002,0.1400,2.1781,3703103,45805,45805,withdrawn_after_multizoom_native_comparison
after,2,2,49.7940,41.0883,13.0841,1.9462,3.9735,1.1941,2.5275,2.4120,0.0002,0.1395,2.6050,3703104,45819,45819,withdrawn_after_multizoom_native_comparison
after,2,3,44.7984,46.7390,13.9370,3.9072,4.2792,0.9793,2.6056,2.3636,0.0002,0.1424,1.9726,3703105,45930,45930,withdrawn_after_multizoom_native_comparison
after,2,4,51.0426,40.3008,17.2179,1.4609,4.2002,1.0603,2.7301,2.3571,0.0017,0.2216,2.0080,3703106,45932,45932,withdrawn_after_multizoom_native_comparison
after,2,5,42.8122,36.2033,14.4741,1.8512,4.0275,1.0154,2.3503,2.3820,0.0019,0.1302,1.9688,3703107,45937,45937,withdrawn_after_multizoom_native_comparison
after,2,6,38.2820,49.4216,15.2831,4.4056,4.1740,1.0560,2.6844,2.3604,0.0002,0.1392,2.1815,3703108,45925,45925,withdrawn_after_multizoom_native_comparison
after,2,7,53.5953,38.8043,14.5481,1.8089,4.0137,1.0848,2.7095,2.4431,0.0002,0.1356,1.9896,3703109,45923,45923,withdrawn_after_multizoom_native_comparison
after,2,8,41.1569,36.3830,14.4575,1.3857,4.1975,1.0000,2.4079,2.5671,0.0020,0.1299,2.2701,3703110,45925,45925,withdrawn_after_multizoom_native_comparison
after,2,9,38.3456,44.7023,15.0287,3.5416,4.3042,0.9910,2.7903,2.3580,0.0002,0.1332,2.0990,3703111,46015,46015,withdrawn_after_multizoom_native_comparison
after,2,10,48.1641,39.3933,16.3083,1.4373,3.9569,1.0892,3.2187,2.4002,0.0015,0.1327,2.1680,3703112,46009,46009,withdrawn_after_multizoom_native_comparison
after,2,11,41.5281,40.1676,13.8595,2.0827,4.3973,1.0407,2.4728,2.3554,0.0003,0.1307,1.9342,3703113,46005,46005,withdrawn_after_multizoom_native_comparison
after,2,12,42.6928,42.1080,13.6907,3.1319,3.9192,1.0060,2.5096,2.3741,0.0018,0.1538,2.5350,3703114,46011,46011,withdrawn_after_multizoom_native_comparison
after,2,13,44.9806,41.3872,17.0375,1.8367,4.0724,0.9900,2.5403,2.3595,0.0001,0.1193,2.2087,3703115,46015,46015,withdrawn_after_multizoom_native_comparison
after,2,14,43.7119,43.1206,14.7273,2.8751,4.0074,1.0561,2.6267,2.3832,0.0002,0.1435,1.9651,3703116,46010,46010,withdrawn_after_multizoom_native_comparison
after,2,15,46.4965,54.2147,15.8050,6.2831,3.8925,1.0599,2.8221,2.4186,0.0003,0.1429,2.3917,3703117,46109,46109,withdrawn_after_multizoom_native_comparison
after,2,16,59.0077,38.6829,13.3512,2.2609,4.3092,0.9977,2.9321,2.6263,0.0014,0.1359,1.9472,3703118,46104,46104,withdrawn_after_multizoom_native_comparison
after,2,17,41.3662,42.4272,14.6419,2.0559,4.0192,1.2001,2.5778,2.3806,0.0001,0.1383,1.9967,3703119,46105,46105,withdrawn_after_multizoom_native_comparison
after,2,18,45.4318,49.8548,14.6783,3.6951,4.4134,1.0215,2.9182,2.3721,0.0001,0.1513,2.2335,3703120,46155,46155,withdrawn_after_multizoom_native_comparison
after,2,19,54.4714,53.4844,15.9544,3.5789,4.8528,1.1452,2.9787,2.3684,0.0004,0.1444,2.1098,3703121,46145,46145,withdrawn_after_multizoom_native_comparison
after,2,20,57.8750,39.5114,13.4828,1.5947,3.9949,1.0117,3.1025,2.8442,0.0002,0.1340,2.2407,3703122,46149,46149,withdrawn_after_multizoom_native_comparison
after,2,21,42.1038,49.6142,17.8369,3.3255,4.4962,1.0131,3.0064,2.4193,0.0016,0.1380,1.9573,3703123,46142,46142,withdrawn_after_multizoom_native_comparison
after,2,22,53.3735,38.3727,15.8952,1.4259,4.0243,1.0781,3.0911,2.7300,0.0003,0.1301,2.0285,3703124,46136,46136,withdrawn_after_multizoom_native_comparison
after,2,23,40.2518,40.1534,16.2144,2.0349,3.8868,1.0191,2.6555,2.3748,0.0002,0.1337,2.0231,3703125,46134,46134,withdrawn_after_multizoom_native_comparison
after,2,24,42.4441,55.0484,13.7500,5.3210,4.3990,1.0895,3.4727,2.4017,0.0002,0.1409,2.0167,3703126,51081,51081,withdrawn_after_multizoom_native_comparison
after,2,25,60.3985,39.2413,16.4229,1.4677,4.0091,1.1128,3.7119,2.3408,0.0014,0.1248,1.9192,3703127,51073,51073,withdrawn_after_multizoom_native_comparison
after,2,26,40.9784,44.1556,17.7254,2.1487,3.9549,1.0990,3.1757,2.3527,0.0018,0.2198,1.9750,3703128,51061,51061,withdrawn_after_multizoom_native_comparison
after,2,27,46.7455,47.8594,19.3042,3.1539,4.1283,1.1451,3.1258,2.3481,0.0003,0.1467,2.4890,3703129,51060,51060,withdrawn_after_multizoom_native_comparison
after,2,28,50.7617,58.2701,14.6101,6.5668,3.9630,1.1984,3.5496,2.3376,0.0002,0.1654,1.9966,3703130,51102,51102,withdrawn_after_multizoom_native_comparison
after,2,29,63.6530,34.1078,13.9371,0.1422,4.1886,1.2433,3.2229,2.3439,0.0021,0.1335,2.0133,3703131,51096,51096,withdrawn_after_multizoom_native_comparison
after,2,30,35.7470,45.9235,14.2569,4.0313,4.0135,1.1053,3.0660,2.3372,0.0002,0.1392,2.0673,3703132,51103,51103,withdrawn_after_multizoom_native_comparison
after,2,31,49.3309,59.9921,13.8977,5.5230,4.3666,1.4641,4.2261,2.3366,0.0015,0.1679,1.8827,3703133,57281,57281,withdrawn_after_multizoom_native_comparison
after,2,32,65.6887,46.5305,16.1732,1.8901,4.6642,1.4274,4.3462,2.7648,0.0001,0.1630,2.9510,3703134,57283,57283,withdrawn_after_multizoom_native_comparison
after,2,33,49.6950,51.6145,16.3247,4.1277,4.6278,1.4400,4.0613,2.3491,0.0017,0.1620,2.0695,3703135,57283,57283,withdrawn_after_multizoom_native_comparison
after,2,34,55.2821,46.8879,14.9736,4.0555,4.3407,1.2840,3.7482,2.7209,0.0002,0.1488,1.9745,3703136,57270,57270,withdrawn_after_multizoom_native_comparison
after,2,35,50.0688,42.2250,14.6690,1.9803,5.0775,1.3224,3.9043,2.3097,0.0002,0.2228,1.9729,3703137,57262,57262,withdrawn_after_multizoom_native_comparison
after,2,36,44.6590,47.1543,13.1473,4.1322,5.1214,1.3178,3.7571,2.3146,0.0016,0.1471,1.9015,3703138,57266,57266,withdrawn_after_multizoom_native_comparison
after,2,37,50.6552,40.6270,12.4396,2.2443,4.2879,1.3757,3.7078,2.2907,0.0002,0.1398,2.0531,3703139,57264,57264,withdrawn_after_multizoom_native_comparison
after,2,38,43.0332,48.1864,15.3336,2.5501,5.1838,1.2401,4.8769,2.3346,0.0019,0.1449,2.0656,3703140,57455,57455,withdrawn_after_multizoom_native_comparison
after,2,39,51.4314,48.8025,12.1689,4.5803,4.2369,1.2898,4.2552,2.3103,0.0002,0.1551,1.8857,3703141,57454,57454,withdrawn_after_multizoom_native_comparison
after,2,40,53.0284,32.8716,12.3590,0.0000,4.3031,1.3198,3.7554,2.3022,0.0002,0.2225,1.7908,3703142,57447,57447,withdrawn_after_multizoom_native_comparison
before,2,1,133.1693,45.6439,14.1527,4.5006,4.0419,1.0397,2.7619,2.5635,0.0002,0.1428,2.1658,3703103,45805,45805,withdrawn_after_multizoom_native_comparison
before,2,2,49.2918,40.5442,13.6552,1.9577,4.0953,1.0477,2.7641,2.3621,0.0002,0.1430,1.9913,3703104,45819,45819,withdrawn_after_multizoom_native_comparison
before,2,3,43.5910,47.3527,13.6254,4.2347,4.3354,0.9934,2.5388,2.3062,0.0002,0.1399,2.2491,3703105,45930,45930,withdrawn_after_multizoom_native_comparison
before,2,4,51.4282,39.4347,16.1146,1.5048,4.0870,1.0347,2.5064,2.3843,0.0016,0.1310,2.2795,3703106,45932,45932,withdrawn_after_multizoom_native_comparison
before,2,5,42.2044,37.2409,15.2686,1.3982,4.7241,0.9961,2.4963,2.3203,0.0014,0.1333,2.0075,3703107,45937,45937,withdrawn_after_multizoom_native_comparison
before,2,6,39.2010,48.9059,15.0110,4.6128,4.5361,1.0095,2.6450,2.3099,0.0005,0.1530,1.9617,3703108,45925,45925,withdrawn_after_multizoom_native_comparison
before,2,7,52.9479,40.5325,15.2279,1.7685,4.5259,1.0422,2.6410,2.3088,0.0001,0.2137,2.0019,3703109,45923,45923,withdrawn_after_multizoom_native_comparison
before,2,8,42.9716,38.1004,15.3120,1.4574,4.1318,1.0279,2.6285,2.3473,0.0019,0.1243,2.1969,3703110,45925,45925,withdrawn_after_multizoom_native_comparison
before,2,9,40.1122,45.9757,15.6024,3.9337,3.9262,1.2662,2.6013,2.8470,0.0002,0.1372,2.1459,3703111,46015,46015,withdrawn_after_multizoom_native_comparison
before,2,10,49.3746,38.8268,16.6879,1.3973,3.9361,1.0205,2.6010,2.7893,0.0016,0.1249,2.0030,3703112,46009,46009,withdrawn_after_multizoom_native_comparison
before,2,11,40.8732,39.6477,14.8917,2.1087,3.9255,1.0279,2.4768,2.3211,0.0003,0.1328,1.9378,3703113,46005,46005,withdrawn_after_multizoom_native_comparison
before,2,12,42.2844,43.5054,13.7924,3.4506,4.0334,1.1727,2.5849,2.3394,0.0018,0.1453,2.8621,3703114,46011,46011,withdrawn_after_multizoom_native_comparison
before,2,13,46.6520,40.2895,16.0710,1.8650,4.5941,0.9837,2.5459,2.3141,0.0002,0.1315,1.9738,3703115,46015,46015,withdrawn_after_multizoom_native_comparison
before,2,14,42.8437,44.5746,15.4490,2.9650,4.2174,1.0011,2.8751,2.4080,0.0002,0.1529,2.0593,3703116,46010,46010,withdrawn_after_multizoom_native_comparison
before,2,15,47.8730,55.2122,16.2859,5.8153,4.6705,1.2303,2.8474,2.3699,0.0002,0.2074,2.1833,3703117,46109,46109,withdrawn_after_multizoom_native_comparison
before,2,16,60.0064,38.7319,13.1737,2.5391,4.3070,1.0121,2.8731,2.3065,0.0012,0.1246,2.0035,3703118,46104,46104,withdrawn_after_multizoom_native_comparison
before,2,17,41.7697,43.4626,15.5415,2.0574,3.9836,1.0558,2.6323,2.3719,0.0002,0.1448,2.0240,3703119,46105,46105,withdrawn_after_multizoom_native_comparison
before,2,18,46.5479,50.8491,15.7343,3.8998,4.4166,1.0339,2.9547,2.3648,0.0002,0.1410,2.0251,3703120,46155,46155,withdrawn_after_multizoom_native_comparison
before,2,19,55.6230,51.6340,16.0258,3.6544,4.4225,0.9786,2.8725,2.3194,0.0002,0.1379,1.9030,3703121,46145,46145,withdrawn_after_multizoom_native_comparison
before,2,20,56.2149,38.3793,13.2182,1.6100,4.5061,1.0641,2.8021,2.3338,0.0001,0.1332,1.9725,3703122,46149,46149,withdrawn_after_multizoom_native_comparison
before,2,21,40.7303,49.3609,17.4698,4.0183,4.1064,1.1811,2.8569,2.3651,0.0016,0.1463,2.1087,3703123,46142,46142,withdrawn_after_multizoom_native_comparison
before,2,22,53.1760,38.5744,16.4369,1.5601,4.0789,0.9949,3.0485,2.3638,0.0001,0.1359,1.9170,3703124,46136,46136,withdrawn_after_multizoom_native_comparison
before,2,23,40.7499,41.3714,16.7629,2.0966,4.0087,1.0193,2.6674,2.4433,0.0003,0.1388,2.3147,3703125,46134,46134,withdrawn_after_multizoom_native_comparison
before,2,24,44.0858,55.2055,14.4923,5.4663,4.2503,1.1009,3.3322,2.3109,0.0003,0.1416,2.0203,3703126,51081,51081,withdrawn_after_multizoom_native_comparison
before,2,25,60.2568,40.0233,16.8400,1.6230,4.0596,1.2649,3.3367,2.3683,0.0016,0.1357,2.1223,3703127,51073,51073,withdrawn_after_multizoom_native_comparison
before,2,26,42.0471,43.8445,16.5878,2.2076,4.3665,1.3240,3.4747,2.3311,0.0014,0.1312,1.9421,3703128,51061,51061,withdrawn_after_multizoom_native_comparison
before,2,27,46.9709,47.5331,19.6119,3.0230,4.1949,1.1385,3.1013,2.3434,0.0003,0.1361,1.9391,3703129,51060,51060,withdrawn_after_multizoom_native_comparison
before,2,28,50.3640,57.7028,14.2262,6.1727,4.2924,1.0406,3.3812,2.3604,0.0003,0.2533,1.8556,3703130,51102,51102,withdrawn_after_multizoom_native_comparison
before,2,29,63.1072,35.3255,14.7578,0.1774,4.2561,1.1623,3.3003,2.3210,0.0016,0.1315,2.4271,3703131,51096,51096,withdrawn_after_multizoom_native_comparison
before,2,30,36.7889,46.4920,14.3332,3.9420,4.1026,1.1608,3.1902,2.3822,0.0002,0.1543,1.8921,3703132,51103,51103,withdrawn_after_multizoom_native_comparison
before,2,31,50.7168,60.5635,14.2834,5.8852,5.2595,1.3432,3.8731,2.2685,0.0026,0.2459,2.2048,3703133,57281,57281,withdrawn_after_multizoom_native_comparison
before,2,32,66.4542,43.8142,15.6724,1.8946,4.9352,1.3588,4.3342,2.3130,0.0002,0.1372,1.9802,3703134,57283,57283,withdrawn_after_multizoom_native_comparison
before,2,33,46.3499,51.6727,16.3862,4.1197,4.5381,1.3768,4.1632,2.7679,0.0016,0.1362,2.3297,3703135,57283,57283,withdrawn_after_multizoom_native_comparison
before,2,34,55.3861,44.2771,12.9738,3.9828,4.3088,1.3496,4.0384,2.2996,0.0002,0.2315,1.8854,3703136,57270,57270,withdrawn_after_multizoom_native_comparison
before,2,35,47.3634,40.8519,13.9409,2.0121,4.3787,1.3702,3.6703,2.2793,0.0003,0.1393,2.2238,3703137,57262,57262,withdrawn_after_multizoom_native_comparison
before,2,36,43.2057,45.5654,12.7471,3.5779,4.2007,1.2483,3.8359,2.5772,0.0019,0.2301,1.9176,3703138,57266,57266,withdrawn_after_multizoom_native_comparison
before,2,37,48.9046,40.1933,12.8721,2.1008,4.3961,1.2875,3.7073,2.2399,0.0001,0.1394,2.0439,3703139,57264,57264,withdrawn_after_multizoom_native_comparison
before,2,38,42.6153,47.3322,15.6497,2.5631,4.5916,1.2696,3.9062,2.3238,0.0022,0.1393,1.8512,3703140,57455,57455,withdrawn_after_multizoom_native_comparison
before,2,39,50.7957,49.0668,12.0850,4.9401,4.7968,1.3503,3.9133,2.2763,0.0002,0.1447,2.0493,3703141,57454,57454,withdrawn_after_multizoom_native_comparison
before,2,40,53.0653,32.6348,11.8666,0.0000,4.3827,1.3807,3.8163,2.2810,0.0001,0.1313,1.8646,3703142,57447,57447,withdrawn_after_multizoom_native_comparison
