candidate_retained,stage,sample,frame,tick,main_ms,main_00_First_ms,main_01_PreUpdate_ms,main_02_StateTransition_ms,main_03_RunFixedMainLoop_ms,main_04_Update_ms,main_05_SpawnScene_ms,main_06_PostUpdate_ms,main_07_Last_ms
False,before,1,1,3703193,34.2372,0.0424,0.2089,0.0509,13.1972,14.4779,0.0026,5.9948,0.2626
False,before,1,2,3703194,33.2897,0.0487,0.4138,0.0660,14.7233,12.5358,0.0025,5.1779,0.3217
False,before,1,3,3703195,39.8854,0.0443,0.2883,0.0563,16.5167,16.2597,0.0019,6.4581,0.2602
False,before,1,4,3703196,31.4787,0.0372,0.3663,0.0609,12.6837,12.5365,0.0021,5.5271,0.2649
False,before,1,5,3703197,38.6482,0.2340,0.2363,0.0568,13.4539,17.8366,0.0024,6.5669,0.2612
False,before,1,6,3703198,50.0956,0.2297,0.2540,0.0561,14.6314,24.8253,0.0023,9.8215,0.2752
False,before,1,7,3703199,32.7405,0.0639,0.2828,0.0602,14.1243,12.6750,0.0020,5.2730,0.2592
False,before,1,8,3703200,35.6198,0.0405,0.2075,0.0554,14.2523,14.9934,0.0021,5.8033,0.2653
False,before,1,9,3703201,40.9875,0.0436,0.2171,0.0699,12.8994,19.6027,0.0019,7.8776,0.2753
False,before,1,10,3703202,32.5404,0.2235,0.2842,0.0629,14.0347,12.5924,0.0033,5.0775,0.2620
False,before,1,11,3703203,32.4585,0.2254,0.2268,0.0563,13.2489,12.6269,0.0017,5.8118,0.2607
False,before,1,12,3703204,46.5989,0.0441,0.4205,0.0552,15.4456,21.1606,0.0023,9.1979,0.2727
False,before,1,13,3703205,38.0666,0.0398,0.2680,0.0532,16.3022,15.5281,0.0026,5.6089,0.2637
False,before,1,14,3703206,39.6388,0.0431,0.2466,0.0522,14.0529,17.6939,0.0027,7.2881,0.2594
False,before,1,15,3703207,47.7287,0.0438,0.3566,0.0583,14.0678,23.6576,0.0026,9.2649,0.2770
False,before,1,16,3703208,39.1030,0.0384,0.2533,0.0604,13.8757,17.7580,0.0023,6.8503,0.2646
False,before,1,17,3703209,38.8250,0.0403,0.2719,0.0615,12.7107,17.4927,0.0021,7.9786,0.2672
False,before,1,18,3703210,36.1574,0.1807,0.2585,0.0635,14.7913,14.8254,0.0015,5.7830,0.2536
False,before,1,19,3703211,34.5764,0.0397,0.2659,0.0629,13.6567,14.5839,0.0033,5.6302,0.3338
False,before,1,20,3703212,42.8432,0.5549,0.2875,0.0736,13.8658,19.7203,0.0019,8.0794,0.2598
False,before,1,21,3703213,35.9277,0.0375,0.2142,0.4133,13.5915,15.6323,0.0019,5.7675,0.2697
False,before,1,22,3703214,41.7224,0.2274,0.2410,0.0646,12.8142,20.7319,0.0025,7.3765,0.2642
False,before,1,23,3703215,31.8238,0.0396,0.3756,0.0662,13.4006,12.7897,0.0017,4.8856,0.2647
False,before,1,24,3703216,47.1357,0.0444,0.3501,0.0583,12.8345,21.6946,0.0038,11.8824,0.2677
False,before,1,25,3703217,40.3385,0.0399,0.4450,0.0635,15.1995,18.0578,0.0022,6.2705,0.2601
False,before,1,26,3703218,39.5386,0.0462,0.3805,0.0587,14.2101,17.8215,0.0024,6.7559,0.2632
False,before,1,27,3703219,51.1627,0.0502,0.2352,0.0648,13.5355,26.7433,0.0024,10.2653,0.2661
False,before,1,28,3703220,41.7527,0.0405,0.2492,0.0635,14.6466,19.4057,0.0025,7.0728,0.2720
False,before,1,29,3703221,38.3011,0.0373,0.2283,0.0592,14.2832,17.0238,0.0023,6.4016,0.2655
False,before,1,30,3703222,39.3945,0.0412,0.2636,0.0508,13.3326,17.9475,0.0022,7.4697,0.2869
False,before,1,31,3703223,54.7140,0.2447,0.2612,0.0592,12.6928,26.2574,0.0024,14.8489,0.3474
False,before,1,32,3703224,44.4984,0.1714,0.2961,0.0584,18.7851,18.2461,0.0022,6.6438,0.2954
False,before,1,33,3703225,40.3080,0.1654,0.2413,0.0616,13.5493,18.9182,0.0025,7.1070,0.2626
False,before,1,34,3703226,36.9521,0.0454,0.2519,0.0577,14.1112,16.0980,0.0026,6.1154,0.2698
False,before,1,35,3703227,49.7326,0.0471,0.2867,0.0613,14.1386,25.1599,0.0026,9.7557,0.2808
False,before,1,36,3703228,46.0501,0.0543,0.2741,0.0688,18.1189,19.9853,0.0023,7.2718,0.2748
False,before,1,37,3703229,43.5277,0.0440,0.2160,0.0584,13.2245,21.2764,0.0025,8.4312,0.2747
False,before,1,38,3703230,37.6816,0.0496,0.2537,0.0589,13.2391,17.4355,0.0026,6.3793,0.2629
False,before,1,39,3703231,36.8533,0.0438,0.2306,0.0602,14.3802,16.1252,0.0024,5.7470,0.2640
False,before,1,40,3703232,52.1383,0.0408,0.2627,0.0623,13.7898,27.5886,0.0025,10.0908,0.3006
False,after,1,1,3703193,33.0286,0.0395,0.2070,0.0552,13.0506,13.7029,0.0022,5.7098,0.2613
False,after,1,2,3703194,32.4652,0.0424,0.3635,0.0612,14.3145,11.8922,0.0021,5.5386,0.2508
False,after,1,3,3703195,40.0570,0.0382,0.3126,0.0703,17.1068,15.6326,0.0022,6.6332,0.2611
False,after,1,4,3703196,30.7326,0.0392,0.2374,0.0696,11.9965,12.0030,0.0022,6.1151,0.2697
False,after,1,5,3703197,37.4347,0.0440,0.2355,0.0653,14.0085,16.3938,0.0022,6.4295,0.2560
False,after,1,6,3703198,50.1362,0.2163,0.2156,0.0561,14.5474,24.7850,0.0026,10.0497,0.2636
False,after,1,7,3703199,32.6039,0.0621,0.3226,0.0521,14.0529,12.7216,0.0021,5.1329,0.2574
False,after,1,8,3703200,34.3729,0.0499,0.3009,0.0559,13.9476,13.6952,0.0023,6.0563,0.2649
False,after,1,9,3703201,40.6683,0.0427,0.3335,0.0562,13.4340,19.2043,0.0024,7.3266,0.2686
False,after,1,10,3703202,32.8394,0.2184,0.2425,0.0597,14.7615,12.1045,0.0024,5.1892,0.2612
False,after,1,11,3703203,31.1487,0.0367,0.2293,0.0556,13.1404,11.6448,0.0024,5.7686,0.2709
False,after,1,12,3703204,45.0705,0.0393,0.2460,0.0577,14.8440,20.9326,0.0024,8.6872,0.2614
False,after,1,13,3703205,37.5983,0.0396,0.3447,0.0825,16.4804,14.6092,0.0029,5.7787,0.2604
False,after,1,14,3703206,40.3208,0.0416,0.2430,0.0694,14.8410,17.8534,0.0023,7.0086,0.2615
False,after,1,15,3703207,46.6139,0.2344,0.3120,0.0724,14.4032,22.6486,0.0027,8.6757,0.2649
False,after,1,16,3703208,39.8385,0.0514,0.3934,0.0602,14.2254,17.7952,0.0023,7.0562,0.2543
False,after,1,17,3703209,37.1177,0.0379,0.3317,0.0587,12.2798,17.1495,0.0023,6.9547,0.3033
False,after,1,18,3703210,34.7275,0.0436,0.2388,0.0629,14.2050,14.3564,0.0025,5.5611,0.2571
False,after,1,19,3703211,34.5431,0.0378,0.3938,0.0565,13.9614,13.5778,0.0022,6.2384,0.2752
False,after,1,20,3703212,43.0748,0.2325,0.2202,0.0533,14.0059,20.3796,0.0023,7.9156,0.2654
False,after,1,21,3703213,35.7500,0.0404,0.2657,0.0523,13.8403,15.1868,0.0024,6.0990,0.2631
False,after,1,22,3703214,39.4379,0.2177,0.2208,0.0558,12.7182,18.9883,0.0023,6.9676,0.2672
False,after,1,23,3703215,30.7769,0.0417,0.2786,0.0613,13.1523,12.0407,0.0023,4.9329,0.2671
False,after,1,24,3703216,45.4450,0.0375,0.2046,0.0578,12.1981,20.7382,0.0021,11.9213,0.2853
False,after,1,25,3703217,40.2857,0.0461,0.3882,0.0635,15.0071,17.8279,0.0025,6.6642,0.2860
False,after,1,26,3703218,37.7562,0.2463,0.2128,0.0542,12.6180,17.3295,0.0021,7.0322,0.2611
False,after,1,27,3703219,50.2300,0.0445,0.2237,0.0554,13.1791,26.3997,0.0024,10.0584,0.2669
False,after,1,28,3703220,41.0358,0.2224,0.2396,0.0543,14.5444,18.8308,0.0027,6.8787,0.2629
False,after,1,29,3703221,38.9451,0.0378,0.2382,0.0622,15.8334,16.3068,0.0023,6.2031,0.2614
False,after,1,30,3703222,40.3386,0.0439,0.2269,0.0556,13.6750,18.1454,0.0021,7.9218,0.2680
False,after,1,31,3703223,56.9162,0.0386,0.2192,0.0726,13.6099,27.9441,0.0025,14.7482,0.2812
False,after,1,32,3703224,43.9183,0.1506,0.2773,0.0564,18.3721,18.1153,0.0019,6.6821,0.2625
False,after,1,33,3703225,40.3687,0.0401,0.2536,0.0611,13.6200,18.7013,0.0021,7.4200,0.2705
False,after,1,34,3703226,36.0414,0.1568,0.2961,0.0615,14.0796,15.4087,0.0019,5.7741,0.2627
False,after,1,35,3703227,49.0607,0.0384,0.1941,0.0639,13.7302,24.8194,0.0021,9.9110,0.3017
False,after,1,36,3703228,44.4778,0.0457,0.3064,0.0529,16.9863,19.4348,0.0027,7.3804,0.2685
False,after,1,37,3703229,42.8979,0.0400,0.2662,0.0616,13.0012,20.2162,0.0026,9.0439,0.2663
False,after,1,38,3703230,37.3013,0.0435,0.3365,0.0743,12.8979,16.9663,0.0021,6.7126,0.2680
False,after,1,39,3703231,36.6817,0.0408,0.2400,0.0589,14.0013,16.3079,0.0023,5.7679,0.2626
False,after,1,40,3703232,50.8814,0.0422,0.2257,0.0589,13.2701,27.1428,0.0025,9.8348,0.3044
False,after,2,1,3703193,32.5403,0.0358,0.2227,0.0546,12.2459,14.0727,0.0027,5.6365,0.2694
False,after,2,2,3703194,31.7638,0.0439,0.2407,0.0763,13.8924,12.0690,0.0022,5.1787,0.2607
False,after,2,3,3703195,41.3319,0.0448,0.2416,0.0571,18.3819,15.8605,0.0029,6.4836,0.2596
False,after,2,4,3703196,30.9255,0.0366,0.2400,0.0692,12.5569,12.1673,0.0022,5.5976,0.2557
False,after,2,5,3703197,36.9392,0.0376,0.2465,0.0788,13.7575,15.9540,0.0023,6.6034,0.2591
False,after,2,6,3703198,51.0998,0.0549,0.2688,0.0531,14.9008,24.9446,0.0022,10.5312,0.3441
False,after,2,7,3703199,31.9778,0.0552,0.3514,0.0666,14.0974,12.0785,0.0021,5.0625,0.2641
False,after,2,8,3703200,34.9709,0.0436,0.2309,0.0513,14.5268,13.5790,0.0019,6.2830,0.2544
False,after,2,9,3703201,41.1849,0.0446,0.2322,0.0656,12.9902,19.6611,0.0024,7.9123,0.2765
False,after,2,10,3703202,31.7862,0.0371,0.3432,0.0593,13.8689,11.7953,0.0023,5.3935,0.2866
False,after,2,11,3703203,31.1273,0.0396,0.2592,0.0577,13.1504,11.7438,0.0043,5.5953,0.2770
False,after,2,12,3703204,44.5482,0.0407,0.2740,0.0647,14.6476,20.5274,0.0026,8.7233,0.2679
False,after,2,13,3703205,37.6909,0.0471,0.2710,0.0541,16.6633,14.6527,0.0025,5.7353,0.2650
False,after,2,14,3703206,38.9541,0.2246,0.2111,0.0617,14.1956,17.2407,0.0024,6.7576,0.2605
False,after,2,15,3703207,46.9429,0.0498,0.2537,0.0707,14.5900,22.7112,0.0029,8.9970,0.2676
False,after,2,16,3703208,38.9752,0.0529,0.2431,0.1222,14.2125,17.2565,0.0026,6.8207,0.2646
False,after,2,17,3703209,38.1935,0.0370,0.2712,0.0604,12.5515,17.2921,0.0024,7.7152,0.2637
False,after,2,18,3703210,33.8145,0.2137,0.2622,0.0659,13.8538,13.4549,0.0021,5.6919,0.2700
False,after,2,19,3703211,33.3060,0.0495,0.2435,0.0601,13.3351,13.0700,0.0023,6.2865,0.2591
False,after,2,20,3703212,43.2740,0.0379,0.2167,0.0573,14.3274,20.2554,0.0024,8.1027,0.2742
False,after,2,21,3703213,36.6623,0.0368,0.2318,0.0688,14.1257,16.0713,0.0028,5.8648,0.2604
False,after,2,22,3703214,40.2754,0.0490,0.3720,0.0587,12.6569,19.4254,0.0023,7.4512,0.2599
False,after,2,23,3703215,31.0957,0.2091,0.2817,0.0681,13.6811,11.7556,0.0022,4.8289,0.2689
False,after,2,24,3703216,46.2849,0.0415,0.3787,0.0586,12.8781,20.9129,0.0042,11.7328,0.2781
False,after,2,25,3703217,40.2238,0.0391,0.4204,0.0647,15.3253,17.7207,0.0022,6.3915,0.2601
False,after,2,26,3703218,38.7893,0.0405,0.2490,0.0640,13.7534,17.5359,0.0027,6.8805,0.2631
False,after,2,27,3703219,52.5102,0.0444,0.2461,0.0579,14.6965,26.7864,0.0024,10.4035,0.2732
False,after,2,28,3703220,42.6852,0.2244,0.2410,0.0542,15.9997,18.7916,0.0016,7.1142,0.2583
False,after,2,29,3703221,38.9121,0.0387,0.2305,0.0549,14.6274,17.2959,0.0025,6.4074,0.2548
False,after,2,30,3703222,40.2130,0.0397,0.2176,0.0641,13.4739,17.5992,0.0023,8.5464,0.2699
False,after,2,31,3703223,56.4128,0.0398,0.2491,0.0570,13.3303,26.1178,0.0027,16.3351,0.2810
False,after,2,32,3703224,43.6679,0.0468,0.3803,0.0584,18.6439,17.5878,0.0029,6.6853,0.2624
False,after,2,33,3703225,40.5028,0.0447,0.2616,0.0601,13.4953,18.8888,0.0026,7.4841,0.2655
False,after,2,34,3703226,36.3625,0.0383,0.2755,0.0509,14.1035,15.5328,0.0026,6.0909,0.2680
False,after,2,35,3703227,49.9287,0.0433,0.3427,0.0611,14.2806,24.8916,0.0029,10.0378,0.2686
False,after,2,36,3703228,45.8886,0.0463,0.2636,0.0831,17.8719,19.9668,0.0028,7.3934,0.2607
False,after,2,37,3703229,43.5511,0.1723,0.2512,0.0552,13.0525,21.0409,0.0024,8.7055,0.2712
False,after,2,38,3703230,37.2045,0.0435,0.2944,0.0644,13.8031,16.1950,0.0021,6.5463,0.2557
False,after,2,39,3703231,36.8806,0.0531,0.3718,0.0664,14.2001,16.0052,0.0029,5.9070,0.2741
False,after,2,40,3703232,50.7047,0.0434,0.2711,0.0513,13.5580,26.4088,0.0028,10.0653,0.3040
False,before,2,1,3703193,32.9541,0.0361,0.2088,0.0572,12.4307,14.2436,0.0024,5.7137,0.2616
False,before,2,2,3703194,32.0880,0.2284,0.2430,0.0644,13.9252,12.2812,0.0023,5.0821,0.2613
False,before,2,3,3703195,42.5754,0.0463,0.2812,0.0585,18.4807,16.8089,0.0024,6.6280,0.2693
False,before,2,4,3703196,31.7070,0.0471,0.3661,0.0592,12.6028,12.8253,0.0024,5.5388,0.2653
False,before,2,5,3703197,36.5055,0.2251,0.2934,0.0536,13.4083,16.1462,0.0024,6.1187,0.2577
False,before,2,6,3703198,50.2993,0.0372,0.3104,0.0580,14.3436,25.8483,0.0027,9.4075,0.2916
False,before,2,7,3703199,32.0759,0.0477,0.2793,0.0621,14.1087,12.3112,0.0019,5.0047,0.2603
False,before,2,8,3703200,35.5112,0.0430,0.2220,0.0577,14.8972,13.9681,0.0023,6.0565,0.2643
False,before,2,9,3703201,40.7213,0.2283,0.2228,0.0543,12.8271,19.4665,0.0022,7.6528,0.2673
False,before,2,10,3703202,32.0110,0.0436,0.3013,0.0541,14.2399,12.0851,0.0021,5.0159,0.2689
False,before,2,11,3703203,32.5905,0.0409,0.2464,0.0508,13.5534,12.4453,0.0028,5.9695,0.2815
False,before,2,12,3703204,46.4084,0.0445,0.2633,0.0648,14.4589,22.1913,0.0023,9.1101,0.2732
False,before,2,13,3703205,37.9805,0.0525,0.3367,0.0575,16.2243,15.3790,0.0024,5.6626,0.2657
False,before,2,14,3703206,40.6624,0.0362,0.2600,0.0623,14.5252,18.2356,0.0022,7.2544,0.2864
False,before,2,15,3703207,47.1704,0.0414,0.3259,0.0512,14.0124,23.7032,0.0025,8.7608,0.2730
False,before,2,16,3703208,39.4432,0.0526,0.2826,0.0570,14.2058,17.9175,0.0028,6.6427,0.2824
False,before,2,17,3703209,37.7991,0.1916,0.2442,0.0631,12.5427,17.2766,0.0026,7.1985,0.2797
False,before,2,18,3703210,34.9099,0.0443,0.3343,0.0568,14.0133,14.2291,0.0026,5.9513,0.2782
False,before,2,19,3703211,33.7150,0.2404,0.2309,0.0580,13.4270,13.7338,0.0023,5.7495,0.2731
False,before,2,20,3703212,43.9749,0.0440,0.3994,0.0605,14.0402,20.9055,0.0025,8.2489,0.2740
False,before,2,21,3703213,36.2180,0.2341,0.2552,0.0620,13.9296,15.9206,0.0021,5.5460,0.2683
False,before,2,22,3703214,41.5317,0.0405,0.2277,0.0647,12.9640,20.5493,0.0022,7.4094,0.2740
False,before,2,23,3703215,31.1949,0.0446,0.3479,0.0541,13.2913,12.2653,0.0020,4.9174,0.2723
False,before,2,24,3703216,47.5351,0.0377,0.3647,0.0587,12.2506,22.7926,0.0027,11.7404,0.2878
False,before,2,25,3703217,40.2490,0.0458,0.2582,0.0597,14.8233,18.3624,0.0025,6.4271,0.2700
False,before,2,26,3703218,37.9435,0.0394,0.2462,0.0601,12.4136,17.9739,0.0025,6.9340,0.2737
False,before,2,27,3703219,51.6554,0.0413,0.2395,0.0562,13.9861,26.6821,0.0029,10.3721,0.2752
False,before,2,28,3703220,41.6678,0.0390,0.3087,0.0760,14.8010,19.0075,0.0023,7.1619,0.2714
False,before,2,29,3703221,38.0147,0.0400,0.2897,0.0566,14.3262,16.7658,0.0020,6.2793,0.2550
False,before,2,30,3703222,40.3100,0.0424,0.2601,0.0630,13.5599,18.4025,0.0025,7.6930,0.2867
False,before,2,31,3703223,57.5093,0.0408,0.3144,0.0627,13.3720,27.4324,0.0043,15.9899,0.2927
False,before,2,32,3703224,44.3896,0.0445,0.3424,0.0685,18.9103,18.3078,0.0037,6.4435,0.2688
False,before,2,33,3703225,41.4213,0.0350,0.2321,0.0599,13.7128,19.9088,0.0024,7.1925,0.2778
False,before,2,34,3703226,37.6106,0.0479,0.2455,0.0632,14.8405,15.7892,0.0022,6.3515,0.2706
False,before,2,35,3703227,49.7942,0.0387,0.3012,0.0671,13.9936,24.9927,0.0025,10.1235,0.2750
False,before,2,36,3703228,46.1557,0.0425,0.2676,0.0572,17.3886,20.9266,0.0025,7.1988,0.2719
False,before,2,37,3703229,44.0832,0.0464,0.2363,0.0526,12.8964,21.9223,0.0025,8.6485,0.2781
False,before,2,38,3703230,37.3518,0.0430,0.2812,0.0629,13.1908,16.8758,0.0027,6.6117,0.2838
False,before,2,39,3703231,37.1359,0.0396,0.3232,0.0578,13.6426,16.6089,0.0022,6.1940,0.2676
False,before,2,40,3703232,52.4016,0.1593,0.2433,0.0556,14.0654,27.2176,0.0026,10.3307,0.3270
