candidate_retained,stage,sample,frame,frame_ms,update_ms,simulation_ms,remap_ms,sort_ms,children_ms,glass_ms,vehicles_ms,water_ms,minimap_ms,effects_ms,tick,sprites,meshes
False,before,1,1,32.7133,34.1429,13.1225,1.1378,4.3778,0.7446,3.3813,2.2637,0.0003,0.1402,0.4372,3703193,46993,46993
False,before,1,2,36.3863,33.1472,14.6316,0.1094,4.4064,0.6786,3.2546,2.2594,0.0024,0.1284,0.7820,3703194,46976,46976
False,before,1,3,35.4645,39.7913,16.4483,1.6835,4.4959,0.7769,3.4021,2.2608,0.0019,0.1469,0.3890,3703195,46979,46979
False,before,1,4,42.9703,31.3878,12.5954,0.1782,4.3021,0.6755,3.4607,2.2166,0.0003,0.1593,0.4874,3703196,46981,46981
False,before,1,5,33.3998,38.3698,13.3714,2.0176,4.7727,0.7539,3.3976,2.4712,0.0002,0.1413,0.5319,3703197,46987,46987
False,before,1,6,40.9605,49.8170,14.5564,4.9020,4.2500,0.8064,3.9473,2.2648,0.0002,0.1517,0.3933,3703198,46973,46973
False,before,1,7,55.0954,32.6364,14.0474,0.1138,4.3210,0.7204,3.8495,2.2466,0.0018,0.1555,0.4749,3703199,46972,46972
False,before,1,8,34.2806,35.5174,14.1679,1.6444,4.6759,0.7283,3.3182,2.2569,0.0001,0.1331,0.4036,3703200,46974,46974
False,before,1,9,37.5889,40.8816,12.8247,3.0855,4.2397,0.8274,3.6128,2.2558,0.0002,0.1553,0.6990,3703201,46970,46970
False,before,1,10,44.3573,32.2647,13.9527,0.1097,4.3417,0.6851,3.7765,2.2815,0.0003,0.1325,0.4044,3703202,46964,46964
False,before,1,11,34.4337,32.1866,13.1654,0.2142,4.3271,0.6828,3.4996,2.2545,0.0002,0.1283,0.4732,3703203,46959,46959
False,before,1,12,33.9113,46.4907,15.3517,3.7119,4.2832,0.7915,3.5914,2.2826,0.0023,0.1426,0.4329,3703204,46962,46962
False,before,1,13,49.8633,37.9700,16.2268,1.4157,4.5478,0.7259,3.8504,2.2604,0.0027,0.1381,0.4270,3703205,46964,46964
False,before,1,14,40.5081,39.5437,13.9628,2.4853,4.1718,0.7140,3.4757,2.2699,0.0003,0.1480,0.7838,3703206,46959,46959
False,before,1,15,42.2350,47.6202,13.9948,3.5948,4.6026,0.8574,3.8977,2.7953,0.0002,0.1482,0.3899,3703207,46964,46964
False,before,1,16,51.8648,39.0076,13.7904,2.7104,4.4882,0.7784,3.7375,2.2227,0.0017,0.1494,0.4225,3703208,46951,46951
False,before,1,17,41.8125,38.7268,12.4484,2.4322,4.4037,0.7565,3.6805,2.2305,0.0002,0.1533,0.4984,3703209,46956,46956
False,before,1,18,41.7215,36.0671,14.7163,1.1419,4.6417,0.7403,3.3912,2.2679,0.0016,0.1380,0.5327,3703210,46947,46947
False,before,1,19,38.2224,34.4642,13.5745,1.1735,4.4345,0.7479,3.5452,2.2264,0.0002,0.1373,0.4798,3703211,46941,46941
False,before,1,20,37.1257,42.3925,13.7927,3.5882,4.0803,0.7961,3.8153,2.2716,0.0017,0.1479,0.4840,3703212,46939,46939
False,before,1,21,45.3363,35.8287,13.5247,1.8536,4.2900,0.7134,3.5902,2.2342,0.0003,0.1475,0.4323,3703213,46931,46931
False,before,1,22,38.2304,41.4393,12.7289,3.8035,4.6368,0.7917,3.7185,2.3294,0.0007,0.1491,0.8251,3703214,46928,46928
False,before,1,23,44.8753,31.7298,13.3286,0.1267,4.6586,0.7069,3.6864,2.2597,0.0018,0.1328,0.4140,3703215,46925,46925
False,before,1,24,33.2620,47.0355,12.7609,3.7386,4.2451,0.8733,4.1515,2.2278,0.0001,0.1551,0.4718,3703216,51856,51856
False,before,1,25,51.1090,40.2460,15.1137,2.4306,4.2773,0.9486,4.1999,2.3231,0.0019,0.1572,0.6159,3703217,51846,51846
False,before,1,26,42.7222,39.4419,14.1377,2.2693,4.3930,0.8604,3.7838,2.3006,0.0002,0.1474,0.4526,3703218,51838,51838
False,before,1,27,42.0325,51.0638,13.4485,5.7792,4.2345,1.0727,4.2363,2.2959,0.0003,0.1541,0.4170,3703219,51828,51828
False,before,1,28,55.4809,41.6573,14.5580,2.6457,4.6985,0.8552,3.9728,2.2325,0.0019,0.1420,0.4633,3703220,51826,51826
False,before,1,29,44.3808,38.2062,14.2030,2.0088,4.3964,0.8248,3.8360,2.2413,0.0013,0.1462,0.5475,3703221,51820,51820
False,before,1,30,40.4782,39.2952,13.2583,1.9947,4.1779,0.9432,3.6812,2.2341,0.0001,0.1464,0.4318,3703222,51806,51806
False,before,1,31,42.3680,54.3593,12.6177,4.2733,4.4504,1.1616,4.6843,2.2198,0.0001,0.1646,0.4682,3703223,57993,57993
False,before,1,32,60.7273,44.2813,18.7030,1.8145,4.8505,0.9834,4.5118,2.3056,0.0003,0.1483,0.3982,3703224,57986,57986
False,before,1,33,46.7142,40.0943,13.4669,2.9299,4.3807,0.9749,3.9558,2.3274,0.0017,0.1495,0.4347,3703225,57986,57986
False,before,1,34,42.9095,36.8487,14.0376,1.6917,4.2896,0.9466,4.0198,2.2871,0.0001,0.1636,0.5764,3703226,57974,57974
False,before,1,35,38.8013,49.6190,14.0543,4.2680,4.6338,1.0991,4.3689,2.2584,0.0001,0.1565,0.5282,3703227,57973,57973
False,before,1,36,53.9432,45.9445,18.0447,2.9882,4.3925,0.9792,4.4186,2.2536,0.0002,0.1491,0.6261,3703228,57972,57972
False,before,1,37,48.6195,43.4263,13.1409,2.9719,4.8794,1.0565,4.0429,2.2648,0.0014,0.1564,0.7507,3703229,57969,57969
False,before,1,38,46.6092,37.5849,13.1563,1.8403,4.5457,0.9986,3.9732,2.2692,0.0019,0.1474,0.9439,3703230,57963,57963
False,before,1,39,40.1963,36.7578,14.2973,1.7256,4.4538,0.9796,3.7339,2.2348,0.0003,0.1430,0.7907,3703231,57954,57954
False,before,1,40,38.9201,52.0113,13.7097,5.5057,4.7615,1.1361,4.3835,2.2397,0.0003,0.1605,0.5815,3703232,57944,57944
False,after,1,1,33.1012,32.9354,12.9715,1.1168,4.5820,0.7197,2.5947,2.2523,0.0002,0.1474,0.4655,3703193,46993,46993
False,after,1,2,35.1820,32.3669,14.2357,0.1466,4.4709,0.6479,2.8766,2.2413,0.0026,0.1398,0.5426,3703194,46976,46976
False,after,1,3,34.4793,39.9600,17.0204,1.6934,4.4128,0.7411,2.7569,2.3230,0.0015,0.1417,0.4569,3703195,46979,46979
False,after,1,4,42.6370,30.6380,11.9192,0.2173,4.3884,0.6365,2.7090,2.3489,0.0002,0.1819,0.4256,3703196,46981,46981
False,after,1,5,33.0061,37.3379,13.9206,1.9693,4.3792,0.7102,3.1842,2.2964,0.0004,0.1503,0.7777,3703197,46987,46987
False,after,1,6,39.9120,49.8653,14.4680,5.2015,4.2813,0.8118,3.6529,2.2462,0.0002,0.1559,0.5485,3703198,46973,46973
False,after,1,7,55.0422,32.5027,13.9795,0.1326,4.9613,0.6553,3.2850,2.3383,0.0018,0.1467,0.4622,3703199,46972,46972
False,after,1,8,34.2240,34.2711,13.8718,1.1239,4.3485,0.7149,2.7954,2.3444,0.0001,0.1344,0.4405,3703200,46974,46974
False,after,1,9,36.2604,40.5662,13.3528,3.0066,4.4136,0.8108,3.5085,2.3181,0.0002,0.1530,0.4491,3703201,46970,46970
False,after,1,10,44.1744,32.5788,14.6730,0.1329,4.3020,0.6503,3.0138,2.3493,0.0003,0.1324,0.7310,3703202,46964,46964
False,after,1,11,34.1465,31.0501,13.0627,0.2195,4.2798,0.6484,2.5391,2.2840,0.0001,0.1557,0.5134,3703203,46959,46959
False,after,1,12,32.9742,44.9705,14.7700,3.6408,4.6515,0.7886,3.0611,2.3821,0.0016,0.1577,0.4144,3703204,46962,46962
False,after,1,13,48.4101,37.5019,16.3846,1.3834,4.2353,0.6891,3.1191,2.2688,0.0016,0.1624,0.4370,3703205,46964,46964
False,after,1,14,39.5768,40.2177,14.7504,2.5804,4.9076,0.8161,2.9515,2.2953,0.0002,0.2340,0.4861,3703206,46959,46959
False,after,1,15,43.6015,46.5116,14.3197,3.5250,4.5445,0.9735,3.4718,2.2970,0.0004,0.1602,0.6189,3703207,46964,46964
False,after,1,16,50.3704,39.7418,14.1431,2.7683,4.4384,0.7249,3.2496,2.3443,0.0022,0.1436,0.5561,3703208,46951,46951
False,after,1,17,42.3515,37.0097,12.1948,2.4000,4.2370,0.7720,3.2255,2.2894,0.0002,0.1564,0.5558,3703209,46956,46956
False,after,1,18,39.8148,34.6328,14.1267,1.1167,4.7834,0.7233,2.8223,2.2697,0.0015,0.1490,0.7640,3703210,46947,46947
False,after,1,19,36.6431,34.4322,13.8943,1.1217,4.5337,0.7413,2.6379,2.3000,0.0002,0.1541,0.4508,3703211,46941,46941
False,after,1,20,36.7907,42.7951,13.9328,3.6726,4.6949,0.7458,3.1313,2.2843,0.0018,0.1512,0.6533,3703212,46939,46939
False,after,1,21,46.0795,35.6548,13.7698,1.9009,4.4965,0.6735,3.0032,2.2582,0.0001,0.1422,0.5680,3703213,46931,46931
False,after,1,22,37.8682,39.1730,12.6245,3.3933,4.2216,0.7339,3.2374,2.2716,0.0002,0.1559,0.3962,3703214,46928,46928
False,after,1,23,42.1815,30.6773,13.0682,0.1290,4.2973,0.7577,2.8951,2.3483,0.0015,0.1467,0.6924,3703215,46925,46925
False,after,1,24,32.2008,45.3379,12.1219,3.6768,4.2577,0.8351,3.7610,2.2584,0.0003,0.1551,0.4465,3703216,51856,51856
False,after,1,25,49.4048,40.1629,14.9257,2.3566,4.8038,0.7890,3.8374,2.3099,0.0017,0.1488,0.4515,3703217,51846,51846
False,after,1,26,42.6804,37.4592,12.5350,2.2127,4.2843,0.8365,3.3833,2.2856,0.0002,0.1575,0.4380,3703218,51838,51838
False,after,1,27,40.0520,50.1264,13.1039,5.8341,4.8066,0.9167,3.7273,2.2747,0.0002,0.1645,0.4553,3703219,51828,51828
False,after,1,28,54.7060,40.7597,14.4664,2.6137,4.4301,0.8272,3.6845,2.3562,0.0014,0.1670,0.4348,3703220,51826,51826
False,after,1,29,43.4549,38.8519,15.7547,1.9710,4.2888,0.8339,3.1065,2.2817,0.0017,0.1596,0.4500,3703221,51820,51820
False,after,1,30,41.0924,40.2419,13.5908,1.9997,4.6034,0.8559,3.1841,2.5148,0.0004,0.1571,0.6179,3703222,51806,51806
False,after,1,31,43.2580,56.8102,13.5248,4.1878,5.4889,1.1651,4.8194,2.2627,0.0003,0.2103,0.8413,3703223,57993,57993
False,after,1,32,62.8384,43.7175,18.2860,2.1203,4.6825,0.9150,4.1921,2.2614,0.0001,0.1495,0.6790,3703224,57986,57986
False,after,1,33,46.5585,40.2617,13.5373,2.8840,4.6961,0.9717,3.4173,2.2806,0.0015,0.1561,0.4525,3703225,57986,57986
False,after,1,34,43.0766,35.8369,14.0067,1.6781,4.6419,0.9584,3.2394,2.2651,0.0002,0.1538,0.5055,3703226,57974,57974
False,after,1,35,37.8294,48.9311,13.6577,4.2221,4.9122,1.0642,3.9964,2.3265,0.0001,0.1603,0.7925,3703227,57973,57973
False,after,1,36,53.1693,44.3744,16.8984,2.9678,4.7902,0.9888,3.7668,2.3042,0.0002,0.1507,0.4494,3703228,57972,57972
False,after,1,37,47.2621,42.8022,12.9218,2.5548,4.4539,1.0009,4.0228,2.3713,0.0017,0.1529,0.4546,3703229,57969,57969
False,after,1,38,46.1686,37.2017,12.8265,1.8805,4.6654,0.9792,3.5740,2.2869,0.0019,0.1500,0.7140,3703230,57963,57963
False,after,1,39,39.5131,36.5847,13.9120,1.6770,4.6336,0.9263,3.8713,2.3270,0.0002,0.1531,0.8305,3703231,57954,57954
False,after,1,40,38.7001,50.7482,13.1796,5.3707,4.8931,1.0542,4.1147,2.2804,0.0001,0.1694,0.4213,3703232,57944,57944
False,after,2,1,32.1734,32.4346,12.1695,1.0874,4.8687,0.7374,2.6546,2.2678,0.0001,0.1633,0.4894,3703193,46993,46993
False,after,2,2,34.6052,31.6671,13.7948,0.1606,4.5402,0.6734,2.6473,2.2789,0.0016,0.2355,0.6436,3703194,46976,46976
False,after,2,3,33.8859,41.2358,18.2850,1.6743,4.7119,0.7687,2.7742,2.2737,0.0017,0.1491,0.4511,3703195,46979,46979
False,after,2,4,43.8741,30.8334,12.4628,0.2318,4.3175,0.6554,3.0165,2.2898,0.0002,0.1413,0.4228,3703196,46981,46981
False,after,2,5,32.7460,36.8413,13.6742,1.9691,4.4279,0.7347,2.7630,2.3353,0.0002,0.1471,0.5817,3703197,46987,46987
False,after,2,6,39.5181,50.9859,14.8292,5.1333,4.5267,0.9605,3.6237,2.3213,0.0001,0.1618,0.4585,3703198,46973,46973
False,after,2,7,56.2842,31.8664,14.0033,0.1369,4.3000,0.6727,3.1476,2.2778,0.0012,0.1472,0.4785,3703199,46972,46972
False,after,2,8,33.5779,34.8751,14.4583,1.4114,4.1697,0.7247,2.6607,2.3086,0.0002,0.1351,0.4127,3703200,46974,46974
False,after,2,9,36.9417,41.0667,12.9126,3.1526,4.2452,0.7964,3.1094,2.2529,0.0001,0.1610,0.5284,3703201,46970,46970
False,after,2,10,44.4509,31.6740,13.7938,0.1327,4.3828,0.6644,2.8177,2.3243,0.0001,0.1350,0.4707,3703202,46964,46964
False,after,2,11,33.3784,31.0204,13.0661,0.2349,4.3403,0.6593,2.5115,2.2906,0.0001,0.1360,0.5373,3703203,46959,46959
False,after,2,12,32.9093,44.4466,14.5497,3.5637,4.5369,0.7665,3.2927,2.3169,0.0013,0.1633,0.4434,3703204,46962,46962
False,after,2,13,47.8450,37.5879,16.5800,1.3768,4.2801,0.7016,3.2234,2.2798,0.0018,0.1577,0.4984,3703205,46964,46964
False,after,2,14,39.8191,38.6768,14.1126,2.5030,4.2039,0.7089,2.9516,2.2492,0.0002,0.1547,0.8854,3703206,46959,46959
False,after,2,15,41.7487,46.8332,14.4982,3.4519,4.3515,0.8359,3.7327,2.3543,0.0003,0.1627,0.8813,3703207,46964,46964
False,after,2,16,50.9288,38.8650,13.2689,2.6565,4.1220,0.7358,3.2885,2.2989,0.0015,0.2438,0.6067,3703208,46951,46951
False,after,2,17,41.8865,38.1029,12.4658,2.3204,4.6156,0.7461,3.1331,2.3260,0.0001,0.2435,0.4680,3703209,46956,46956
False,after,2,18,40.6809,33.7074,13.7785,1.1016,4.1972,0.7398,2.7342,2.3217,0.0016,0.1406,0.4046,3703210,46947,46947
False,after,2,19,35.9339,33.1997,13.2596,1.0941,4.1997,0.7268,2.6389,2.2720,0.0001,0.1394,0.3897,3703211,46941,46941
False,after,2,20,35.3057,43.1706,14.2458,3.8232,4.6925,0.7463,3.3112,2.3480,0.0012,0.1643,0.5191,3703212,46939,46939
False,after,2,21,46.1046,36.5657,14.0427,2.3380,4.3286,0.7042,3.2526,2.2707,0.0001,0.1502,0.5210,3703213,46931,46931
False,after,2,22,39.0222,40.1749,12.5855,3.5113,4.5305,0.7553,3.1053,2.3033,0.0002,0.1569,0.5087,3703214,46928,46928
False,after,2,23,43.6758,30.8287,13.5855,0.1319,4.1537,0.6693,2.8883,2.2832,0.0014,0.2327,0.5476,3703215,46925,46925
False,after,2,24,32.4485,46.1817,12.8038,3.6420,4.3232,0.8469,3.6904,2.2595,0.0002,0.2099,0.4495,3703216,51856,51856
False,after,2,25,50.3525,40.1256,14.9778,2.3552,4.6015,0.8261,3.7298,2.4974,0.0017,0.1536,0.5527,3703217,51846,51846
False,after,2,26,42.3772,38.6894,13.6647,2.1679,4.3948,0.8968,3.2981,2.3432,0.0001,0.1556,0.5298,3703218,51838,51838
False,after,2,27,41.5921,52.4039,14.5908,5.9627,4.7957,1.0138,3.7254,2.3132,0.0002,0.1639,0.5157,3703219,51828,51828
False,after,2,28,56.8108,42.5858,15.9206,2.5414,4.3123,0.8737,3.6436,2.2815,0.0019,0.1582,0.3966,3703220,51826,51826
False,after,2,29,45.2792,38.8181,14.5590,1.9351,4.5645,0.8390,3.5283,2.3803,0.0011,0.1551,0.6852,3703221,51820,51820
False,after,2,30,41.2603,40.1136,13.4016,1.9612,4.2697,0.9187,3.1002,2.2931,0.0001,0.2479,0.4903,3703222,51806,51806
False,after,2,31,43.0222,56.3123,13.2511,4.0547,4.6100,1.1540,4.3655,2.2903,0.0001,0.1615,0.5354,3703223,57993,57993
False,after,2,32,62.1894,43.5676,18.5509,1.8650,4.4095,0.9347,4.3160,2.2949,0.0002,0.1519,0.3861,3703224,57986,57986
False,after,2,33,46.0494,40.4006,13.4210,2.8625,4.4766,0.9574,3.4026,2.2636,0.0013,0.1564,0.4437,3703225,57986,57986
False,after,2,34,43.1770,36.2603,14.0369,1.7858,4.4635,0.9438,3.2929,2.3009,0.0003,0.1618,0.4568,3703226,57974,57974
False,after,2,35,38.2111,49.8259,14.1975,4.0717,4.4454,1.0779,3.9136,2.2853,0.0002,0.1602,0.5286,3703227,57973,57973
False,after,2,36,54.2196,45.7850,17.7824,3.2923,4.8124,0.9865,3.8026,2.2714,0.0002,0.1590,0.4797,3703228,57972,57972
False,after,2,37,48.5936,43.3166,12.9826,2.4289,4.5879,1.0305,4.0027,2.4914,0.0015,0.1606,0.5250,3703229,57969,57969
False,after,2,38,46.4684,37.1065,13.7227,1.7885,4.4100,1.0014,3.4794,2.2859,0.0017,0.1575,0.4020,3703230,57963,57963
False,after,2,39,39.3451,36.7668,14.1180,1.6852,4.5382,0.9411,3.3414,2.3367,0.0001,0.1531,0.8633,3703231,57954,57954
False,after,2,40,38.8975,50.5670,13.4859,5.2445,5.1076,1.0799,3.8453,2.2725,0.0001,0.1636,0.4771,3703232,57944,57944
False,before,2,1,33.9665,32.8621,12.3464,1.2527,4.4084,0.7286,3.2031,2.2488,0.0002,0.1485,0.4605,3703193,46993,46993
False,before,2,2,35.2016,31.8118,13.8540,0.1080,4.4395,0.6871,3.2627,2.2113,0.0012,0.1543,0.6308,3703194,46976,46976
False,before,2,3,34.9497,42.4725,18.3993,1.6776,4.7459,0.7691,3.3872,2.3753,0.0017,0.1413,0.4723,3703195,46979,46979
False,before,2,4,45.3638,31.6046,12.5190,0.1848,4.2831,0.6489,3.4908,2.2100,0.0002,0.2275,0.4691,3703196,46981,46981
False,before,2,5,33.6467,36.2323,13.3251,1.9520,4.3669,0.7266,3.3322,2.2053,0.0002,0.1371,0.5246,3703197,46987,46987
False,before,2,6,38.6356,50.1935,14.2666,5.1114,4.6880,0.8558,4.1127,2.3298,0.0003,0.1512,0.7997,3703198,46973,46973
False,before,2,7,54.6521,31.9770,14.0330,0.1093,4.2904,0.6493,3.5969,2.2570,0.0017,0.1269,0.4622,3703199,46972,46972
False,before,2,8,33.6268,35.4134,14.8193,1.1413,4.1984,0.7157,3.2066,2.2874,0.0003,0.1325,0.5402,3703200,46974,46974
False,before,2,9,37.7344,40.4492,12.7588,3.2060,4.4008,0.7791,3.5895,2.2278,0.0001,0.1432,0.5810,3703201,46970,46970
False,before,2,10,44.0824,31.9096,14.1641,0.1052,4.1885,0.6562,3.5571,2.2477,0.0002,0.1284,0.4188,3703202,46964,46964
False,before,2,11,33.6779,32.4815,13.4663,0.1696,4.4711,0.6625,3.1246,2.2370,0.0002,0.1277,0.4340,3703203,46959,46959
False,before,2,12,34.2783,46.3033,14.3870,3.6889,4.8516,0.8543,3.9811,2.2169,0.0010,0.1489,0.5181,3703204,46962,46962
False,before,2,13,49.6553,37.8800,16.1366,1.4196,4.2435,0.6890,3.6289,2.4450,0.0011,0.1377,0.4468,3703205,46964,46964
False,before,2,14,39.9057,40.5567,14.4474,2.4963,4.7459,0.7022,3.6181,2.2116,0.0002,0.1473,0.6519,3703206,46959,46959
False,before,2,15,43.5835,47.0705,13.9255,3.7413,4.6810,0.8717,4.0524,2.3085,0.0003,0.1583,0.4453,3703207,46964,46964
False,before,2,16,51.2399,39.3335,14.1255,2.7564,4.2128,0.7430,3.7314,2.2430,0.0019,0.1485,0.4744,3703208,46951,46951
False,before,2,17,42.2980,37.6961,12.4616,2.4053,4.2140,0.7430,3.5381,2.2605,0.0002,0.1410,0.4761,3703209,46956,46956
False,before,2,18,40.3047,34.8035,13.9302,1.1470,4.1737,0.7405,3.3738,2.2740,0.0013,0.1368,0.5357,3703210,46947,46947
False,before,2,19,37.3149,33.4188,13.3445,1.1422,4.1693,0.7346,3.2468,2.2422,0.0002,0.1387,0.4654,3703211,46941,46941
False,before,2,20,35.3569,43.8729,13.9604,4.4336,4.1363,0.7439,3.5752,2.2607,0.0017,0.1542,0.8106,3703212,46939,46939
False,before,2,21,47.0108,35.9323,13.8533,1.9304,4.2277,0.7022,3.6002,2.2486,0.0002,0.1419,0.4989,3703213,46931,46931
False,before,2,22,38.1338,41.4307,12.8932,3.9964,4.1364,0.7547,3.8440,2.2592,0.0002,0.1467,0.6350,3703214,46928,46928
False,before,2,23,44.5221,31.0952,13.2202,0.1044,4.2174,0.6734,3.4290,2.4518,0.0019,0.1291,0.4489,3703215,46925,46925
False,before,2,24,32.5959,47.4316,12.1748,3.7828,5.3150,0.8865,4.3164,2.2407,0.0002,0.1507,0.4509,3703216,51856,51856
False,before,2,25,51.7645,40.1485,14.7484,2.3932,4.3516,0.8044,4.5643,2.2731,0.0019,0.2375,0.6396,3703217,51846,51846
False,before,2,26,42.6105,37.8442,12.3288,2.1834,4.2840,0.8408,3.7628,2.2328,0.0002,0.1459,0.4359,3703218,51838,51838
False,before,2,27,40.7415,51.5533,13.9218,5.7818,4.5263,0.9388,4.3930,2.2642,0.0003,0.1565,0.4420,3703219,51828,51828
False,before,2,28,56.0407,41.5691,14.7314,2.6752,4.2198,0.8426,4.0340,2.2232,0.0018,0.1438,0.5112,3703220,51826,51826
False,before,2,29,44.5188,37.9210,14.2477,2.0035,4.2837,0.8679,3.7192,2.2202,0.0017,0.1483,0.4568,3703221,51820,51820
False,before,2,30,40.2423,40.2096,13.4813,2.0135,4.2148,0.8646,3.6709,2.2299,0.0003,0.1482,0.4294,3703222,51806,51806
False,before,2,31,43.0635,57.4060,13.2922,4.2321,4.8864,1.1595,4.7171,2.2425,0.0002,0.1553,0.6482,3703223,57993,57993
False,before,2,32,63.3519,44.2887,18.8371,1.8957,4.6721,0.9297,4.5859,2.2462,0.0002,0.1464,0.4491,3703224,57986,57986
False,before,2,33,46.5816,41.3185,13.6342,2.9377,4.6496,0.9519,4.3436,2.5223,0.0015,0.1504,0.4559,3703225,57986,57986
False,before,2,34,43.9028,37.5082,14.7600,1.6390,4.3583,0.9184,3.8072,2.2282,0.0002,0.1479,0.4352,3703226,57974,57974
False,before,2,35,39.9698,49.6950,13.9212,4.4535,4.4450,1.0516,4.6294,2.3050,0.0005,0.1542,0.4343,3703227,57973,57973
False,before,2,36,53.7618,46.0548,17.3076,3.5122,4.4162,0.9590,4.4392,2.2232,0.0004,0.1479,0.5917,3703228,57972,57972
False,before,2,37,48.8131,43.9814,12.8127,2.9182,5.0008,1.0037,4.4433,2.4444,0.0026,0.1528,0.8050,3703229,57969,57969
False,before,2,38,47.2883,37.2412,13.1141,1.8749,4.3989,0.9689,3.8898,2.2374,0.0012,0.1437,0.4624,3703230,57963,57963
False,before,2,39,39.5240,37.0392,13.5738,1.6928,5.1086,0.9365,4.0314,2.2235,0.0002,0.1464,0.5720,3703231,57954,57954
False,before,2,40,38.9491,52.2554,13.9762,6.0485,4.3906,1.0549,4.3659,2.2337,0.0002,0.1605,0.4571,3703232,57944,57944
