sample,frame,tick,main_ms,main_00_First_ms,main_01_PreUpdate_ms,main_02_StateTransition_ms,main_03_RunFixedMainLoop_ms,main_04_Update_ms,main_05_SpawnScene_ms,main_06_PostUpdate_ms,main_07_Last_ms
1,1,3703193,32.7262,0.0368,0.2659,0.0563,12.4484,14.5200,0.0067,5.1927,0.1995
1,2,3703194,31.9578,0.0343,0.2216,0.0636,14.1296,12.4397,0.0059,4.8571,0.2060
1,3,3703195,45.1213,0.0350,0.2703,0.0565,16.6537,20.1804,0.0071,7.7137,0.2046
1,4,3703196,31.1588,0.0339,0.2609,0.0582,13.4273,12.4711,0.0095,4.6976,0.2002
1,5,3703197,36.7641,0.0439,0.2856,0.0611,13.1749,16.8783,0.0073,6.1068,0.2063
1,6,3703198,52.4050,0.0445,0.2602,0.0535,14.5322,27.0643,0.0074,10.2393,0.2037
1,7,3703199,33.0250,0.0385,0.2807,0.0706,14.5397,13.2569,0.0108,4.5773,0.2505
1,8,3703200,33.7350,0.0308,0.2651,0.0631,13.5930,14.1890,0.0083,5.3824,0.2033
1,9,3703201,46.7126,0.0340,0.2890,0.0535,12.6261,24.5819,0.0062,8.9251,0.1968
1,10,3703202,32.6545,0.0349,0.2851,0.0637,14.2728,12.9857,0.0074,4.8025,0.2024
1,11,3703203,30.9575,0.0357,0.2131,0.0660,13.1914,12.3653,0.0101,4.8727,0.2032
1,12,3703204,47.0546,0.0344,0.2380,0.0978,14.8425,22.8566,0.0065,8.7727,0.2062
1,13,3703205,38.3124,0.0420,0.2547,0.0644,16.0336,15.8701,0.0058,5.7722,0.2695
1,14,3703206,44.0426,0.0367,0.3493,0.1801,15.0043,21.3552,0.0069,6.9072,0.2030
1,15,3703207,54.6314,0.0363,0.2673,0.0859,14.4020,28.5549,0.0073,11.0555,0.2222
1,16,3703208,38.7000,0.0381,0.2958,0.0614,13.2300,18.5852,0.0073,6.2755,0.2067
1,17,3703209,37.1508,0.0362,0.2473,0.0537,12.6017,17.9132,0.0075,6.0820,0.2092
1,18,3703210,40.1425,0.0431,0.2297,0.0708,13.8564,18.3760,0.0086,7.3587,0.1993
1,19,3703211,33.4592,0.0413,0.2353,0.0574,13.1725,14.4430,0.0061,5.3072,0.1963
1,20,3703212,42.7476,0.0349,0.2206,0.0603,13.8839,21.1322,0.0078,7.2087,0.1991
1,21,3703213,42.0122,0.0392,0.2447,0.0565,14.3925,19.7889,0.0056,7.2860,0.1989
1,22,3703214,40.7122,0.0340,0.2346,0.0834,13.1483,19.8251,0.0110,7.1783,0.1975
1,23,3703215,32.2294,0.0414,0.2478,0.0580,13.4837,13.6747,0.0051,4.5223,0.1965
1,24,3703216,39.2145,0.0319,0.2086,0.0550,12.5679,19.2325,0.0060,6.9090,0.2035
1,25,3703217,41.1825,0.0356,0.2214,0.0723,16.3388,18.2446,0.0075,6.0642,0.1980
1,26,3703218,36.6997,0.0333,0.2410,0.0599,12.9286,17.2426,0.0070,5.9875,0.1998
1,27,3703219,53.1798,0.0402,0.2206,0.0579,13.8016,27.8691,0.0074,10.9801,0.2029
1,28,3703220,42.7367,0.0399,0.3433,0.0688,15.4834,19.5300,0.0068,7.0575,0.2070
1,29,3703221,36.6236,0.0388,0.2705,0.0697,15.2709,15.1673,0.0052,5.6057,0.1954
1,30,3703222,44.0514,0.0357,0.1952,0.0957,13.2856,21.2571,0.0070,8.9642,0.2108
1,31,3703223,39.2301,0.0412,0.2879,0.0575,12.8427,18.6799,0.0076,7.1130,0.2003
1,32,3703224,41.5464,0.0391,0.2255,0.0592,18.3330,16.4164,0.0065,6.2696,0.1973
1,33,3703225,43.6925,0.0320,0.2165,0.0656,13.4763,21.6995,0.0071,7.9913,0.2042
1,34,3703226,36.3622,0.0340,0.2695,0.0575,14.3900,16.0693,0.0059,5.3329,0.2032
1,35,3703227,46.6529,0.0332,0.2205,0.0604,14.3389,23.0968,0.0058,8.6961,0.2012
1,36,3703228,50.4199,0.0411,0.2747,0.0771,17.6384,23.7909,0.0068,8.3927,0.1982
1,37,3703229,38.5578,0.0342,0.3057,0.0588,13.8796,17.2915,0.0056,6.7728,0.2094
1,38,3703230,36.1128,0.0398,0.2603,0.0547,13.4045,15.8320,0.0070,6.3045,0.2100
1,39,3703231,42.6976,0.0387,0.2630,0.0664,14.4809,20.1214,0.0064,7.4851,0.2356
1,40,3703232,49.6972,0.0393,0.2647,0.0584,15.4269,24.3123,0.0067,9.3858,0.2031
2,1,3703193,34.3283,0.0346,0.2268,0.0708,13.1618,15.1064,0.0044,5.5234,0.2000
2,2,3703194,32.4932,0.0349,0.2297,0.0741,14.5784,12.7287,0.0056,4.6442,0.1976
2,3,3703195,44.7659,0.0369,0.2072,0.0580,16.6195,19.9030,0.0070,7.7358,0.1984
2,4,3703196,32.2391,0.0364,0.2765,0.0627,13.5113,13.3013,0.0061,4.8459,0.1989
2,5,3703197,37.4705,0.0401,0.2053,0.0623,13.8952,16.8834,0.0090,6.1089,0.2664
2,6,3703198,53.4820,0.0387,0.2496,0.0603,15.3582,26.8114,0.0064,10.7576,0.1998
2,7,3703199,33.4669,0.0347,0.2290,0.0600,14.8989,13.3268,0.0058,4.7120,0.1997
2,8,3703200,34.8621,0.0323,0.2117,0.0724,14.1093,14.9442,0.0068,5.2854,0.2000
2,9,3703201,46.8914,0.0432,0.2198,0.0671,13.0913,24.1754,0.0073,9.0805,0.2069
2,10,3703202,34.1273,0.0394,0.2627,0.0607,14.5976,14.0285,0.0069,4.9318,0.1998
2,11,3703203,30.5858,0.0408,0.2484,0.0563,12.8640,12.5680,0.0043,4.6111,0.1930
2,12,3703204,45.0888,0.0370,0.2096,0.0568,14.2476,21.9487,0.0057,8.3738,0.2095
2,13,3703205,37.8246,0.0338,0.2385,0.0710,16.4336,15.2421,0.0065,5.6003,0.1989
2,14,3703206,39.2469,0.0342,0.2470,0.0583,14.8576,17.5647,0.0069,6.2784,0.1997
2,15,3703207,52.5944,0.0400,0.2559,0.0605,14.3503,27.3501,0.0097,10.3110,0.2169
2,16,3703208,40.9588,0.0366,0.2792,0.0552,14.3710,19.8293,0.0052,6.1802,0.2022
2,17,3703209,36.5279,0.0310,0.2276,0.0601,12.4116,17.4528,0.0066,6.1328,0.2054
2,18,3703210,40.9401,0.0400,0.3982,0.0634,13.6856,19.0446,0.0064,7.5010,0.2008
2,19,3703211,34.3509,0.0437,0.2995,0.0659,13.6446,14.7189,0.0066,5.3699,0.2018
2,20,3703212,43.2993,0.0343,0.2146,0.0721,14.2046,21.1380,0.0049,7.4292,0.2017
2,21,3703213,41.7738,0.0420,0.2271,0.0630,13.9538,20.0592,0.0063,7.2139,0.2085
2,22,3703214,40.0957,0.0341,0.2543,0.0605,12.7143,19.9150,0.0052,6.9133,0.1990
2,23,3703215,31.6223,0.0366,0.2230,0.0620,13.6746,12.8477,0.0060,4.5684,0.2041
2,24,3703216,38.6623,0.0342,0.2543,0.0615,12.3887,18.5572,0.0049,7.1551,0.2063
2,25,3703217,40.0068,0.0386,0.2638,0.0533,15.9301,17.4251,0.0054,6.0842,0.2062
2,26,3703218,37.9133,0.0416,0.2096,0.0608,14.1265,16.9828,0.0045,6.2671,0.2203
2,27,3703219,53.0721,0.0394,0.2361,0.0579,13.6890,28.1516,0.0056,10.6849,0.2076
2,28,3703220,42.5958,0.0409,0.2703,0.0689,15.1896,19.9979,0.0079,6.8172,0.2031
2,29,3703221,36.0433,0.0426,0.2273,0.0792,14.6599,15.4958,0.0063,5.3281,0.2041
2,30,3703222,45.1470,0.0398,0.2392,0.0713,13.7066,22.0024,0.0066,8.8703,0.2107
2,31,3703223,40.2642,0.0353,0.2568,0.0568,12.9205,19.5935,0.0063,7.1819,0.2130
2,32,3703224,43.6485,0.0477,0.2898,0.0604,19.9658,16.7816,0.0061,6.2915,0.2056
2,33,3703225,43.5720,0.0531,0.3074,0.0572,13.5874,21.3149,0.0063,8.0424,0.2032
2,34,3703226,36.6287,0.0387,0.2688,0.0613,14.5479,15.9702,0.0065,5.5356,0.1998
2,35,3703227,46.6849,0.0333,0.2913,0.0584,14.0175,23.0355,0.0060,9.0379,0.2050
2,36,3703228,50.7213,0.0329,0.2849,0.0601,17.1528,24.2014,0.0095,8.7616,0.2181
2,37,3703229,38.7911,0.0409,0.2495,0.0519,13.9654,17.6278,0.0061,6.6488,0.2007
2,38,3703230,36.8561,0.0392,0.2448,0.0581,13.3433,16.7015,0.0050,6.2584,0.2058
2,39,3703231,42.2906,0.0344,0.2469,0.0548,14.6434,19.9855,0.0060,7.1153,0.2043
2,40,3703232,48.0859,0.0433,0.2438,0.0583,13.7962,24.0309,0.0068,9.6949,0.2116
