candidate_status,sample,frame,tick,main_ms,main_00_First_ms,main_01_PreUpdate_ms,main_02_StateTransition_ms,main_03_RunFixedMainLoop_ms,main_04_Update_ms,main_05_SpawnScene_ms,main_06_PostUpdate_ms,main_07_Last_ms
retired_extra_ecs_resource,1,1,3703194,31.7919,0.0339,0.2530,0.0625,13.6816,12.9047,0.0053,4.6523,0.1985
retired_extra_ecs_resource,1,2,3703195,45.6206,0.0358,0.2272,0.0648,16.9338,20.5107,0.0062,7.6321,0.2100
retired_extra_ecs_resource,1,3,3703196,30.0757,0.0460,0.2792,0.0603,11.9404,12.9308,0.0063,4.6182,0.1944
retired_extra_ecs_resource,1,4,3703197,37.5532,0.0343,0.2246,0.0553,13.8248,17.1076,0.0060,6.0998,0.2007
retired_extra_ecs_resource,1,5,3703198,52.7056,0.0340,0.2377,0.0647,14.9992,27.0431,0.0054,10.1211,0.2004
retired_extra_ecs_resource,1,6,3703199,32.0861,0.0398,0.2830,0.0624,13.8082,12.7652,0.0054,4.9289,0.1932
retired_extra_ecs_resource,1,7,3703200,34.8056,0.0309,0.2057,0.0568,14.2827,14.6918,0.0070,5.3318,0.1989
retired_extra_ecs_resource,1,8,3703201,46.5369,0.0349,0.2163,0.1254,13.4395,23.8580,0.0159,8.6361,0.2107
retired_extra_ecs_resource,1,9,3703202,31.9597,0.0358,0.2937,0.0614,13.9194,12.8479,0.0064,4.5878,0.2072
retired_extra_ecs_resource,1,10,3703203,31.0032,0.0338,0.2499,0.0506,13.3893,12.5317,0.0066,4.5469,0.1945
retired_extra_ecs_resource,1,11,3703204,45.9131,0.0322,0.2312,0.0607,14.5854,22.6374,0.0071,8.1560,0.2030
retired_extra_ecs_resource,1,12,3703205,37.6149,0.0364,0.2393,0.0685,16.2808,15.5592,0.0059,5.2314,0.1934
retired_extra_ecs_resource,1,13,3703206,39.1520,0.0388,0.2333,0.0602,14.1845,18.3187,0.0051,6.1107,0.2006
retired_extra_ecs_resource,1,14,3703207,52.0519,0.0455,0.2825,0.0678,14.6944,26.5599,0.0066,10.1846,0.2107
retired_extra_ecs_resource,1,15,3703208,39.3623,0.0422,0.2776,0.0705,14.3251,18.1697,0.0046,6.2725,0.2001
retired_extra_ecs_resource,1,16,3703209,36.6632,0.0313,0.3152,0.1366,12.6359,17.0721,0.0070,6.2623,0.2028
retired_extra_ecs_resource,1,17,3703210,39.9337,0.0416,0.2596,0.0738,13.9708,18.6483,0.0054,6.7415,0.1926
retired_extra_ecs_resource,1,18,3703211,34.0244,0.0350,0.2533,0.0621,13.6493,14.6877,0.0058,5.1336,0.1976
retired_extra_ecs_resource,1,19,3703212,41.6784,0.0382,0.2321,0.0635,13.8041,20.2108,0.0056,7.1237,0.2005
retired_extra_ecs_resource,1,20,3703213,41.8877,0.0375,0.2714,0.0596,13.9548,20.1567,0.0064,7.1894,0.2120
retired_extra_ecs_resource,1,21,3703214,40.1568,0.0395,0.2648,0.0652,13.0975,19.8232,0.0055,6.6645,0.1965
retired_extra_ecs_resource,1,22,3703215,32.1799,0.0429,0.2372,0.0808,14.2013,12.8623,0.0065,4.5393,0.2097
retired_extra_ecs_resource,1,23,3703216,37.9588,0.0324,0.2111,0.0594,12.3800,18.1613,0.0066,6.9072,0.2007
retired_extra_ecs_resource,1,24,3703217,38.4727,0.0384,0.2305,0.0637,14.8949,17.0692,0.0054,5.9647,0.2059
retired_extra_ecs_resource,1,25,3703218,36.0075,0.0362,0.2271,0.0608,13.5107,16.2881,0.0054,5.6798,0.1994
retired_extra_ecs_resource,1,26,3703219,52.0734,0.0351,0.2207,0.0575,13.4716,27.7201,0.0055,10.3525,0.2104
retired_extra_ecs_resource,1,27,3703220,40.9782,0.0399,0.2629,0.0650,14.4212,19.0701,0.0051,6.9089,0.2050
retired_extra_ecs_resource,1,28,3703221,36.1934,0.0371,0.2676,0.0534,14.4071,15.5103,0.0051,5.7104,0.2025
retired_extra_ecs_resource,1,29,3703222,43.5167,0.0352,0.2733,0.0506,12.9777,21.4973,0.0060,8.4743,0.2023
retired_extra_ecs_resource,1,30,3703223,41.3767,0.0420,0.2547,0.0554,14.5309,19.2767,0.0056,7.0145,0.1968
retired_extra_ecs_resource,1,31,3703224,43.7241,0.0380,0.2614,0.0607,18.6191,18.1670,0.0097,6.3667,0.2014
retired_extra_ecs_resource,1,32,3703225,43.3658,0.0367,0.2454,0.0633,13.1385,21.7502,0.0052,7.9261,0.2005
retired_extra_ecs_resource,1,33,3703226,35.8784,0.0389,0.2491,0.0642,14.2052,15.5591,0.0069,5.5542,0.2008
retired_extra_ecs_resource,1,34,3703227,46.9104,0.0337,0.2688,0.0615,13.8088,23.0439,0.0094,9.4803,0.2039
retired_extra_ecs_resource,1,35,3703228,49.3358,0.0330,0.2529,0.0617,17.1111,22.7441,0.0096,8.9155,0.2079
retired_extra_ecs_resource,1,36,3703229,39.0280,0.0413,0.2862,0.2271,13.7382,17.8616,0.0063,6.6397,0.2276
retired_extra_ecs_resource,1,37,3703230,36.1674,0.0354,0.2717,0.0574,13.2422,16.1198,0.0059,6.2289,0.2061
retired_extra_ecs_resource,1,38,3703231,41.7811,0.0423,0.4177,0.0749,14.2621,19.5605,0.0060,7.2148,0.2027
retired_extra_ecs_resource,1,39,3703232,47.5938,0.0388,0.2645,0.0593,13.4177,24.6630,0.0063,8.9303,0.2139
retired_extra_ecs_resource,1,40,3703233,39.1914,0.0400,0.2819,0.0595,12.9189,18.9212,0.0064,6.7597,0.2039
retired_extra_ecs_resource,2,1,3703194,32.5289,0.0327,0.2042,0.0553,14.5815,12.5966,0.0051,4.8537,0.1998
retired_extra_ecs_resource,2,2,3703195,45.5555,0.0315,0.2023,0.0589,16.6194,20.4245,0.0072,8.0020,0.2097
retired_extra_ecs_resource,2,3,3703196,30.5124,0.0502,0.2306,0.0609,12.4970,13.0472,0.0049,4.4187,0.2028
retired_extra_ecs_resource,2,4,3703197,36.5183,0.0337,0.1986,0.0571,13.1741,16.4948,0.0065,6.3478,0.2057
retired_extra_ecs_resource,2,5,3703198,52.3098,0.0362,0.2483,0.0587,14.6954,26.6932,0.0092,10.3691,0.1997
retired_extra_ecs_resource,2,6,3703199,33.4212,0.0399,0.2833,0.0523,14.6880,13.4982,0.0074,4.6545,0.1976
retired_extra_ecs_resource,2,7,3703200,34.1095,0.0339,0.2287,0.0571,13.9240,14.5840,0.0060,5.0854,0.1905
retired_extra_ecs_resource,2,8,3703201,46.2940,0.0329,0.2408,0.0690,13.5392,23.1452,0.0061,9.0656,0.1953
retired_extra_ecs_resource,2,9,3703202,32.3291,0.0422,0.2566,0.0626,14.4144,12.7917,0.0055,4.5546,0.2016
retired_extra_ecs_resource,2,10,3703203,30.7426,0.0335,0.2453,0.0685,13.0971,12.6049,0.0042,4.4920,0.1970
retired_extra_ecs_resource,2,11,3703204,46.2792,0.0315,0.2074,0.0540,15.3360,21.7812,0.0063,8.6670,0.1959
retired_extra_ecs_resource,2,12,3703205,38.4252,0.0352,0.2603,0.0594,16.6953,15.5717,0.0105,5.5904,0.2024
retired_extra_ecs_resource,2,13,3703206,40.4010,0.0343,0.2223,0.0637,14.9160,18.6116,0.0056,6.3152,0.2323
retired_extra_ecs_resource,2,14,3703207,51.1868,0.0390,0.2707,0.0617,13.7232,26.1898,0.0076,10.6870,0.2078
retired_extra_ecs_resource,2,15,3703208,38.5751,0.0403,0.3151,0.0718,13.6338,17.9709,0.0099,6.3313,0.2020
retired_extra_ecs_resource,2,16,3703209,36.1803,0.0323,0.2251,0.0580,12.0455,17.4393,0.0089,6.1460,0.2251
retired_extra_ecs_resource,2,17,3703210,41.4504,0.0392,0.2311,0.0593,14.5356,19.0190,0.0066,7.3640,0.1957
retired_extra_ecs_resource,2,18,3703211,34.6684,0.0407,0.2525,0.0633,13.3362,15.5864,0.0050,5.1784,0.2057
retired_extra_ecs_resource,2,19,3703212,41.5863,0.0316,0.2009,0.0804,13.8072,20.4405,0.0068,6.8207,0.1981
retired_extra_ecs_resource,2,20,3703213,43.0415,0.0384,0.2215,0.0745,15.0253,20.2741,0.0064,7.1988,0.2026
retired_extra_ecs_resource,2,21,3703214,40.6164,0.0368,0.2599,0.0626,13.6253,19.2098,0.0072,7.2117,0.2031
retired_extra_ecs_resource,2,22,3703215,32.4287,0.0382,0.2323,0.0674,13.7180,13.5119,0.0064,4.6595,0.1949
retired_extra_ecs_resource,2,23,3703216,39.5300,0.0385,0.2049,0.0612,13.0004,19.0705,0.0065,6.9488,0.1993
retired_extra_ecs_resource,2,24,3703217,39.1829,0.0423,0.2351,0.0627,14.9151,17.6555,0.0063,6.0642,0.2016
retired_extra_ecs_resource,2,25,3703218,36.3740,0.0434,0.2192,0.0776,13.4767,16.5769,0.0051,5.7720,0.2030
retired_extra_ecs_resource,2,26,3703219,54.1710,0.0386,0.2127,0.0617,14.4745,28.4286,0.0068,10.7455,0.2025
retired_extra_ecs_resource,2,27,3703220,41.6135,0.0382,0.2550,0.0668,15.1167,19.0336,0.0070,6.8874,0.2088
retired_extra_ecs_resource,2,28,3703221,36.2541,0.0365,0.2352,0.0648,14.9334,15.1913,0.0058,5.5840,0.2032
retired_extra_ecs_resource,2,29,3703222,43.4020,0.0337,0.2287,0.0790,13.0450,21.4290,0.0075,8.3728,0.2063
retired_extra_ecs_resource,2,30,3703223,39.9862,0.0335,0.2532,0.0626,12.9319,19.1628,0.0071,7.3350,0.2003
retired_extra_ecs_resource,2,31,3703224,43.4718,0.0323,0.2589,0.0813,19.0944,17.3631,0.0095,6.4291,0.2033
retired_extra_ecs_resource,2,32,3703225,44.2975,0.0391,0.2251,0.0534,13.1886,22.5516,0.0052,8.0317,0.2029
retired_extra_ecs_resource,2,33,3703226,37.6205,0.4897,0.8010,0.0711,14.2741,16.3020,0.0051,5.4784,0.1990
retired_extra_ecs_resource,2,34,3703227,46.3162,0.0390,0.2483,0.0763,14.3368,22.2075,0.0064,9.2013,0.2006
retired_extra_ecs_resource,2,35,3703228,50.5867,0.0434,0.2498,0.0669,17.3865,23.9090,0.0054,8.7164,0.2092
retired_extra_ecs_resource,2,36,3703229,39.2343,0.0347,0.2528,0.0653,13.7122,18.2784,0.0059,6.6799,0.2049
retired_extra_ecs_resource,2,37,3703230,35.8588,0.0350,0.2235,0.0586,13.0705,16.1669,0.0059,6.0976,0.2008
retired_extra_ecs_resource,2,38,3703231,41.3144,0.0474,0.2175,0.0726,14.1774,19.4478,0.0047,7.1367,0.2103
retired_extra_ecs_resource,2,39,3703232,47.6085,0.0402,0.2581,0.0662,13.5376,24.4018,0.0072,9.0833,0.2141
retired_extra_ecs_resource,2,40,3703233,40.1770,0.0397,0.2676,0.0567,13.6657,19.1330,0.0078,6.8037,0.2027
