candidate_status,observer,sample,frame,frame_ms,update_ms,simulation_ms,remap_ms,sort_ms,children_ms,glass_ms,vehicles_ms,water_ms,minimap_ms,effects_ms,tick,sprites,meshes
retired_extra_ecs_resource,off,1,1,128.9570,38.8666,13.4876,1.8761,3.7552,0.6598,2.3985,2.4635,0.0003,0.1314,1.9557,3703104,45584,45584
retired_extra_ecs_resource,off,1,2,41.8867,45.7660,13.4144,4.2132,3.8008,0.6375,2.1813,2.2944,0.0001,0.1396,1.9795,3703105,45795,45795
retired_extra_ecs_resource,off,1,3,50.4454,37.5822,16.7112,1.6027,3.8678,0.6919,2.0725,2.3592,0.0003,0.1293,2.0900,3703106,45797,45797
retired_extra_ecs_resource,off,1,4,39.7593,36.6436,14.8896,1.4677,3.7722,0.7426,1.8341,2.3012,0.0015,0.1264,2.1525,3703107,45799,45799
retired_extra_ecs_resource,off,1,5,39.3601,47.2442,15.2981,4.2713,3.7724,0.6723,2.3009,2.3125,0.0015,0.1344,2.0943,3703108,45878,45878
retired_extra_ecs_resource,off,1,6,51.1808,36.8045,13.2131,1.7547,3.7241,0.6971,2.1552,2.2882,0.0004,0.1358,2.0122,3703109,45866,45866
retired_extra_ecs_resource,off,1,7,39.3548,35.9303,15.0021,1.4496,3.7499,0.7159,1.9560,2.2848,0.0003,0.1255,2.3117,3703110,45865,45865
retired_extra_ecs_resource,off,1,8,38.1041,45.8702,16.8417,3.7599,3.7414,0.7189,2.0718,2.3072,0.0018,0.1370,2.0573,3703111,45960,45960
retired_extra_ecs_resource,off,1,9,49.5609,36.8396,15.9338,1.4049,3.6990,0.7016,2.1378,2.2926,0.0001,0.1233,1.9910,3703112,45957,45957
retired_extra_ecs_resource,off,1,10,39.0713,36.5778,13.4303,2.0750,3.7525,0.9199,1.9993,2.3132,0.0019,0.1294,2.0774,3703113,45951,45951
retired_extra_ecs_resource,off,1,11,39.3512,41.9976,13.7033,3.2257,3.9704,0.7028,2.0507,2.5943,0.0003,0.1384,2.5761,3703114,45947,45947
retired_extra_ecs_resource,off,1,12,45.1095,40.3957,16.6217,1.9195,3.8522,0.7100,2.1840,2.3041,0.0015,0.1316,2.0230,3703115,45954,45954
retired_extra_ecs_resource,off,1,13,43.0899,42.0788,14.4732,3.1322,3.8743,0.7192,2.1846,2.3286,0.0002,0.1427,1.9916,3703116,45984,45984
retired_extra_ecs_resource,off,1,14,45.2783,54.5240,17.6026,5.6874,3.8315,0.6567,2.4878,2.3242,0.0003,0.1563,2.1321,3703117,46080,46080
retired_extra_ecs_resource,off,1,15,59.1652,37.3027,13.4311,2.0416,4.4362,0.8814,2.4139,2.3235,0.0003,0.1327,2.1021,3703118,46078,46078
retired_extra_ecs_resource,off,1,16,39.6393,41.5738,14.7050,2.3618,3.9820,0.7069,2.0560,2.6125,0.0019,0.1372,2.2905,3703119,46101,46101
retired_extra_ecs_resource,off,1,17,44.9380,50.3055,15.1540,3.7770,4.2004,0.6785,2.4626,2.3061,0.0002,0.1403,2.0815,3703120,46164,46164
retired_extra_ecs_resource,off,1,18,54.7094,51.3873,16.5767,3.8545,3.8621,0.6788,2.5248,2.5787,0.0003,0.1545,2.5606,3703121,46151,46151
retired_extra_ecs_resource,off,1,19,55.9352,38.1494,14.6803,1.5534,3.7823,0.7402,2.4366,2.3694,0.0003,0.1731,1.9662,3703122,46145,46145
retired_extra_ecs_resource,off,1,20,40.7275,49.6082,17.9995,3.3963,3.7285,0.6854,2.2924,2.5880,0.0003,0.1453,1.9651,3703123,46149,46149
retired_extra_ecs_resource,off,1,21,53.3040,38.1215,16.6670,1.4030,3.9897,0.7578,2.3609,2.3044,0.0015,0.2114,1.9926,3703124,46142,46142
retired_extra_ecs_resource,off,1,22,40.3217,39.3763,15.7774,2.2088,4.0921,0.9419,2.2562,2.2915,0.0001,0.1346,2.1273,3703125,46137,46137
retired_extra_ecs_resource,off,1,23,41.6880,40.6472,13.7176,3.0768,3.9853,0.8824,2.2996,2.3267,0.0002,0.1299,1.9912,3703126,46134,46134
retired_extra_ecs_resource,off,1,24,43.5019,50.7632,16.4067,4.2411,4.2926,0.7892,2.7711,2.3242,0.0002,0.2256,1.9466,3703127,51082,51082
retired_extra_ecs_resource,off,1,25,54.7764,41.6006,15.8147,2.2420,3.8624,0.7611,2.6812,2.7227,0.0019,0.1376,2.1241,3703128,51069,51069
retired_extra_ecs_resource,off,1,26,43.9820,46.4548,18.7256,3.5137,3.8074,0.7652,2.7832,2.3004,0.0016,0.1338,2.0321,3703129,51061,51061
retired_extra_ecs_resource,off,1,27,49.6147,59.0496,14.6551,7.2169,3.7838,0.7670,2.9542,2.6623,0.0002,0.1625,2.0095,3703130,51105,51105
retired_extra_ecs_resource,off,1,28,64.5808,33.2468,14.7024,0.1105,3.7116,0.7644,2.6842,2.3124,0.0002,0.1338,1.9611,3703131,51102,51102
retired_extra_ecs_resource,off,1,29,34.9386,44.1678,14.7350,3.8667,3.8387,1.0158,2.4515,2.2659,0.0021,0.1471,2.0090,3703132,51117,51117
retired_extra_ecs_resource,off,1,30,47.7048,43.5519,14.2552,4.0615,3.8352,0.8135,3.0186,2.2497,0.0002,0.1559,1.8980,3703133,51096,51096
retired_extra_ecs_resource,off,1,31,46.3504,55.1997,15.8057,3.5878,4.3151,0.9710,3.6298,2.2710,0.0015,0.1541,1.9081,3703134,57293,57293
retired_extra_ecs_resource,off,1,32,60.4377,49.2881,16.3252,4.0983,4.5107,1.0076,3.3607,2.2606,0.0001,0.1469,1.9719,3703135,57285,57285
retired_extra_ecs_resource,off,1,33,52.7278,43.8005,13.6756,4.0271,3.9431,0.9257,3.0979,2.2730,0.0014,0.1435,1.9483,3703136,57281,57281
retired_extra_ecs_resource,off,1,34,46.6460,39.3048,14.2451,2.0123,3.9793,1.0540,3.0686,2.2777,0.0002,0.1466,1.9857,3703137,57269,57269
retired_extra_ecs_resource,off,1,35,41.8968,43.2683,12.5792,3.5327,4.0624,0.9364,2.9103,2.2514,0.0002,0.1408,1.9612,3703138,57261,57261
retired_extra_ecs_resource,off,1,36,46.7310,38.5699,13.4220,2.0267,4.1893,0.9634,2.9714,2.2571,0.0016,0.1379,1.8737,3703139,57266,57266
retired_extra_ecs_resource,off,1,37,41.2784,46.8635,15.4986,2.5997,4.4332,1.0519,3.2835,2.2737,0.0002,0.1382,2.0339,3703140,57461,57461
retired_extra_ecs_resource,off,1,38,50.3115,47.3546,12.1656,4.7825,4.1549,0.9120,3.4418,2.3350,0.0016,0.1517,1.9342,3703141,57463,57463
retired_extra_ecs_resource,off,1,39,51.3144,30.5075,11.2516,0.0000,3.9297,0.9618,3.1783,2.2462,0.0002,0.1289,1.9086,3703142,57454,57454
retired_extra_ecs_resource,off,1,40,32.0065,38.9836,13.2232,2.2090,4.3521,0.9322,2.9598,2.2684,0.0001,0.1410,1.8394,3703143,57447,57447
retired_extra_ecs_resource,on,1,1,129.3117,46.4749,15.9711,4.6056,4.5672,0.7296,2.3714,2.3726,0.0002,0.1334,1.9711,3703103,45805,45805
retired_extra_ecs_resource,on,1,2,49.9630,38.7732,13.2622,2.2843,3.9987,0.6479,2.0483,2.2865,0.0001,0.1326,2.0270,3703104,45819,45819
retired_extra_ecs_resource,on,1,3,41.9963,46.8518,14.0309,4.6519,4.4502,0.8389,1.9646,2.5810,0.0002,0.1427,2.2171,3703105,45930,45930
retired_extra_ecs_resource,on,1,4,50.9756,37.9744,15.9378,1.5981,4.0731,0.8610,2.0448,2.3126,0.0013,0.1347,2.0845,3703106,45932,45932
retired_extra_ecs_resource,on,1,5,40.3508,34.7233,14.3817,1.4236,4.0051,0.9112,1.7291,2.3568,0.0020,0.1269,2.0540,3703107,45937,45937
retired_extra_ecs_resource,on,1,6,36.8321,46.7195,14.6101,4.5297,4.0484,0.7947,1.9394,2.3264,0.0002,0.1439,2.1195,3703108,45925,45925
retired_extra_ecs_resource,on,1,7,50.6565,37.1850,13.1918,1.7735,4.1640,0.6985,2.1033,2.2893,0.0001,0.1406,2.4233,3703109,45923,45923
retired_extra_ecs_resource,on,1,8,39.8367,35.0745,14.5454,1.5374,3.9573,0.8000,1.7815,2.3211,0.0023,0.1295,2.0226,3703110,45925,45925
retired_extra_ecs_resource,on,1,9,37.0110,44.7260,15.3471,3.6089,4.3530,0.6337,2.0127,2.3503,0.0003,0.1361,2.4296,3703111,46015,46015
retired_extra_ecs_resource,on,1,10,47.9380,38.9110,17.4619,1.4227,3.9281,0.7244,2.0211,2.8346,0.0022,0.1261,1.9805,3703112,46009,46009
retired_extra_ecs_resource,on,1,11,40.9357,38.1949,13.2142,2.1029,3.9672,0.6681,1.9268,2.9418,0.0002,0.1401,2.1413,3703113,46005,46005
retired_extra_ecs_resource,on,1,12,40.6453,41.0592,13.2704,3.3461,4.0407,0.8716,1.8728,2.3360,0.0012,0.1334,1.9804,3703114,46011,46011
retired_extra_ecs_resource,on,1,13,44.3735,39.9292,16.1769,1.8578,4.5225,0.6876,1.9614,2.3130,0.0002,0.1312,2.1742,3703115,46015,46015
retired_extra_ecs_resource,on,1,14,42.2403,42.9462,14.9727,3.5007,4.1040,0.6707,2.0353,2.3336,0.0001,0.1380,2.3824,3703116,46010,46010
retired_extra_ecs_resource,on,1,15,46.1340,52.3679,16.3146,5.7937,3.9835,0.7822,2.2547,2.2973,0.0004,0.1453,2.1246,3703117,46109,46109
retired_extra_ecs_resource,on,1,16,56.8517,37.1514,13.5864,2.0190,3.9019,0.7514,2.2110,2.3427,0.0028,0.1284,2.0274,3703118,46104,46104
retired_extra_ecs_resource,on,1,17,39.8726,41.9070,14.4947,2.0302,4.0264,0.8791,2.0629,2.6570,0.0002,0.1367,2.1145,3703119,46105,46105
retired_extra_ecs_resource,on,1,18,45.1095,48.5691,14.7283,4.3170,4.1564,0.6679,2.1678,2.3383,0.0001,0.1401,2.0970,3703120,46155,46155
retired_extra_ecs_resource,on,1,19,53.2535,51.5663,15.9334,4.0189,4.0160,0.6591,2.3936,2.2911,0.0002,0.1500,2.8066,3703121,46145,46145
retired_extra_ecs_resource,on,1,20,56.3804,37.8872,14.1144,1.6770,3.9654,0.7065,2.1662,2.2991,0.0003,0.1338,1.9826,3703122,46149,46149
retired_extra_ecs_resource,on,1,21,40.1735,48.3350,18.2290,3.3264,4.4517,0.6544,2.0856,2.3179,0.0016,0.1424,2.0744,3703123,46142,46142
retired_extra_ecs_resource,on,1,22,51.9489,37.0358,16.4619,1.4601,3.9973,0.7582,2.0433,2.3259,0.0002,0.1302,1.9901,3703124,46136,46136
retired_extra_ecs_resource,on,1,23,39.1276,38.7158,16.1293,2.0430,3.9090,0.6687,1.8735,2.3074,0.0003,0.1306,2.0572,3703125,46134,46134
retired_extra_ecs_resource,on,1,24,41.1829,53.9060,13.7420,5.5353,4.2075,0.9566,2.4775,2.3166,0.0003,0.1507,2.4703,3703126,51081,51081
retired_extra_ecs_resource,on,1,25,59.0034,38.6396,16.7819,1.7697,4.5901,0.8328,2.4246,2.2766,0.0017,0.1370,2.0231,3703127,51073,51073
retired_extra_ecs_resource,on,1,26,40.6138,40.3405,15.7314,2.3641,4.0824,0.8357,2.0749,2.3050,0.0014,0.1371,2.0329,3703128,51061,51061
retired_extra_ecs_resource,on,1,27,42.9666,46.3134,19.2203,3.1714,4.1220,0.7761,2.1876,2.8476,0.0003,0.1903,1.9867,3703129,51060,51060
retired_extra_ecs_resource,on,1,28,49.0956,54.4372,13.9081,6.3295,4.0976,0.6948,2.3512,2.2907,0.0001,0.1526,2.2425,3703130,51102,51102
retired_extra_ecs_resource,on,1,29,59.5389,34.5408,15.1543,0.1174,4.6099,0.7923,2.3280,2.2979,0.0020,0.1268,2.0132,3703131,51096,51096
retired_extra_ecs_resource,on,1,30,36.0733,45.6504,14.5272,3.9668,4.4482,0.7261,2.2670,2.2861,0.0002,0.1355,2.0954,3703132,51103,51103
retired_extra_ecs_resource,on,1,31,49.1592,55.8096,13.7475,5.7140,4.2681,0.8666,2.7944,2.2580,0.0014,0.1482,1.9652,3703133,57281,57281
retired_extra_ecs_resource,on,1,32,61.3296,39.6713,14.9307,1.9333,4.2360,0.8933,2.7671,2.2730,0.0004,0.1324,1.9333,3703134,57283,57283
retired_extra_ecs_resource,on,1,33,41.9641,48.2259,15.9580,4.7394,4.2205,0.9915,2.5724,2.2573,0.0020,0.1483,2.2560,3703135,57283,57283
retired_extra_ecs_resource,on,1,34,51.7165,42.7886,12.4490,4.1387,4.2156,0.9002,2.7541,2.2597,0.0003,0.1399,2.2870,3703136,57270,57270
retired_extra_ecs_resource,on,1,35,45.7137,38.8988,14.0451,2.0220,4.5560,0.9357,2.5765,2.2368,0.0002,0.1376,2.0892,3703137,57262,57262
retired_extra_ecs_resource,on,1,36,41.3881,43.5031,12.9193,3.5772,4.2232,0.9812,2.4637,2.2554,0.0018,0.1418,1.9422,3703138,57266,57266
retired_extra_ecs_resource,on,1,37,46.8606,38.6083,13.0079,2.1080,4.4591,0.9201,2.5735,2.2396,0.0001,0.1357,1.8996,3703139,57264,57264
retired_extra_ecs_resource,on,1,38,40.9600,44.3770,15.5990,2.9369,4.1484,0.8721,2.7503,2.2431,0.0013,0.1415,1.8086,3703140,57455,57455
retired_extra_ecs_resource,on,1,39,47.6867,45.6739,11.6036,4.9108,4.4317,0.8447,2.7201,2.2679,0.0003,0.1527,1.9195,3703141,57454,57454
retired_extra_ecs_resource,on,1,40,49.4896,30.9513,12.5344,0.0000,4.1981,0.9375,2.5228,2.2516,0.0002,0.1282,1.9371,3703142,57447,57447
retired_extra_ecs_resource,on,2,1,131.8435,45.5180,15.0837,4.5102,4.1023,0.6453,2.0648,2.3764,0.0001,0.1408,2.0156,3703103,45805,45805
retired_extra_ecs_resource,on,2,2,48.8261,39.4341,13.9549,1.8831,4.2652,0.7175,2.0336,2.3865,0.0002,0.1348,2.0546,3703104,45819,45819
retired_extra_ecs_resource,on,2,3,42.4960,46.8121,14.6735,4.0712,4.5605,0.6994,2.1498,2.3880,0.0002,0.1425,2.1025,3703105,45930,45930
retired_extra_ecs_resource,on,2,4,50.9629,39.7650,16.1201,1.8150,4.1922,0.7581,2.1661,2.3718,0.0018,0.1316,2.0383,3703106,45932,45932
retired_extra_ecs_resource,on,2,5,42.1892,35.1434,14.3936,1.4070,4.1143,0.7755,1.8483,2.3296,0.0018,0.1372,1.9809,3703107,45937,45937
retired_extra_ecs_resource,on,2,6,37.1364,47.1123,15.2663,4.3270,4.0835,0.6629,1.9817,2.4699,0.0002,0.1449,2.0693,3703108,45925,45925
retired_extra_ecs_resource,on,2,7,51.1704,36.6468,13.2085,1.8922,4.1581,0.6608,1.9900,2.3121,0.0002,0.1348,1.9985,3703109,45923,45923
retired_extra_ecs_resource,on,2,8,39.0100,36.7103,16.0961,1.4204,4.0163,0.6847,1.8530,2.3137,0.0012,0.1241,2.0384,3703110,45925,45925
retired_extra_ecs_resource,on,2,9,38.6518,45.4271,16.1992,4.1625,4.6320,0.7456,1.9369,2.3033,0.0003,0.1354,2.0004,3703111,46015,46015
retired_extra_ecs_resource,on,2,10,48.5662,36.5959,16.0527,1.3974,3.9187,0.7192,1.9140,2.3339,0.0014,0.1313,1.9566,3703112,46009,46009
retired_extra_ecs_resource,on,2,11,38.7193,37.9726,13.6954,2.1091,4.1208,0.9464,1.8367,2.3053,0.0002,0.1364,2.0679,3703113,46005,46005
retired_extra_ecs_resource,on,2,12,40.9463,40.3521,13.8101,3.2196,3.9710,0.6893,1.8477,2.3655,0.0016,0.1362,2.1139,3703114,46011,46011
retired_extra_ecs_resource,on,2,13,43.2436,39.6514,16.9388,1.8966,3.9700,0.6673,1.9799,2.3063,0.0001,0.1243,2.0289,3703115,46015,46015
retired_extra_ecs_resource,on,2,14,42.0367,42.0577,14.5782,2.8915,4.2065,0.7307,2.0805,2.3065,0.0001,0.1354,2.0563,3703116,46010,46010
retired_extra_ecs_resource,on,2,15,45.2063,54.0336,15.8315,5.6120,4.7384,0.7012,2.2530,2.3419,0.0002,0.1466,2.0235,3703117,46109,46109
retired_extra_ecs_resource,on,2,16,59.2344,37.4918,13.4684,1.9930,3.9211,0.6670,2.1935,2.4997,0.0013,0.1268,2.3103,3703118,46104,46104
retired_extra_ecs_resource,on,2,17,40.0322,40.3509,14.1479,2.0165,3.9345,0.6527,1.9759,2.2864,0.0002,0.1301,2.1105,3703119,46105,46105
retired_extra_ecs_resource,on,2,18,43.6089,48.6718,15.1757,3.6916,3.9536,0.6746,2.3696,2.3262,0.0001,0.1449,2.1125,3703120,46155,46155
retired_extra_ecs_resource,on,2,19,53.4043,52.2915,17.1247,3.7243,4.4726,0.6540,2.3278,2.3748,0.0002,0.1411,1.9185,3703121,46145,46145
retired_extra_ecs_resource,on,2,20,56.7117,37.9805,13.9832,1.5886,4.0026,0.7987,2.2730,2.5365,0.0001,0.1392,2.0588,3703122,46149,46149
retired_extra_ecs_resource,on,2,21,40.2706,49.1811,18.4901,3.6240,3.9346,0.6644,2.2066,2.3026,0.0021,0.1439,2.4440,3703123,46142,46142
retired_extra_ecs_resource,on,2,22,52.6144,38.0190,16.6799,1.4322,3.9991,0.6957,2.0918,2.5604,0.0001,0.1204,1.9717,3703124,46136,46136
retired_extra_ecs_resource,on,2,23,40.0004,38.8691,16.0595,2.0375,4.0758,0.7087,2.0232,2.3185,0.0002,0.1344,2.0458,3703125,46134,46134
retired_extra_ecs_resource,on,2,24,41.1245,53.1584,13.8493,5.6493,4.0560,0.7022,2.5156,2.3501,0.0002,0.1504,1.9724,3703126,51081,51081
retired_extra_ecs_resource,on,2,25,58.4015,38.4247,16.7168,1.4965,4.1872,0.9600,2.4753,2.3244,0.0019,0.1362,1.9498,3703127,51073,51073
retired_extra_ecs_resource,on,2,26,40.3568,41.0537,16.6630,2.1838,4.0956,0.9866,2.0481,2.3384,0.0016,0.1363,2.0361,3703128,51061,51061
retired_extra_ecs_resource,on,2,27,43.5211,46.0255,19.6979,3.0471,4.1608,0.7721,2.2085,2.2999,0.0002,0.1374,2.0148,3703129,51060,51060
retired_extra_ecs_resource,on,2,28,49.1406,53.7219,13.8950,6.1438,4.1656,0.7393,2.3402,2.2771,0.0002,0.1421,1.8983,3703130,51102,51102
retired_extra_ecs_resource,on,2,29,58.9293,33.3732,14.7301,0.1173,4.8122,0.7631,2.4997,2.2552,0.0013,0.1386,1.9685,3703131,51096,51096
retired_extra_ecs_resource,on,2,30,35.0402,45.4111,14.3681,4.1757,4.3248,0.7616,2.1731,2.2263,0.0002,0.1421,1.8752,3703132,51103,51103
retired_extra_ecs_resource,on,2,31,48.6757,56.9196,14.6699,5.6927,4.5811,0.8146,2.9543,2.2774,0.0014,0.1573,1.9272,3703133,57281,57281
retired_extra_ecs_resource,on,2,32,62.5324,40.0332,14.7853,1.8814,4.6570,0.9689,2.8215,2.2566,0.0001,0.1430,1.9278,3703134,57283,57283
retired_extra_ecs_resource,on,2,33,42.3999,47.1345,15.8051,4.2678,4.3060,0.9805,2.5098,2.2838,0.0019,0.1460,2.0296,3703135,57283,57283
retired_extra_ecs_resource,on,2,34,50.5249,42.1412,12.5581,4.3990,4.3869,1.0313,2.7372,2.3005,0.0003,0.1449,1.8540,3703136,57270,57270
retired_extra_ecs_resource,on,2,35,45.0305,39.5374,14.6036,2.2946,4.1574,0.9180,2.8480,2.3092,0.0001,0.1355,1.9270,3703137,57262,57262
retired_extra_ecs_resource,on,2,36,42.0058,43.8725,13.4719,3.6030,4.2601,0.8687,2.4166,2.3004,0.0018,0.1395,2.3691,3703138,57266,57266
retired_extra_ecs_resource,on,2,37,47.2811,38.6612,12.9146,2.0890,4.2695,0.9156,2.5998,2.2519,0.0002,0.1274,1.8643,3703139,57264,57264
retired_extra_ecs_resource,on,2,38,40.9476,44.7070,15.1531,2.5372,4.3373,0.8892,2.6192,2.2306,0.0022,0.1398,2.3617,3703140,57455,57455
retired_extra_ecs_resource,on,2,39,48.1491,46.1083,12.2417,4.6111,4.5826,0.9522,2.8436,2.3497,0.0002,0.1496,1.9221,3703141,57454,57454
retired_extra_ecs_resource,on,2,40,50.1121,30.9778,11.9451,0.0000,4.4051,1.0819,2.4902,2.2394,0.0002,0.1634,1.9457,3703142,57447,57447
retired_extra_ecs_resource,off,2,1,131.0402,45.1646,14.3938,4.5088,3.8653,0.9116,2.2441,2.4283,0.0002,0.1404,2.2686,3703103,45805,45805
retired_extra_ecs_resource,off,2,2,48.6728,40.4318,14.5148,1.9090,3.8743,0.6960,2.0575,2.6318,0.0003,0.2114,2.0969,3703104,45819,45819
retired_extra_ecs_resource,off,2,3,43.4354,46.2166,13.8461,3.8736,3.8822,0.6621,2.1787,2.2932,0.0001,0.1509,1.9988,3703105,45930,45930
retired_extra_ecs_resource,off,2,4,50.9547,36.9056,15.3023,1.4542,3.8665,0.7176,2.0543,2.3061,0.0015,0.1298,1.9869,3703106,45932,45932
retired_extra_ecs_resource,off,2,5,39.2431,34.6826,14.0894,1.4107,3.8930,0.6982,1.9095,2.3216,0.0013,0.1246,2.1742,3703107,45937,45937
retired_extra_ecs_resource,off,2,6,36.6896,46.1044,14.9122,4.3700,3.7403,0.7115,2.0963,2.3037,0.0001,0.1414,2.0234,3703108,45925,45925
retired_extra_ecs_resource,off,2,7,50.0338,37.2294,14.2812,1.8136,3.7032,0.6668,2.0807,2.2986,0.0001,0.1256,1.9939,3703109,45923,45923
retired_extra_ecs_resource,off,2,8,39.7551,36.2038,14.7730,2.0586,3.7522,0.7215,1.8870,2.3029,0.0014,0.1240,2.0645,3703110,45925,45925
retired_extra_ecs_resource,off,2,9,38.0993,44.3749,15.2913,3.6417,4.2582,0.6698,2.0453,2.3191,0.0003,0.1442,2.5210,3703111,46015,46015
retired_extra_ecs_resource,off,2,10,47.7927,35.9114,15.7727,1.4640,3.7099,0.7325,2.0211,2.3041,0.0016,0.1310,1.9732,3703112,46009,46009
retired_extra_ecs_resource,off,2,11,37.9927,38.3579,13.9907,2.1289,3.7283,0.6796,1.9173,2.3456,0.0003,0.1278,2.0788,3703113,46005,46005
retired_extra_ecs_resource,off,2,12,40.8616,40.2253,13.4744,3.0289,3.7324,0.6770,1.9948,2.3556,0.0012,0.1321,2.0005,3703114,46011,46011
retired_extra_ecs_resource,off,2,13,43.2454,39.1370,15.9008,1.8501,4.2977,0.6672,2.0796,2.2953,0.0001,0.1261,2.0064,3703115,46015,46015
retired_extra_ecs_resource,off,2,14,41.3974,42.2962,15.0871,2.9108,3.8512,0.7052,2.0813,2.2973,0.0002,0.1375,2.0463,3703116,46010,46010
retired_extra_ecs_resource,off,2,15,45.4123,53.4939,16.6990,5.6692,3.9403,0.6916,2.5266,2.3166,0.0002,0.1483,2.0579,3703117,46109,46109
retired_extra_ecs_resource,off,2,16,58.2222,38.4509,13.9797,2.4014,3.7444,0.6966,2.3423,2.5351,0.0016,0.1378,2.5001,3703118,46104,46104
retired_extra_ecs_resource,off,2,17,41.1396,41.0869,14.6552,2.0102,3.6644,0.6628,2.1239,2.3482,0.0001,0.1303,2.0926,3703119,46105,46105
retired_extra_ecs_resource,off,2,18,44.3675,49.6491,16.1816,3.7569,3.7695,0.6655,2.7211,2.2986,0.0002,0.1409,2.0371,3703120,46155,46155
retired_extra_ecs_resource,off,2,19,54.1443,50.9726,16.1935,3.6011,3.9877,0.8769,2.6710,2.4540,0.0001,0.2293,1.9880,3703121,46145,46145
retired_extra_ecs_resource,off,2,20,55.4899,39.5458,13.4662,1.6531,5.0673,0.8959,2.5783,2.4632,0.0003,0.1741,2.0669,3703122,46149,46149
retired_extra_ecs_resource,off,2,21,42.0256,50.0181,17.4971,3.3929,3.7776,0.7478,2.4630,2.5832,0.0019,0.1487,2.2110,3703123,46142,46142
retired_extra_ecs_resource,off,2,22,54.5047,41.2145,18.6532,1.4539,3.8097,0.7722,3.6232,2.3454,0.0002,0.1757,2.0018,3703124,46136,46136
retired_extra_ecs_resource,off,2,23,43.3488,43.3062,18.3444,2.1675,3.6754,0.7368,2.0771,2.8192,0.0001,0.1438,2.5910,3703125,46134,46134
retired_extra_ecs_resource,off,2,24,45.5439,56.2673,14.0647,6.7781,3.9855,0.8168,2.8841,2.8612,0.0003,0.1604,2.1087,3703126,51081,51081
retired_extra_ecs_resource,off,2,25,61.2364,39.6312,17.0888,1.5211,4.1027,1.0225,2.8230,2.5181,0.0016,0.1323,2.0215,3703127,51073,51073
retired_extra_ecs_resource,off,2,26,41.6269,41.4116,16.0815,2.1945,4.2977,0.7851,2.3381,2.3133,0.0012,0.1363,1.9880,3703128,51061,51061
retired_extra_ecs_resource,off,2,27,43.9043,45.8330,19.3888,3.0224,3.7832,0.8249,2.5066,2.3020,0.0001,0.1366,1.9789,3703129,51060,51060
retired_extra_ecs_resource,off,2,28,48.5354,54.9935,13.8923,6.1048,3.8943,0.7894,3.2421,2.2974,0.0004,0.1514,1.8802,3703130,51102,51102
retired_extra_ecs_resource,off,2,29,60.1703,32.9592,14.1185,0.1069,3.8681,0.7916,2.7289,2.6413,0.0018,0.1306,1.9838,3703131,51096,51096
retired_extra_ecs_resource,off,2,30,34.5566,46.6107,15.2064,3.9455,4.1844,0.7471,2.5456,2.3175,0.0002,0.1363,2.1609,3703132,51103,51103
retired_extra_ecs_resource,off,2,31,49.9847,56.4992,13.8042,5.6742,3.8883,0.8966,3.5938,2.3266,0.0022,0.1513,1.9909,3703133,57281,57281
retired_extra_ecs_resource,off,2,32,62.2072,40.8502,14.7951,1.9224,4.2266,1.1549,3.3230,2.2601,0.0003,0.1406,2.1808,3703134,57283,57283
retired_extra_ecs_resource,off,2,33,43.1747,48.4324,15.9497,4.1774,4.2766,0.9644,3.0582,2.2896,0.0015,0.1486,2.2574,3703135,57283,57283
retired_extra_ecs_resource,off,2,34,51.9113,43.2170,13.2521,3.9177,4.3165,0.9389,3.2395,2.3153,0.0002,0.1447,1.9742,3703136,57270,57270
retired_extra_ecs_resource,off,2,35,46.5444,39.7894,14.8738,2.0054,3.9090,0.9098,2.9679,2.4095,0.0002,0.1577,1.9908,3703137,57262,57262
retired_extra_ecs_resource,off,2,36,42.0984,45.6245,12.9427,4.0598,4.1118,1.1094,2.9885,2.2894,0.0014,0.1505,1.9516,3703138,57266,57266
retired_extra_ecs_resource,off,2,37,49.2839,39.4742,12.6532,2.1419,4.7097,1.2036,3.0237,2.2918,0.0004,0.1420,1.9193,3703139,57264,57264
retired_extra_ecs_resource,off,2,38,42.1198,45.3868,15.1575,2.5150,4.4487,0.9482,3.2467,2.2938,0.0017,0.1464,2.3010,3703140,57455,57455
retired_extra_ecs_resource,off,2,39,48.8843,47.2672,11.9388,4.7441,4.0052,1.1248,3.1820,2.3715,0.0002,0.1586,1.9308,3703141,57454,57454
retired_extra_ecs_resource,off,2,40,51.2044,30.6532,10.9754,0.0000,4.0151,0.9766,2.9919,2.9656,0.0003,0.2193,2.0446,3703142,57447,57447
