observer,sample,frame,frame_ms,update_ms,simulation_ms,remap_ms,sort_ms,children_ms,glass_ms,vehicles_ms,water_ms,minimap_ms,effects_ms,tick,sprites,meshes
off,1,1,130.2161,44.4519,14.4170,4.7123,3.7438,0.6565,2.2796,2.4076,0.0002,0.1480,2.0056,3703103,45805,45805
off,1,2,48.1720,38.5320,13.2360,1.9271,4.1076,1.0845,2.0523,2.3612,0.0002,0.1289,1.9429,3703104,45819,45819
off,1,3,41.7238,47.2645,14.4421,4.5296,4.1304,0.8259,2.2543,2.3392,0.0002,0.1419,1.9400,3703105,45930,45930
off,1,4,51.7796,38.2108,15.7460,1.5314,4.2353,0.7593,2.0917,2.3300,0.0015,0.1397,2.0615,3703106,45932,45932
off,1,5,40.5513,34.9038,14.9428,1.4511,3.7266,0.8454,1.8347,2.3270,0.0017,0.1260,2.0135,3703107,45937,45937
off,1,6,36.7478,46.7994,15.4433,4.4162,3.8237,0.7227,2.1250,2.3170,0.0002,0.1399,1.9749,3703108,45925,45925
off,1,7,51.5268,36.2620,12.7571,2.0297,3.9498,0.6653,2.1397,2.3248,0.0002,0.1438,2.0088,3703109,45923,45923
off,1,8,38.6157,34.8196,14.0102,1.4547,3.6752,0.7325,1.9215,2.3585,0.0019,0.1219,1.9295,3703110,45925,45925
off,1,9,37.0078,43.3337,15.3730,3.6674,3.6205,0.6732,2.0186,2.3202,0.0003,0.1381,1.9461,3703111,46015,46015
off,1,10,46.5240,38.0622,17.3915,1.3914,3.8136,0.7010,2.0211,2.3930,0.0028,0.1258,1.9639,3703112,46009,46009
off,1,11,39.9589,38.3307,13.9017,2.1435,3.6409,0.6903,1.9311,2.3907,0.0003,0.1312,1.9503,3703113,46005,46005
off,1,12,40.9933,40.8217,12.7329,3.0698,3.8507,0.8849,2.0804,2.8492,0.0016,0.1346,2.0177,3703114,46011,46011
off,1,13,43.7713,40.1933,16.6166,1.8342,3.8811,0.6853,2.1649,2.3534,0.0003,0.1227,1.9321,3703115,46015,46015
off,1,14,42.6482,41.2671,14.7155,2.8631,3.6734,0.6720,2.0947,2.3201,0.0003,0.1322,1.9551,3703116,46010,46010
off,1,15,44.2499,53.2217,16.9147,5.6109,3.6715,0.6656,2.4675,2.3592,0.0002,0.1461,2.0684,3703117,46109,46109
off,1,16,57.8912,37.4013,13.4969,2.0525,3.6339,0.6840,2.5220,2.3581,0.0012,0.1304,2.4096,3703118,46104,46104
off,1,17,40.2178,40.3024,14.4411,2.0432,3.5855,0.6642,2.1897,2.3544,0.0001,0.1415,1.9639,3703119,46105,46105
off,1,18,43.6266,48.8861,15.1750,3.7889,4.0486,0.6283,2.4098,2.4746,0.0001,0.1387,1.9796,3703120,46155,46155
off,1,19,53.4321,50.4635,15.9486,3.6049,4.2160,0.7089,2.6186,2.3193,0.0002,0.1613,2.2163,3703121,46145,46145
off,1,20,55.0588,38.1065,13.6130,1.8298,3.9995,0.8381,2.4252,2.3837,0.0003,0.1279,1.9469,3703122,46149,46149
off,1,21,40.4374,48.5869,18.3305,3.6634,3.8042,0.6662,2.2816,2.3253,0.0018,0.1402,1.9394,3703123,46142,46142
off,1,22,52.0864,37.2777,16.0769,1.5919,3.7895,0.6911,2.2787,2.3188,0.0002,0.1260,1.8725,3703124,46136,46136
off,1,23,39.1813,38.4654,15.5685,2.1285,3.6782,0.7063,2.0663,2.3441,0.0002,0.1269,1.9582,3703125,46134,46134
off,1,24,40.8665,54.7802,13.7112,5.6854,4.0652,0.7234,2.9433,3.3863,0.0003,0.1900,2.0031,3703126,51081,51081
off,1,25,59.8640,38.8797,16.4927,1.4817,4.5706,0.9131,2.7587,2.3339,0.0018,0.1274,2.0093,3703127,51073,51073
off,1,26,40.8349,40.8974,15.7716,2.2708,3.8101,0.7967,2.3295,2.3262,0.0023,0.1567,2.3731,3703128,51061,51061
off,1,27,43.3750,45.0612,18.4896,3.0471,3.9442,0.8151,2.5355,2.3072,0.0002,0.1461,1.9084,3703129,51060,51060
off,1,28,48.0193,55.5094,13.6807,6.2879,3.8536,0.9739,3.0332,2.5235,0.0002,0.1539,2.0237,3703130,51102,51102
off,1,29,60.5872,32.6623,14.2544,0.1239,3.8727,0.8454,2.7743,2.2922,0.0013,0.1343,1.8090,3703131,51096,51096
off,1,30,34.0853,45.6634,14.9876,3.9920,3.6866,0.7688,2.4636,2.5204,0.0002,0.1410,2.0284,3703132,51103,51103
off,1,31,49.1312,56.8942,14.0982,5.5754,4.0751,1.1190,3.6513,2.3357,0.0014,0.1575,2.1465,3703133,57281,57281
off,1,32,62.3295,40.3581,14.8074,1.9370,4.3764,0.9181,3.4401,2.2967,0.0003,0.1377,1.8065,3703134,57283,57283
off,1,33,42.9232,47.9876,15.7526,4.1543,4.1969,0.9335,2.9878,2.3391,0.0014,0.1416,1.9577,3703135,57283,57283
off,1,34,51.5796,42.6318,12.3115,3.9688,4.4367,0.9165,3.3056,2.2566,0.0002,0.1470,1.8996,3703136,57270,57270
off,1,35,45.9274,39.2823,14.4965,2.0252,3.8146,0.9613,2.9284,2.2863,0.0003,0.2303,1.9583,3703137,57262,57262
off,1,36,41.5952,43.6951,12.5629,3.9884,4.0591,0.9476,2.9441,2.3198,0.0014,0.1411,1.8905,3703138,57266,57266
off,1,37,47.1822,38.8351,12.5500,2.1177,4.3299,1.0072,3.3583,2.2692,0.0003,0.1408,1.8892,3703139,57264,57264
off,1,38,41.1472,46.0793,15.0365,2.7127,4.0351,0.9524,3.1242,2.2592,0.0021,0.1400,2.2001,3703140,57455,57455
off,1,39,49.7238,47.4228,12.3334,4.7322,3.8930,0.9400,3.1946,2.2467,0.0003,0.1437,1.7701,3703141,57454,57454
off,1,40,51.3069,31.2317,11.3332,0.0000,3.8401,1.0319,3.4832,2.2650,0.0002,0.1437,2.2671,3703142,57447,57447
on,1,1,130.3193,45.6970,14.6437,4.4999,4.2014,0.7042,2.4979,2.4492,0.0001,0.1389,1.9627,3703103,45805,45805
on,1,2,49.0403,40.2576,13.8674,1.9406,4.2264,0.6688,2.1173,2.3670,0.0003,0.1391,2.1108,3703104,45819,45819
on,1,3,43.7547,45.2458,13.2611,3.9654,4.1447,0.8659,2.1841,2.3416,0.0002,0.1479,1.9472,3703105,45930,45930
on,1,4,49.3297,37.4812,15.3448,1.9922,3.7934,0.6935,2.0552,2.3197,0.0014,0.1310,2.2441,3703106,45932,45932
on,1,5,39.7922,34.3788,14.3859,1.4731,3.6970,0.6806,1.8126,2.3539,0.0013,0.1244,1.9773,3703107,45937,45937
on,1,6,36.6957,47.1216,14.6723,4.2384,4.3810,0.6954,2.1293,2.3061,0.0002,0.1393,2.0038,3703108,45925,45925
on,1,7,51.1833,36.9288,13.3599,1.7982,3.8747,0.7008,2.0622,2.3190,0.0002,0.1294,2.0166,3703109,45923,45923
on,1,8,39.5643,35.7472,14.9400,1.4295,3.6487,0.7154,2.0468,2.3047,0.0018,0.1379,2.4870,3703110,45925,45925
on,1,9,37.7626,44.8136,15.6563,3.6722,4.4275,0.6728,2.1481,2.3241,0.0001,0.1415,2.0795,3703111,46015,46015
on,1,10,48.3020,37.0274,15.8663,1.8877,3.6098,0.7177,2.0524,2.3573,0.0017,0.1298,2.1733,3703112,46009,46009
on,1,11,39.3227,37.9198,13.6013,2.0907,3.7236,0.6788,1.9444,2.3819,0.0002,0.1909,2.0241,3703113,46005,46005
on,1,12,40.8176,39.4761,12.8977,2.9802,3.8091,0.6894,1.9889,2.3321,0.0011,0.1410,1.9354,3703114,46011,46011
on,1,13,42.6744,38.6329,15.5883,1.9051,3.7631,0.6735,2.1170,2.3830,0.0003,0.1310,2.0145,3703115,46015,46015
on,1,14,41.0856,41.5605,14.6626,2.9303,3.6428,0.6697,2.1313,2.3282,0.0002,0.1360,1.9840,3703116,46010,46010
on,1,15,44.6603,52.8718,16.1559,5.7130,3.5898,0.6403,2.4386,2.3139,0.0004,0.1435,2.3206,3703117,46109,46109
on,1,16,57.9444,38.1359,13.8938,2.1175,3.7052,0.7466,2.5453,2.6523,0.0015,0.1397,1.9562,3703118,46104,46104
on,1,17,40.9387,41.7814,15.4035,1.9925,3.7473,0.7719,2.1072,2.3458,0.0002,0.1455,2.1043,3703119,46105,46105
on,1,18,44.9143,48.8355,15.2996,3.8811,3.6503,0.8896,2.5791,2.3553,0.0005,0.1428,1.9980,3703120,46155,46155
on,1,19,53.5543,50.3578,15.6205,3.5863,4.1643,0.7682,2.6574,2.3444,0.0002,0.1507,2.0030,3703121,46145,46145
on,1,20,55.1800,37.6767,13.6342,1.6846,3.6085,0.6931,2.5557,2.3603,0.0002,0.1340,1.9564,3703122,46149,46149
on,1,21,40.0579,47.9363,17.8038,3.4104,3.6222,0.8814,2.3935,2.3497,0.0018,0.1357,2.0005,3703123,46142,46142
on,1,22,51.8818,38.3071,16.9365,1.3877,3.8394,0.7318,2.4264,2.4001,0.0002,0.1254,1.9479,3703124,46136,46136
on,1,23,40.1976,39.1581,16.2121,2.5037,3.6632,0.7496,2.1306,2.3066,0.0005,0.1384,1.9400,3703125,46134,46134
on,1,24,41.6165,54.0682,13.8318,5.4390,4.0949,0.7253,3.3449,2.3320,0.0001,0.1484,2.2454,3703126,51081,51081
on,1,25,59.3623,39.3841,17.5720,1.5394,3.7907,0.7649,3.0022,2.3141,0.0014,0.1335,1.9435,3703127,51073,51073
on,1,26,41.3849,41.2750,15.7385,2.7792,4.2463,0.7561,2.5403,2.3736,0.0015,0.1270,1.8729,3703128,51061,51061
on,1,27,44.0208,47.1975,19.1991,3.5954,4.0374,0.7647,2.5717,2.3468,0.0003,0.1402,2.2603,3703129,51060,51060
on,1,28,49.9744,56.2359,13.7652,6.7757,3.6612,0.7324,3.1961,2.2739,0.0002,0.1645,2.0212,3703130,51102,51102
on,1,29,61.6757,32.4932,13.9375,0.1205,3.7115,0.7697,2.7786,2.3196,0.0023,0.1294,2.1885,3703131,51096,51096
on,1,30,33.9128,45.7065,14.4108,4.3540,4.2723,0.7892,2.5097,2.2972,0.0002,0.1428,1.8654,3703132,51103,51103
on,1,31,49.2119,57.6680,13.7150,5.4486,4.2823,0.9532,3.6497,2.3259,0.0012,0.2421,1.9686,3703133,57281,57281
on,1,32,63.4921,41.1680,15.8923,1.8601,3.8280,0.9377,3.4017,2.3148,0.0001,0.1383,1.9290,3703134,57283,57283
on,1,33,43.5461,48.6780,16.3157,4.1254,3.8658,0.9121,3.0508,2.6173,0.0017,0.1511,1.8424,3703135,57283,57283
on,1,34,52.3232,42.2935,12.2007,4.0554,4.0075,1.2824,3.2452,2.2934,0.0002,0.1464,1.8454,3703136,57270,57270
on,1,35,45.6400,39.1727,13.9687,1.9712,4.0466,0.9529,3.1311,2.2994,0.0003,0.1315,1.8724,3703137,57262,57262
on,1,36,41.7296,44.7590,12.8466,4.1738,4.4786,0.9347,3.0530,2.3202,0.0019,0.1449,1.8877,3703138,57266,57266
on,1,37,48.1546,38.9422,12.8730,2.1298,3.9212,0.9441,3.0467,2.3488,0.0002,0.1386,1.8414,3703139,57264,57264
on,1,38,41.8501,45.6421,14.9284,2.5208,4.4058,0.9393,3.2957,2.2393,0.0024,0.1404,1.8458,3703140,57455,57455
on,1,39,48.8918,48.2872,12.7440,4.6877,3.8835,1.1665,3.4259,2.2901,0.0001,0.1501,1.8740,3703141,57454,57454
on,1,40,52.4202,31.5184,12.2726,0.0000,3.8493,1.0075,3.1203,2.2549,0.0002,0.1255,1.8982,3703142,57447,57447
on,2,1,129.0829,48.2206,17.5884,4.4773,3.7948,0.6748,2.2394,2.4892,0.0002,0.1763,2.0807,3703103,45805,45805
on,2,2,51.7959,38.1877,13.4156,1.8956,3.7036,0.6839,2.0955,2.3500,0.0001,0.1389,2.0036,3703104,45819,45819
on,2,3,41.2555,45.5073,13.5221,3.8590,3.7333,0.6626,2.4213,2.3336,0.0001,0.1415,1.9764,3703105,45930,45930
on,2,4,49.7215,39.3527,16.7537,1.5660,3.8758,0.6954,2.1983,2.3760,0.0011,0.2273,1.9726,3703106,45932,45932
on,2,5,41.9054,35.0813,14.6753,1.4838,3.6780,0.6935,2.0360,2.3885,0.0019,0.1315,2.0622,3703107,45937,45937
on,2,6,37.0321,47.1661,15.3622,4.7127,3.8220,0.7329,2.0565,2.3384,0.0001,0.1297,2.1113,3703108,45925,45925
on,2,7,51.0794,36.8317,13.2357,1.8271,3.9243,0.7568,2.1249,2.3537,0.0001,0.1436,1.9531,3703109,45923,45923
on,2,8,39.3135,36.0112,14.7258,1.4424,4.1059,0.6817,1.8814,2.3640,0.0012,0.1622,2.0326,3703110,45925,45925
on,2,9,38.4301,43.5933,15.3340,3.5532,4.1155,0.7475,2.1753,2.3412,0.0001,0.1399,1.9226,3703111,46015,46015
on,2,10,46.9228,37.1909,16.4960,1.4689,3.6409,0.6906,2.0327,2.3128,0.0016,0.1257,1.9871,3703112,46009,46009
on,2,11,39.0992,38.5342,13.2789,2.6387,3.6698,0.6880,2.1021,2.3423,0.0001,0.1360,2.3423,3703113,46005,46005
on,2,12,41.3160,39.8551,13.2931,2.9808,3.7141,0.6907,2.0038,2.3515,0.0014,0.1249,2.0376,3703114,46011,46011
on,2,13,43.3176,38.5387,15.8601,1.8655,3.6741,0.6981,2.1520,2.3191,0.0002,0.1235,2.2206,3703115,46015,46015
on,2,14,41.1732,42.6499,15.4925,2.8306,4.2282,0.6699,2.0610,2.3680,0.0001,0.1323,1.9535,3703116,46010,46010
on,2,15,46.5879,53.7101,17.0102,5.8239,4.0177,0.8526,2.4744,2.4663,0.0002,0.1442,1.9288,3703117,46109,46109
on,2,16,58.3246,36.8063,13.0749,2.0835,3.5901,0.8923,2.3616,2.3442,0.0019,0.1372,2.0182,3703118,46104,46104
on,2,17,39.7599,42.2667,15.0821,2.0289,3.6565,0.7020,2.1924,2.3288,0.0001,0.1481,1.9325,3703119,46105,46105
on,2,18,45.5647,48.5785,14.6677,3.9356,3.6444,0.8208,2.4178,2.3676,0.0001,0.1351,2.3736,3703120,46155,46155
on,2,19,52.9804,51.5119,16.6793,3.7094,3.7138,0.6329,2.5459,2.3727,0.0003,0.1574,2.4497,3703121,46145,46145
on,2,20,56.0409,37.0158,13.3464,1.6620,3.7341,0.6829,2.3784,2.4149,0.0002,0.1336,1.9251,3703122,46149,46149
on,2,21,39.4364,48.0993,17.5984,3.2961,3.7892,0.7084,2.4547,2.3224,0.0012,0.1460,1.9131,3703123,46142,46142
on,2,22,51.6890,37.5361,15.8965,1.7313,3.8265,0.7348,2.2821,2.3198,0.0001,0.1415,2.4483,3703124,46136,46136
on,2,23,39.4322,39.0095,16.2107,2.0709,3.5996,0.7404,2.1156,2.3309,0.0001,0.1286,1.9813,3703125,46134,46134
on,2,24,41.3613,53.0771,13.2520,5.3475,4.3229,0.7844,3.0033,2.3198,0.0002,0.2560,1.9575,3703126,51081,51081
on,2,25,58.0975,40.0339,17.3188,1.5982,4.7542,0.9237,2.8183,2.3581,0.0020,0.1411,1.9028,3703127,51073,51073
on,2,26,42.0414,42.9770,17.9120,2.1882,3.8173,0.9600,2.5346,2.5001,0.0012,0.1482,2.0724,3703128,51061,51061
on,2,27,45.5105,47.2595,19.5241,3.1222,4.2972,0.9577,2.6448,2.4058,0.0002,0.1367,2.0154,3703129,51060,51060
on,2,28,50.0062,56.4979,14.0739,6.7128,4.2110,0.7624,3.2197,2.3268,0.0003,0.1543,1.8823,3703130,51102,51102
on,2,29,61.8302,33.3230,14.6254,0.1221,4.0986,0.8707,2.7951,2.3153,0.0017,0.1342,1.8711,3703131,51096,51096
on,2,30,35.1049,46.7797,14.2238,4.3326,3.9588,0.7652,2.4642,2.7235,0.0003,0.1455,2.2412,3703132,51103,51103
on,2,31,50.1550,58.4654,14.3308,6.2403,3.8492,1.1234,3.7319,2.2760,0.0017,0.1576,1.9286,3703133,57281,57281
on,2,32,64.2776,41.1981,15.2000,1.9821,3.9020,0.9495,3.4110,2.3804,0.0002,0.1539,1.8824,3703134,57283,57283
on,2,33,44.0653,48.7970,16.4996,4.1675,3.9116,0.9481,2.9683,2.3142,0.0017,0.1477,1.8861,3703135,57283,57283
on,2,34,52.3921,42.9896,13.5243,4.0369,3.8599,0.9869,3.2794,2.3062,0.0002,0.1518,1.8316,3703136,57270,57270
on,2,35,46.4225,39.8954,14.1830,2.0442,4.1005,0.9297,2.9333,2.5188,0.0002,0.1503,1.9134,3703137,57262,57262
on,2,36,42.7148,43.7995,12.7968,3.5121,3.9249,0.9260,2.8495,2.3042,0.0022,0.1496,1.8167,3703138,57266,57266
on,2,37,47.1131,38.1774,12.5975,2.1255,3.8708,0.9610,3.0497,2.3136,0.0001,0.2282,1.8594,3703139,57264,57264
on,2,38,40.7554,45.7288,15.1743,2.6166,4.2182,0.9187,3.1499,2.4951,0.0018,0.1716,1.8216,3703140,57455,57455
on,2,39,49.0030,47.2874,12.0298,4.7034,4.3682,0.9211,3.5076,2.4895,0.0001,0.1604,1.8280,3703141,57454,57454
on,2,40,51.3263,31.2584,12.2492,0.0000,3.9904,0.9883,2.9882,2.2838,0.0001,0.1332,2.1377,3703142,57447,57447
off,2,1,128.3545,45.2431,14.3481,4.8911,3.6840,0.8832,2.2802,2.4394,0.0008,0.1401,2.6100,3703103,45805,45805
off,2,2,48.6776,40.6852,15.2105,1.9274,4.1541,0.7752,2.2518,2.3509,0.0001,0.1425,2.0045,3703104,45819,45819
off,2,3,44.2099,46.6076,13.9363,3.9524,3.8345,1.1319,2.2015,2.3433,0.0002,0.1487,2.4342,3703105,45930,45930
off,2,4,50.6033,37.7804,15.8169,1.5181,3.8168,0.6968,2.0430,2.3550,0.0016,0.1276,1.9842,3703106,45932,45932
off,2,5,40.0205,33.9310,13.7395,1.4007,3.6975,0.7031,1.8104,2.3194,0.0018,0.1245,2.0618,3703107,45937,45937
off,2,6,35.8430,48.8466,16.1153,4.2767,4.1711,0.6749,2.1825,2.3109,0.0001,0.1364,1.9645,3703108,45925,45925
off,2,7,52.9017,36.2057,12.9402,1.7300,3.6457,0.7164,2.1742,2.8050,0.0002,0.1308,2.0037,3703109,45923,45923
off,2,8,38.9755,35.3306,14.9582,1.3851,3.6191,0.6767,1.9018,2.4083,0.0020,0.1219,2.1059,3703110,45925,45925
off,2,9,37.7438,44.2155,15.9037,3.6314,3.7816,0.6930,2.0575,2.3376,0.0002,0.1381,1.9416,3703111,46015,46015
off,2,10,47.9913,36.4985,15.6067,1.4552,3.5656,0.6911,2.0620,2.3457,0.0021,0.1273,2.4206,3703112,46009,46009
off,2,11,38.5501,38.4745,13.4024,2.6153,3.6380,0.6921,1.9241,3.0341,0.0002,0.1333,1.9952,3703113,46005,46005
off,2,12,40.9877,40.8976,13.2090,3.0509,4.3277,0.6710,2.0149,2.3149,0.0014,0.1276,1.9889,3703114,46011,46011
off,2,13,43.9498,38.9222,15.5127,1.9108,3.8093,0.8912,2.1046,2.3552,0.0002,0.1348,1.9756,3703115,46015,46015
off,2,14,41.2232,42.5640,15.4946,2.9073,4.1082,0.6844,2.1017,2.3668,0.0002,0.1343,2.0008,3703116,46010,46010
off,2,15,45.6563,53.5572,16.2064,5.8567,3.9583,0.8394,2.5454,2.4922,0.0005,0.1607,2.1871,3703117,46109,46109
off,2,16,58.0670,37.0607,13.4044,2.0542,3.6536,0.6664,2.4766,2.3566,0.0019,0.1341,2.0247,3703118,46104,46104
off,2,17,39.8474,42.0251,14.7131,2.0956,3.6494,0.6715,2.0897,2.8427,0.0002,0.1369,1.9747,3703119,46105,46105
off,2,18,45.2089,49.6896,14.7543,3.8400,3.6240,0.7797,2.4989,2.3576,0.0002,0.1349,2.4706,3703120,46155,46155
off,2,19,54.0729,51.1200,16.5872,3.5254,3.6404,0.6457,2.5594,2.3336,0.0002,0.1456,2.0361,3703121,46145,46145
off,2,20,55.7483,37.3246,13.7306,1.6375,3.5641,0.6637,2.3765,2.3397,0.0001,0.1338,1.9975,3703122,46149,46149
off,2,21,39.8005,47.4552,17.4825,3.2453,3.8788,0.7656,2.2970,2.3001,0.0026,0.1462,2.0397,3703123,46142,46142
off,2,22,51.2707,37.3580,16.2508,1.4944,3.5667,0.9715,2.3107,2.3407,0.0001,0.1304,1.9658,3703124,46136,46136
off,2,23,39.5526,39.3597,16.0397,1.9812,3.9711,0.7831,2.0831,2.3396,0.0001,0.1368,2.1185,3703125,46134,46134
off,2,24,41.5898,55.1917,14.5172,5.6528,4.0800,0.7644,2.8854,2.3057,0.0003,0.1554,2.2584,3703126,51081,51081
off,2,25,60.2409,39.0623,17.0899,1.6248,3.7679,0.7662,2.7645,2.3369,0.0022,0.1419,2.4788,3703127,51073,51073
off,2,26,40.8109,41.3140,15.9418,2.1499,3.7316,1.0924,2.4284,2.5073,0.0018,0.1404,1.9662,3703128,51061,51061
off,2,27,44.0004,46.2547,18.7393,3.0877,3.9863,0.7889,2.4482,2.3582,0.0001,0.1359,1.9834,3703129,51060,51060
off,2,28,48.9696,56.6776,14.7725,6.0756,4.5021,0.8048,3.0871,2.2797,0.0006,0.1516,2.2929,3703130,51102,51102
off,2,29,61.9569,32.7126,14.0371,0.2174,3.8971,0.8373,2.7314,2.5156,0.0015,0.1345,1.8738,3703131,51096,51096
off,2,30,34.1191,44.9979,13.8897,4.5099,3.7480,0.7490,2.6685,2.2642,0.0003,0.1355,1.8332,3703132,51103,51103
off,2,31,48.3289,59.2909,13.6850,6.3558,5.0336,0.9151,3.6771,2.2751,0.0016,0.1599,1.8966,3703133,57281,57281
off,2,32,65.3508,41.1276,15.1216,1.9553,4.4285,0.9507,3.3904,2.3104,0.0002,0.1410,1.9013,3703134,57283,57283
off,2,33,43.5103,47.8188,15.8457,4.2449,4.3225,0.9471,2.9527,2.3324,0.0016,0.1378,1.8686,3703135,57283,57283
off,2,34,51.2509,43.2035,12.9185,4.0206,3.8676,1.1580,3.6950,2.2864,0.0001,0.1495,1.9107,3703136,57270,57270
off,2,35,46.1640,39.6280,14.5343,2.0740,3.8658,0.9170,2.8936,2.6525,0.0002,0.1363,1.8312,3703137,57262,57262
off,2,36,42.1230,43.6582,13.5673,3.4926,4.0276,0.9103,2.8923,2.2797,0.0017,0.1469,1.9154,3703138,57266,57266
off,2,37,47.3470,39.0198,13.2236,2.0518,4.0423,0.9549,3.1962,2.2339,0.0002,0.1405,1.8416,3703139,57264,57264
off,2,38,41.3872,44.7138,15.0538,2.6109,4.0567,0.9548,3.0705,2.3636,0.0019,0.1444,1.8659,3703140,57455,57455
off,2,39,47.9921,46.1824,11.6728,4.6411,4.1135,0.8897,3.2078,2.2535,0.0002,0.1490,1.8031,3703141,57454,57454
off,2,40,50.2887,31.1364,11.7421,0.0000,3.7827,0.9887,3.3046,2.2582,0.0002,0.1457,1.8169,3703142,57447,57447
