stage,sample,frame,frame_ms,update_ms,simulation_ms,remap_ms,sort_ms,children_ms,glass_ms,vehicles_ms,water_ms,minimap_ms,effects_ms,tick,sprites,meshes
before,1,1,32.7026,31.8746,12.0513,1.0723,4.2295,0.6818,3.2940,2.2457,0.0002,0.1282,0.4795,3703193,46984,46984
before,1,2,33.6315,31.0412,13.6817,0.1120,4.1560,0.6102,3.6123,2.2472,0.0018,0.1259,0.5057,3703194,46983,46983
before,1,3,32.3979,38.8753,16.6653,1.6148,4.1219,0.7147,3.1858,2.2894,0.0022,0.1378,0.4605,3703195,46984,46984
before,1,4,41.1854,29.7884,12.5518,0.1156,4.3348,0.6375,3.3961,2.2554,0.0001,0.1303,0.4583,3703196,46984,46984
before,1,5,31.2991,36.1164,13.2444,1.9577,4.1333,0.6777,3.0644,2.2227,0.0002,0.1334,0.4748,3703197,46985,46985
before,1,6,38.7585,50.0687,15.9129,4.8045,4.4101,0.7620,3.9452,2.2928,0.0001,0.1499,0.4924,3703198,46982,46982
before,1,7,54.5308,32.3759,13.9084,0.1279,4.2419,0.6309,3.7526,2.2469,0.0017,0.1391,0.5058,3703199,46982,46982
before,1,8,33.7550,33.0018,13.4931,1.0617,4.1712,0.6812,3.2759,2.2872,0.0001,0.1258,0.5029,3703200,46982,46982
before,1,9,34.7750,40.2834,13.1478,3.0289,4.1887,0.7509,3.7291,2.2271,0.0002,0.1524,0.4630,3703201,46981,46981
before,1,10,43.2306,31.5190,14.2659,0.1141,4.2778,0.6165,3.4665,2.2806,0.0003,0.1321,0.4918,3703202,46981,46981
before,1,11,32.9919,31.0458,13.7469,0.1124,4.1893,0.6492,2.9333,2.3058,0.0002,0.2205,0.9894,3703203,46980,46980
before,1,12,32.5344,43.1029,14.2608,3.6565,4.6561,0.7246,3.4437,2.3978,0.0020,0.1467,0.5384,3703204,46977,46977
before,1,13,46.2214,39.2465,16.7949,1.3611,5.2292,1.1243,3.6788,2.2638,0.0021,0.1574,0.5389,3703205,46976,46976
before,1,14,41.2239,38.4168,14.1463,2.4476,4.2228,0.6531,3.5878,2.3646,0.0002,0.1487,0.4760,3703206,46975,46975
before,1,15,40.8852,46.0178,13.7872,3.9337,4.0672,0.7832,3.8725,2.2664,0.0002,0.1547,0.4588,3703207,46981,46981
before,1,16,49.7825,39.4253,14.4535,2.6366,4.1572,0.7059,3.8556,2.2531,0.0018,0.1425,0.4627,3703208,46972,46972
before,1,17,42.0442,36.4530,12.6970,2.1945,4.5588,0.7027,3.6428,2.3221,0.0001,0.1373,0.4437,3703209,46973,46973
before,1,18,38.8845,34.9685,14.3494,1.0950,4.4781,0.7551,3.4895,2.2773,0.0019,0.1378,0.6950,3703210,46973,46973
before,1,19,36.9316,32.8948,13.6180,1.0680,4.2700,0.7199,3.1678,2.2780,0.0002,0.1370,0.4794,3703211,46973,46973
before,1,20,34.6267,42.0174,13.8656,4.0014,4.4968,0.7235,3.6391,2.3232,0.0017,0.1466,0.4897,3703212,46967,46967
before,1,21,44.8986,35.4000,14.0347,1.8768,4.1934,0.6629,3.6244,2.2800,0.0002,0.1393,0.4399,3703213,46966,46966
before,1,22,37.3343,41.0164,13.3285,3.3992,4.3345,0.7184,3.5760,2.2726,0.0003,0.1526,0.3937,3703214,46969,46969
before,1,23,43.8880,31.0968,13.5776,0.1143,4.3252,0.6633,3.3162,2.3287,0.0023,0.1316,0.5599,3703215,46969,46969
before,1,24,32.5668,32.2411,12.4230,1.0543,4.1616,0.6768,3.0961,2.2647,0.0002,0.2206,0.4611,3703216,46969,46969
before,1,25,34.0275,37.9898,14.6715,2.2261,4.5418,0.7635,3.3436,2.2493,0.0020,0.1450,0.4982,3703217,46968,46968
before,1,26,40.2054,36.7274,13.1138,1.6761,4.4171,0.7655,3.8332,2.2387,0.0002,0.1422,0.4343,3703218,46968,46968
before,1,27,39.1938,47.2713,13.7065,5.2771,4.2289,0.8708,3.8339,2.3249,0.0003,0.1527,0.4448,3703219,46963,46963
before,1,28,51.4129,40.7196,14.2522,2.5226,4.1527,0.7608,4.4170,2.2507,0.0020,0.1493,0.3917,3703220,46964,46964
before,1,29,43.6852,36.4631,15.5979,1.4838,4.3467,0.7276,3.5087,2.2867,0.0016,0.1443,0.5152,3703221,46964,46964
before,1,30,38.3261,38.5961,13.6809,1.7650,4.2497,0.7991,3.3739,2.3072,0.0003,0.1496,0.4408,3703222,46964,46964
before,1,31,41.2049,40.2693,13.1608,2.4242,4.4429,0.8565,3.8512,2.2493,0.0002,0.1487,0.6361,3703223,46965,46965
before,1,32,43.2666,42.3021,18.7118,1.7267,4.5090,0.8154,3.6228,2.2820,0.0002,0.1395,0.6400,3703224,46968,46968
before,1,33,44.5727,37.5772,13.5954,2.5471,4.1146,0.7380,3.7107,2.2274,0.0018,0.1333,0.4071,3703225,46969,46969
before,1,34,40.2376,35.9247,14.4540,1.5749,4.2090,0.7240,3.6307,2.3022,0.0001,0.1421,0.3993,3703226,46968,46968
before,1,35,37.7963,47.4847,14.1747,3.7558,4.6383,0.8602,3.8694,2.2484,0.0001,0.1456,0.8315,3703227,46974,46974
before,1,36,51.2327,44.3123,17.3406,2.7771,4.2617,0.7605,3.9076,2.2816,0.0003,0.1456,0.6297,3703228,46968,46968
before,1,37,47.4101,38.1216,13.0336,1.7189,4.2147,0.7996,3.4550,2.3278,0.0024,0.1529,0.5047,3703229,46968,46968
before,1,38,40.7046,37.1338,13.2508,1.7504,4.3817,0.8931,4.0673,2.2891,0.0023,0.1638,0.4220,3703230,46968,46968
before,1,39,39.9868,36.2314,14.3966,1.5206,4.3423,0.9219,3.7702,2.3185,0.0002,0.1612,0.5475,3703231,46968,46968
before,1,40,38.1799,53.0154,14.4858,4.7566,4.5058,1.0726,4.6434,2.2488,0.0002,0.1706,0.5456,3703232,46965,46965
after,1,1,33.5896,32.9442,12.6861,1.0709,4.2596,0.7110,3.1366,3.0126,0.0003,0.1300,0.4197,3703193,46984,46984
after,1,2,34.8041,31.8342,14.4125,0.1973,4.3984,0.6462,3.2509,2.2718,0.0013,0.1389,0.4785,3703194,46983,46983
after,1,3,33.2139,39.8928,17.2819,1.6620,4.3985,0.7808,3.2529,2.2554,0.0019,0.1511,0.6585,3703195,46984,46984
after,1,4,42.0953,29.5004,12.1357,0.1266,4.7905,0.6708,3.2239,2.2593,0.0001,0.1431,0.4828,3703196,46984,46984
after,1,5,30.9785,37.0533,14.0722,2.1844,4.2155,0.6957,3.1809,2.3573,0.0002,0.1427,0.5045,3703197,46985,46985
after,1,6,39.2644,49.5261,14.8533,4.8486,4.1905,0.7775,3.9910,2.2989,0.0002,0.1544,0.5400,3703198,46982,46982
after,1,7,53.7205,31.4898,13.7063,0.1124,4.1907,0.6451,3.5895,2.2943,0.0019,0.2151,0.5073,3703199,46982,46982
after,1,8,32.9955,34.6336,13.8636,1.5468,4.3300,0.7302,3.1680,2.3547,0.0003,0.1368,0.7894,3703200,46982,46982
after,1,9,36.3900,39.0977,12.5934,2.8838,4.2906,0.8039,3.5952,2.2772,0.0002,0.1509,0.4667,3703201,46981,46981
after,1,10,42.1230,32.7550,14.3007,0.1138,4.3072,0.6516,3.7275,2.3265,0.0003,0.1511,0.6078,3703202,46981,46981
after,1,11,34.3184,30.1107,12.8962,0.1149,4.2754,0.6562,3.0398,2.3606,0.0001,0.1396,0.7070,3703203,46980,46980
after,1,12,31.6984,43.6548,15.6009,3.5615,4.1433,0.7451,3.4983,2.5672,0.0024,0.1480,0.4070,3703204,46977,46977
after,1,13,46.7405,37.1709,16.4111,1.3640,4.1787,0.7927,3.6289,2.3771,0.0015,0.1970,0.4068,3703205,46976,46976
after,1,14,39.3934,39.4629,14.4729,2.4871,4.4080,0.6807,3.6424,2.2734,0.0002,0.1525,0.4677,3703206,46975,46975
after,1,15,42.1168,46.8924,14.0192,3.5944,4.1327,0.8199,4.2554,2.2717,0.0003,0.1595,0.9031,3703207,46981,46981
after,1,16,50.6291,38.1863,13.7747,2.6618,4.0862,0.7075,3.5795,2.2520,0.0016,0.1449,0.6473,3703208,46972,46972
after,1,17,41.0778,36.2577,12.3129,2.3360,4.2369,0.7264,3.5687,2.3064,0.0002,0.1457,0.4673,3703209,46973,46973
after,1,18,38.8775,33.5659,13.6259,1.0834,4.1956,0.7004,3.3410,2.2837,0.0016,0.1318,0.4774,3703210,46973,46973
after,1,19,35.3107,32.8326,13.3117,1.0874,4.1490,0.7085,3.1164,2.3063,0.0001,0.1350,0.4856,3703211,46973,46973
after,1,20,34.5684,42.0512,14.8878,3.4138,4.5007,0.8194,3.5863,2.2964,0.0013,0.1444,0.4474,3703212,46967,46967
after,1,21,44.7697,36.3307,14.6098,1.8997,4.6260,0.7187,3.5637,2.2904,0.0002,0.1386,0.4366,3703213,46966,46966
after,1,22,38.2914,40.9802,13.4408,3.3431,4.2195,0.7336,3.7552,2.3435,0.0003,0.1452,0.5080,3703214,46969,46969
after,1,23,43.7884,32.4653,14.1764,0.1999,4.9998,0.6493,3.5551,2.2792,0.0014,0.1330,0.5276,3703215,46969,46969
after,1,24,33.8728,33.7119,13.0330,1.0820,4.7735,0.7366,3.1872,2.3188,0.0002,0.1350,0.5187,3703216,46969,46969
after,1,25,35.5168,39.1428,15.1492,2.6329,4.6117,0.7521,3.2605,2.2938,0.0018,0.1479,0.5129,3703217,46968,46968
after,1,26,41.3618,37.3005,13.7352,1.7378,4.4512,0.7972,3.4586,2.3038,0.0002,0.1446,0.5170,3703218,46968,46968
after,1,27,39.4310,48.4422,14.4538,5.4971,4.2104,0.8436,3.7395,2.3062,0.0001,0.1480,0.4716,3703219,46963,46963
after,1,28,52.2341,40.6904,14.5994,2.5085,4.2932,0.7965,3.7866,2.3245,0.0018,0.1508,0.5141,3703220,46964,46964
after,1,29,43.4075,35.7392,14.6025,1.6772,4.2147,0.7292,3.2971,2.2976,0.0022,0.1426,0.6355,3703221,46964,46964
after,1,30,37.6193,39.2407,13.9586,1.8039,4.1678,0.8117,3.5717,2.2990,0.0001,0.1430,0.4953,3703222,46964,46964
after,1,31,41.8716,40.6993,14.1612,2.2871,4.2605,0.8409,3.6633,2.3132,0.0002,0.1440,0.5476,3703223,46965,46965
after,1,32,43.5717,41.9542,18.5509,1.7020,4.5747,0.7826,3.4870,2.2738,0.0003,0.1541,0.4104,3703224,46968,46968
after,1,33,44.2395,37.8003,13.4869,2.5678,4.2467,0.7711,3.3563,2.2959,0.0016,0.1600,0.4849,3703225,46969,46969
after,1,34,40.1253,35.9686,15.1701,1.4910,4.2221,0.7603,3.5537,2.2900,0.0002,0.1378,0.5008,3703226,46968,46968
after,1,35,37.8620,48.3136,14.6935,4.3422,4.6260,0.8783,3.9915,2.2923,0.0001,0.1521,0.5377,3703227,46974,46974
after,1,36,52.0317,44.8474,18.1129,2.7501,4.3290,0.7950,3.9750,2.3489,0.0002,0.2285,0.5388,3703228,46968,46968
after,1,37,47.4803,37.9424,13.7783,1.8302,4.1615,0.8087,3.3934,2.2787,0.0012,0.2269,0.4063,3703229,46968,46968
after,1,38,40.8834,37.0152,13.7566,2.2243,4.1590,0.7822,3.4253,2.2855,0.0013,0.1432,0.4121,3703230,46968,46968
after,1,39,39.5045,36.4224,14.3222,1.6126,4.3115,0.7576,3.7819,2.2806,0.0004,0.1436,0.8894,3703231,46968,46968
after,1,40,38.2529,47.5724,13.5336,4.8943,4.1624,0.8223,4.0319,2.2925,0.0001,0.1609,0.6529,3703232,46965,46965
after,2,1,34.5232,32.4721,12.4340,1.0833,4.2305,0.6861,3.0731,2.4219,0.0003,0.1404,0.8273,3703193,46984,46984
after,2,2,34.5771,31.7036,14.5177,0.1148,4.3301,0.6333,3.1632,2.2888,0.0012,0.1358,0.6737,3703194,46983,46983
after,2,3,33.3729,38.5745,16.0551,1.7803,4.2694,0.7237,3.4353,2.3005,0.0015,0.1484,0.3970,3703195,46984,46984
after,2,4,40.7823,29.4792,12.4014,0.1156,4.2740,0.6305,3.2904,2.3150,0.0002,0.1438,0.6882,3703196,46984,46984
after,2,5,30.8970,35.9840,13.5368,1.9652,4.3029,0.6891,3.2246,2.2685,0.0002,0.1492,0.4831,3703197,46985,46985
after,2,6,38.1930,49.6598,14.8275,5.0453,4.2697,0.7493,4.1749,2.3290,0.0002,0.1652,0.6414,3703198,46982,46982
after,2,7,53.8851,31.4246,13.6689,0.1182,4.3836,0.6293,3.6223,2.2691,0.0014,0.1451,0.6098,3703199,46982,46982
after,2,8,32.8111,33.3319,13.8803,1.0766,4.2487,0.6887,3.0955,2.2383,0.0002,0.1439,0.5216,3703200,46982,46982
after,2,9,35.1954,40.6573,12.8071,3.4234,4.3030,0.7410,3.5943,2.3358,0.0001,0.1558,0.3989,3703201,46981,46981
after,2,10,43.7744,31.3813,13.5211,0.1130,4.5110,0.7482,3.4499,2.3372,0.0002,0.1464,0.6483,3703202,46981,46981
after,2,11,32.7888,30.3592,13.2672,0.1124,4.3117,0.6989,3.0454,2.2568,0.0002,0.1364,0.4318,3703203,46980,46980
after,2,12,31.7286,43.4109,14.3798,3.5471,4.2454,0.7332,3.4553,2.2682,0.0013,0.1535,0.4812,3703204,46977,46977
after,2,13,46.4651,38.7971,16.6992,1.3542,4.6551,0.7181,3.8599,2.3040,0.0016,0.1513,0.8627,3703205,46976,46976
after,2,14,40.6691,39.0627,14.1357,2.5234,4.2596,0.6533,3.5983,2.2674,0.0003,0.1491,1.0458,3703206,46975,46975
after,2,15,42.1433,48.4770,14.0525,3.9316,4.6028,0.8936,4.2117,2.3241,0.0002,0.1861,0.6640,3703207,46981,46981
after,2,16,52.4515,38.7436,14.0286,2.7450,4.1714,0.7620,3.6873,2.3210,0.0019,0.1574,0.7458,3703208,46972,46972
after,2,17,41.1034,36.4247,12.3142,2.3231,4.3177,0.7035,3.5729,2.2660,0.0002,0.1573,0.4627,3703209,46973,46973
after,2,18,38.9596,33.9121,13.6445,1.0777,4.2377,0.6891,3.3354,2.5833,0.0017,0.1361,0.4082,3703210,46973,46973
after,2,19,35.7065,34.9570,14.7790,1.0621,4.6878,0.7014,3.1255,2.2864,0.0002,0.1390,0.4782,3703211,46973,46973
after,2,20,36.6659,41.0969,13.7707,3.4477,4.3190,0.7059,3.6035,2.2787,0.0021,0.1453,0.4870,3703212,46967,46967
after,2,21,44.2297,36.1413,14.2646,1.8934,4.3036,0.6419,3.9478,2.2988,0.0003,0.1528,0.4649,3703213,46966,46966
after,2,22,38.0439,40.4014,12.6761,3.4122,4.3633,0.7294,3.7327,2.2929,0.0002,0.1499,0.7903,3703214,46969,46969
after,2,23,43.1289,31.5191,13.2824,0.1955,4.3967,0.6272,3.3664,2.3566,0.0018,0.2229,0.8430,3703215,46969,46969
after,2,24,32.9518,32.0496,12.0998,1.0835,4.2836,0.6910,3.1804,2.2786,0.0003,0.1366,0.8041,3703216,46969,46969
after,2,25,33.8178,38.0296,15.0494,2.3104,4.2161,0.7071,3.2844,2.3893,0.0016,0.1504,0.4096,3703217,46968,46968
after,2,26,40.4358,35.7076,13.1024,1.7190,4.2783,0.7202,3.5446,2.2778,0.0003,0.1403,0.5182,3703218,46968,46968
after,2,27,38.0137,48.6073,14.7551,5.5359,4.1658,0.8059,4.1212,2.2623,0.0003,0.1608,0.4731,3703219,46963,46963
after,2,28,52.6458,41.6665,15.7902,2.5159,4.2908,0.7430,3.6517,2.3796,0.0016,0.1527,0.5108,3703220,46964,46964
after,2,29,44.4191,36.5551,15.8195,1.5020,4.3198,0.7293,3.2851,2.3401,0.0012,0.1442,0.4753,3703221,46964,46964
after,2,30,38.6711,38.7278,14.0303,1.7903,4.2842,0.7546,3.3128,2.3133,0.0002,0.1539,0.4805,3703222,46964,46964
after,2,31,41.5223,40.1928,13.4437,2.8511,4.2587,0.8418,3.6953,2.4377,0.0002,0.1547,0.4828,3703223,46965,46965
after,2,32,43.0758,43.2758,19.8862,1.6549,4.2837,0.7608,3.4880,2.3813,0.0002,0.1541,0.5333,3703224,46968,46968
after,2,33,45.7405,37.5684,13.6461,2.6593,4.2630,0.7333,3.4727,2.2823,0.0012,0.1388,0.4798,3703225,46969,46969
after,2,34,40.0756,35.5039,14.3072,1.5008,4.6795,0.6984,3.2799,2.2692,0.0002,0.1476,0.4870,3703226,46968,46968
after,2,35,37.3895,46.1729,14.0573,4.1927,4.2657,0.9311,3.6747,2.2793,0.0002,0.1561,0.4903,3703227,46974,46974
after,2,36,49.9023,43.5620,17.3002,2.7948,4.2623,0.7455,3.6504,2.2573,0.0002,0.1459,0.6521,3703228,46968,46968
after,2,37,46.1923,38.9004,14.1238,1.8261,4.3189,0.7687,3.8529,2.2834,0.0017,0.1575,0.4924,3703229,46968,46968
after,2,38,41.4217,36.2530,13.2477,1.7692,4.7393,0.8008,3.3829,2.2555,0.0016,0.1517,0.4668,3703230,46968,46968
after,2,39,38.5427,34.6162,14.0643,1.5108,4.2670,0.7083,3.2191,2.3088,0.0003,0.1389,0.5655,3703231,46968,46968
after,2,40,36.6355,47.1745,13.7801,4.7964,4.2007,0.8177,3.5038,2.3163,0.0002,0.1541,0.5365,3703232,46965,46965
before,2,1,34.1072,32.5223,12.6884,1.0934,4.5867,0.6794,3.1312,2.2614,0.0001,0.1337,0.4492,3703193,46984,46984
before,2,2,34.4255,31.3497,14.1965,0.1218,4.2482,0.6171,3.2483,2.3092,0.0012,0.1285,0.4555,3703194,46983,46983
before,2,3,32.7196,39.4304,17.1062,1.6772,4.2803,0.7280,3.1352,2.2392,0.0016,0.1435,0.5410,3703195,46984,46984
before,2,4,41.9552,30.1056,12.3764,0.1151,4.3151,0.6299,3.3098,2.3043,0.0001,0.1370,0.8496,3703196,46984,46984
before,2,5,31.5053,36.7734,13.8239,1.9614,4.3454,0.6768,3.0818,2.5472,0.0005,0.1364,0.8394,3703197,46985,46985
before,2,6,39.0455,49.5015,14.6294,4.9935,4.2920,0.7769,3.9054,2.2722,0.0001,0.1573,0.5418,3703198,46982,46982
before,2,7,53.5005,31.7739,14.1073,0.1274,4.2506,0.6202,3.5374,2.2688,0.0015,0.2280,0.4558,3703199,46982,46982
before,2,8,33.5240,33.2236,13.8941,1.0878,4.2076,0.6982,3.0343,2.2553,0.0003,0.1338,0.4500,3703200,46982,46982
before,2,9,34.9853,40.2116,13.3467,2.9240,4.1712,0.7410,3.5437,2.2537,0.0002,0.1519,0.4426,3703201,46981,46981
before,2,10,43.2991,31.5959,14.2452,0.1286,4.2639,0.6308,3.3151,2.2437,0.0002,0.2206,0.4884,3703202,46981,46981
before,2,11,32.9672,29.6979,12.5976,0.1144,4.2492,0.6256,3.0090,2.3227,0.0002,0.1280,0.6404,3703203,46980,46980
before,2,12,31.0750,43.3388,14.5438,3.5283,4.7317,0.7219,3.7380,2.2474,0.0013,0.1546,0.5503,3703204,46977,46977
before,2,13,46.3504,37.1977,16.3491,1.4439,4.3087,0.6650,3.5160,2.2485,0.0014,0.1405,0.4486,3703205,46976,46976
before,2,14,39.1047,38.2250,13.8352,2.4808,4.1782,0.6614,3.4805,2.3053,0.0003,0.1414,0.5130,3703206,46975,46975
before,2,15,40.6126,46.3781,14.3715,3.4679,4.1452,0.7810,3.8829,2.2787,0.0002,0.1496,0.4866,3703207,46981,46981
before,2,16,49.9918,38.4570,13.6778,2.6122,4.2038,0.7087,3.6874,2.2506,0.0017,0.1511,0.4560,3703208,46972,46972
before,2,17,41.0317,35.5709,12.0171,2.2506,4.2659,0.6997,3.4215,2.2438,0.0002,0.1508,0.5320,3703209,46973,46973
before,2,18,37.8603,34.8213,14.9078,1.0898,4.2021,0.6871,3.3860,2.3736,0.0013,0.1240,0.5329,3703210,46973,46973
before,2,19,36.5833,33.1390,13.9895,1.0856,4.1433,0.6995,3.1249,2.2564,0.0001,0.1388,0.4556,3703211,46973,46973
before,2,20,34.8668,42.6394,14.6867,3.6599,4.5235,0.6950,3.6915,2.2501,0.0016,0.1428,0.4697,3703212,46967,46967
before,2,21,45.3174,36.4510,14.4149,1.9234,4.7513,0.6417,3.8070,2.2470,0.0001,0.1498,0.4783,3703213,46966,46966
before,2,22,38.3901,40.5135,13.3355,3.3401,4.4594,0.7163,3.5572,2.2404,0.0002,0.1484,0.5434,3703214,46969,46969
before,2,23,43.2620,31.4539,14.2423,0.1187,4.2334,0.6296,3.3237,2.5377,0.0013,0.1379,0.4401,3703215,46969,46969
before,2,24,32.8465,32.5796,12.3870,1.0957,4.6610,0.6758,3.0552,2.3112,0.0002,0.1310,0.6364,3703216,46969,46969
before,2,25,34.6690,38.5677,15.2799,2.2457,4.4627,0.7328,3.2378,2.2707,0.0015,0.2412,0.4938,3703217,46968,46968
before,2,26,40.9947,35.8602,13.0775,1.7125,4.2558,0.7075,3.5319,2.4209,0.0003,0.1318,0.3892,3703218,46968,46968
before,2,27,38.0564,47.2997,13.3694,5.3581,4.6610,0.8624,3.8616,2.2372,0.0002,0.1515,0.4774,3703219,46963,46963
before,2,28,51.1624,40.9114,14.4414,2.5823,4.1719,0.7370,4.1517,2.3161,0.0021,0.1404,0.4607,3703220,46964,46964
before,2,29,43.5496,37.3515,15.4056,1.5207,4.2845,0.7670,3.9465,2.2971,0.0020,0.1663,0.4935,3703221,46964,46964
before,2,30,39.3028,37.7631,13.3920,1.8256,4.2591,0.7670,3.1904,2.2654,0.0001,0.1556,0.4978,3703222,46964,46964
before,2,31,40.7111,39.1298,13.2121,2.2721,4.2456,0.8422,3.6095,2.2408,0.0002,0.1432,0.5192,3703223,46965,46965
before,2,32,42.0720,41.0338,18.1285,1.6516,4.2114,0.7365,3.6194,2.2953,0.0001,0.1526,0.5200,3703224,46968,46968
before,2,33,43.2001,37.4744,13.5275,2.6554,4.2600,0.7333,3.3091,2.2393,0.0012,0.1364,0.4841,3703225,46969,46969
before,2,34,39.8119,35.2748,14.3036,1.4827,4.1421,0.7231,3.5386,2.3030,0.0001,0.1351,0.4648,3703226,46968,46968
before,2,35,37.1137,45.2290,13.7585,3.7705,4.2451,0.8813,3.6056,2.3244,0.0002,0.1578,0.4463,3703227,46974,46974
before,2,36,49.4924,43.2989,17.3237,2.7094,4.4702,0.9006,3.6481,2.2533,0.0002,0.1467,0.6321,3703228,46968,46968
before,2,37,46.0698,37.3781,12.7809,1.8719,4.2458,0.7703,3.3989,2.3089,0.0012,0.1398,0.4599,3703229,46968,46968
before,2,38,39.8870,36.3913,13.1397,1.8261,4.6427,0.7528,3.6321,2.2782,0.0017,0.1551,0.5480,3703230,46968,46968
before,2,39,38.4991,35.6523,14.7406,1.5098,4.3309,0.7464,3.2626,2.3306,0.0002,0.1491,0.6396,3703231,46968,46968
before,2,40,37.4952,47.4675,13.8632,4.7420,4.2603,0.8099,3.8609,2.2817,0.0001,0.1564,0.4984,3703232,46965,46965
