variant,parent,entity,atlas_index,source_depth_bits,final_z_bits
before,4294870987,4294870986,739,1075003893,1075011785
before,4294870987,4294870985,416,1075003893,1075011774
before,4294870987,4294870984,2408,1075003894,1075011796
before-redraw,8589879165,8589879169,739,1075003893,1075011774
before-redraw,8589879165,8589879170,416,1075003893,1075011785
before-redraw,8589879165,8589879171,2408,1075003894,1075011796
after,4294870987,4294870986,739,1075003893,1075011774
after,4294870987,4294870985,416,1075003893,1075011785
after,4294870987,4294870984,2408,1075003894,1075011796
after-redraw,8589879976,8589879980,739,1075003893,1075011774
after-redraw,8589879976,8589879981,416,1075003893,1075011785
after-redraw,8589879976,8589879982,2408,1075003894,1075011796
