mode,sample,frame,tick,main_ms,main_00_First_ms,main_01_PreUpdate_ms,main_02_StateTransition_ms,main_03_RunFixedMainLoop_ms,main_04_Update_ms,main_05_SpawnScene_ms,main_06_PostUpdate_ms,main_07_Last_ms
steady,1,1,3703193,31.5130,0.0397,0.2308,0.0636,12.4982,13.3036,0.0024,5.1149,0.2598
steady,1,2,3703194,30.8381,0.0306,0.2323,0.0753,14.2784,11.0479,0.0021,4.9146,0.2570
steady,1,3,3703195,43.9833,0.0355,0.2125,0.0574,16.7305,18.7260,0.0023,7.9458,0.2733
steady,1,4,3703196,29.6294,0.0388,0.2252,0.0632,13.5279,11.0334,0.0018,4.4740,0.2650
steady,1,5,3703197,35.8266,0.0300,0.2202,0.0562,13.5027,15.3888,0.0026,6.3632,0.2628
steady,1,6,3703198,50.7405,0.0381,0.2536,0.0546,14.2865,25.6693,0.0025,10.1713,0.2647
steady,1,7,3703199,30.9291,0.0350,0.2336,0.2389,14.4981,10.9498,0.0017,4.6918,0.2803
steady,1,8,3703200,33.8978,0.0350,0.2116,0.0571,15.3616,12.6648,0.0020,5.3140,0.2516
steady,1,9,3703201,43.8473,0.0338,0.2223,0.0540,13.1150,21.2836,0.0027,8.8748,0.2611
steady,1,10,3703202,30.2685,0.0322,0.3099,0.0625,13.9827,11.1669,0.0023,4.4612,0.2507
steady,1,11,3703203,29.0758,0.0326,0.2084,0.0575,13.1064,10.7887,0.0020,4.6273,0.2529
steady,1,12,3703204,43.9569,0.0313,0.2620,0.0599,14.4796,20.6223,0.0024,8.2349,0.2645
steady,1,13,3703205,36.1484,0.0382,0.2444,0.0557,16.4727,13.8583,0.0019,5.2215,0.2558
steady,1,14,3703206,37.4594,0.0380,0.2102,0.0621,14.6619,15.8025,0.0018,6.4219,0.2610
steady,1,15,3703207,50.0889,0.0431,0.2545,0.0550,14.2357,24.9958,0.0023,10.2325,0.2699
steady,1,16,3703208,37.2059,0.0401,0.2692,0.0767,14.5717,16.0153,0.0023,5.9725,0.2582
steady,1,17,3703209,35.3950,0.0399,0.2206,0.0617,12.7103,16.2530,0.0023,5.8480,0.2592
steady,1,18,3703210,38.0219,0.0350,0.2123,0.0608,13.9963,16.5817,0.0022,6.8665,0.2671
steady,1,19,3703211,32.7928,0.0332,0.3050,0.0594,13.7239,13.1280,0.0024,5.2704,0.2704
steady,1,20,3703212,39.7997,0.0294,0.2277,0.0509,14.5372,17.9457,0.0027,6.7470,0.2592
steady,1,21,3703213,40.4747,0.0404,0.2883,0.0594,14.3418,18.3238,0.0027,7.1553,0.2631
steady,1,22,3703214,39.4686,0.0385,0.2411,0.0592,14.1072,18.1698,0.0024,6.5898,0.2608
steady,1,23,3703215,30.4991,0.0333,0.2771,0.0590,14.0848,10.8695,0.0022,4.8846,0.2885
steady,1,24,3703216,37.4969,0.0407,0.2495,0.1460,12.7081,17.1105,0.0026,6.9799,0.2597
steady,1,25,3703217,37.1981,0.0479,0.2658,0.0654,14.8114,15.8071,0.0028,5.9354,0.2624
steady,1,26,3703218,35.0943,0.0395,0.2354,0.0618,13.6704,14.9637,0.0026,5.8588,0.2620
steady,1,27,3703219,51.5873,0.0402,0.2324,0.0575,14.1771,26.5434,0.0038,10.2383,0.2947
steady,1,28,3703220,40.8439,0.0335,0.2735,0.0585,15.7751,17.5813,0.0025,6.8586,0.2611
steady,1,29,3703221,34.8618,0.0342,0.2377,0.0510,14.8316,14.1380,0.0024,5.3014,0.2653
steady,1,30,3703222,42.7786,0.0392,0.2515,0.0567,14.0227,19.8007,0.0021,8.3437,0.2620
steady,1,31,3703223,38.7158,0.0364,0.2377,0.0540,13.4942,17.5201,0.0024,7.1037,0.2671
steady,1,32,3703224,41.3822,0.0419,0.2342,0.0586,19.5396,15.3397,0.0021,5.9043,0.2616
steady,1,33,3703225,42.4892,0.0313,0.3184,0.0601,13.7508,20.1785,0.0023,7.8840,0.2640
steady,1,34,3703226,34.3791,0.0360,0.2191,0.0615,14.7385,13.7572,0.0025,5.3025,0.2619
steady,1,35,3703227,44.7542,0.0323,0.2400,0.0596,13.6679,20.7802,0.0023,9.7027,0.2692
steady,1,36,3703228,47.3537,0.0386,0.2532,0.0607,17.1165,21.2788,0.0024,8.3338,0.2696
steady,1,37,3703229,36.9412,0.0374,0.2721,0.0619,12.8976,16.5926,0.0024,6.8096,0.2676
steady,1,38,3703230,35.3602,0.0323,0.2316,0.0548,13.2713,15.4249,0.0022,6.0769,0.2662
steady,1,39,3703231,39.9350,0.0325,0.2695,0.0593,14.6997,17.5508,0.0026,7.0547,0.2659
steady,1,40,3703232,46.2563,0.0359,0.2756,0.0535,14.0877,22.9609,0.0025,8.5402,0.2999
steady,2,1,3703193,32.5013,0.0377,0.3134,0.0625,13.8716,12.9509,0.0037,5.0007,0.2609
steady,2,2,3703194,31.1574,0.0388,0.2880,0.0527,14.7437,10.9043,0.0022,4.8512,0.2765
steady,2,3,3703195,43.5632,0.0402,0.2667,0.0552,16.5674,18.8313,0.0022,7.5373,0.2630
steady,2,4,3703196,28.4492,0.0386,0.2172,0.0575,12.2656,11.1480,0.0019,4.4659,0.2545
steady,2,5,3703197,35.1234,0.0334,0.2379,0.0593,14.0077,14.7340,0.0020,5.7928,0.2563
steady,2,6,3703198,49.8461,0.0333,0.2137,0.0625,14.4068,24.8767,0.0024,9.9889,0.2618
steady,2,7,3703199,31.5351,0.0386,0.2664,0.0741,14.6942,11.3644,0.0021,4.8309,0.2645
steady,2,8,3703200,32.0901,0.0405,0.2141,0.0575,13.7547,12.5893,0.0023,5.1717,0.2598
steady,2,9,3703201,44.8481,0.0302,0.2442,0.3391,13.1032,21.4890,0.0020,9.3604,0.2799
steady,2,10,3703202,32.2425,0.0373,0.2918,0.0565,15.9520,11.1372,0.0022,4.5026,0.2629
steady,2,11,3703203,29.1109,0.0300,0.2093,0.0627,13.3562,10.6244,0.0033,4.5713,0.2538
steady,2,12,3703204,44.7224,0.0297,0.2042,0.0585,14.4453,21.4009,0.0024,8.3199,0.2615
steady,2,13,3703205,36.3929,0.0365,0.2853,0.0545,16.4321,13.7799,0.0023,5.5291,0.2732
steady,2,14,3703206,40.3985,0.0403,0.2655,0.0534,16.5368,16.8616,0.0027,6.3741,0.2640
steady,2,15,3703207,60.0070,0.0396,0.2870,0.0540,18.9503,27.7399,0.0025,12.6569,0.2768
steady,2,16,3703208,40.5547,0.0384,0.3357,0.0582,16.0253,17.2823,0.0023,6.5563,0.2561
steady,2,17,3703209,37.3251,0.0371,0.2524,0.0534,13.8823,16.3163,0.0020,6.5278,0.2540
steady,2,18,3703210,39.6086,0.0394,0.2487,0.0636,13.8900,17.8836,0.0017,7.2130,0.2686
steady,2,19,3703211,33.0635,0.0377,0.3121,0.0593,13.4971,13.4407,0.0019,5.4506,0.2641
steady,2,20,3703212,40.3508,0.0290,0.2148,0.0478,14.0502,18.5178,0.0025,7.2300,0.2587
steady,2,21,3703213,40.8839,0.0351,0.2664,0.0577,14.3674,18.8145,0.0016,7.0797,0.2615
steady,2,22,3703214,40.3962,0.0339,0.2758,0.0532,13.7924,19.2180,0.0034,6.7619,0.2575
steady,2,23,3703215,30.1897,0.0378,0.2559,0.0614,14.2539,10.9709,0.0017,4.3502,0.2579
steady,2,24,3703216,36.9811,0.0357,0.2178,0.0533,12.5309,16.6695,0.0021,7.1958,0.2760
steady,2,25,3703217,38.1726,0.0347,0.2599,0.0559,15.3142,16.2841,0.0022,5.9606,0.2609
steady,2,26,3703218,34.8826,0.0458,0.2577,0.0583,13.8031,14.7789,0.0020,5.6753,0.2615
steady,2,27,3703219,50.8190,0.0345,0.2178,0.0649,13.3554,26.5424,0.0021,10.3231,0.2788
steady,2,28,3703220,39.1898,0.0386,0.2770,0.0557,14.7496,17.2711,0.0023,6.5378,0.2576
steady,2,29,3703221,33.9616,0.0314,0.2168,0.0604,14.8895,13.4323,0.0021,5.0721,0.2570
steady,2,30,3703222,41.9093,0.0349,0.2075,0.0555,13.2443,19.8325,0.0031,8.2663,0.2651
steady,2,31,3703223,38.3986,0.0362,0.2766,0.0574,13.9065,16.9413,0.0022,6.9057,0.2726
steady,2,32,3703224,42.4946,0.0330,0.2586,0.0502,19.9577,15.9996,0.0026,5.9332,0.2596
steady,2,33,3703225,43.0362,0.0369,0.2078,0.0675,13.9545,20.5413,0.0024,7.9570,0.2687
steady,2,34,3703226,34.5027,0.0343,0.2503,0.0623,14.4967,14.2154,0.0019,5.1886,0.2532
steady,2,35,3703227,45.1445,0.0390,0.2038,0.0561,14.3898,21.0557,0.0021,9.1262,0.2718
steady,2,36,3703228,48.7266,0.0412,0.2501,0.0596,17.4227,22.1418,0.0020,8.5454,0.2637
steady,2,37,3703229,37.3649,0.0374,0.2266,0.1202,13.4066,17.0253,0.0027,6.2764,0.2696
steady,2,38,3703230,34.8373,0.0417,0.2256,0.0615,14.0861,13.9814,0.0020,6.1788,0.2602
steady,2,39,3703231,39.7906,0.0326,0.2096,0.0527,14.5621,17.7544,0.0024,6.9168,0.2601
steady,2,40,3703232,46.1841,0.0391,0.2305,0.0633,14.3308,22.2562,0.0024,8.9696,0.2922
pan,1,1,3703103,43.5625,0.0705,0.3741,0.0586,15.0705,19.4317,0.0020,8.3007,0.2543
pan,1,2,3703104,37.0989,0.0523,0.2593,0.0576,13.7865,15.0348,0.0021,7.6371,0.2691
pan,1,3,3703105,43.2707,0.0414,0.2806,0.0600,13.6877,20.0834,0.0024,8.8604,0.2548
pan,1,4,3703106,36.8852,0.0407,0.2672,0.0517,16.7452,13.4047,0.0021,6.1189,0.2547
pan,1,5,3703107,32.3879,0.0444,0.2306,0.0553,14.6796,11.8959,0.0018,5.2287,0.2517
pan,1,6,3703108,46.2624,0.0396,0.2285,0.0551,15.7198,20.2936,0.0020,9.6498,0.2740
pan,1,7,3703109,34.8058,0.0520,0.3526,0.0560,13.4279,14.1468,0.0024,6.5023,0.2657
pan,1,8,3703110,34.3919,0.2502,0.2232,0.0495,16.0389,11.9453,0.0019,5.6282,0.2547
pan,1,9,3703111,42.2015,0.2257,0.2177,0.0511,15.3721,18.0458,0.0027,8.0316,0.2548
pan,1,10,3703112,34.9961,0.2467,0.2560,0.0590,16.0716,12.7101,0.0024,5.3873,0.2631
pan,1,11,3703113,36.2810,0.0446,0.1975,0.0792,13.6107,14.5721,0.0021,7.5001,0.2748
pan,1,12,3703114,37.8496,0.0445,0.2781,0.0562,13.0705,16.1138,0.0020,8.0246,0.2599
pan,1,13,3703115,37.3039,0.0481,0.2710,0.0604,16.1234,14.5674,0.0020,5.9726,0.2589
pan,1,14,3703116,39.7927,0.0529,0.2661,0.0574,15.1040,16.4316,0.0018,7.6201,0.2590
pan,1,15,3703117,51.2803,0.2305,0.2394,0.0566,16.1216,24.0863,0.0024,10.2812,0.2623
pan,1,16,3703118,34.8628,0.0393,0.2653,0.0662,13.1935,14.6299,0.0021,6.4096,0.2569
pan,1,17,3703119,39.3737,0.2395,0.2331,0.0556,14.3976,16.4889,0.0029,7.6937,0.2624
pan,1,18,3703120,46.8682,0.2171,0.2587,0.0600,15.3798,20.7108,0.0024,9.9735,0.2660
pan,1,19,3703121,49.5676,0.0407,0.3761,0.0619,16.9331,22.1084,0.0024,9.7780,0.2670
pan,1,20,3703122,35.2986,0.0409,0.2440,0.0602,13.3234,14.2642,0.0023,7.0796,0.2840
pan,1,21,3703123,45.9839,0.0548,0.2487,0.0596,17.8097,18.9572,0.0026,8.5040,0.3473
pan,1,22,3703124,36.3383,0.0402,0.2619,0.0558,16.9544,13.0950,0.0016,5.6740,0.2553
pan,1,23,3703125,36.3369,0.2114,0.2549,0.0669,15.5368,13.9885,0.0019,6.0245,0.2520
pan,1,24,3703126,50.8757,0.0456,0.4024,0.0625,13.8575,22.7507,0.0020,13.4817,0.2734
pan,1,25,3703127,35.6816,0.0530,0.2976,0.0718,16.3350,13.1394,0.0020,5.5010,0.2818
pan,1,26,3703128,40.1856,0.0528,0.2571,0.0609,16.3832,16.6660,0.0022,6.5066,0.2569
pan,1,27,3703129,45.0823,0.1961,0.2747,0.0571,19.9789,17.2699,0.0028,7.0454,0.2573
pan,1,28,3703130,53.7007,0.0377,0.3368,0.0559,13.7281,27.8678,0.0022,11.4136,0.2586
pan,1,29,3703131,30.7345,0.0455,0.3224,0.0632,13.8719,11.2991,0.0030,4.8709,0.2586
pan,1,30,3703132,43.4502,0.0401,0.2458,0.0653,14.6674,19.6536,0.0021,8.5167,0.2591
pan,1,31,3703133,55.5020,0.0428,0.3902,0.0678,14.3362,25.8418,0.0023,14.5541,0.2667
pan,1,32,3703134,39.4830,0.2221,0.3660,0.0655,15.4590,16.4424,0.0021,6.6742,0.2516
pan,1,33,3703135,46.1963,0.0390,0.2652,0.0619,16.6590,20.5410,0.0020,8.3723,0.2558
pan,1,34,3703136,41.7251,0.0539,0.2839,0.0564,13.1206,20.1816,0.0026,7.7686,0.2576
pan,1,35,3703137,37.1349,0.0423,0.4142,0.0663,14.0848,15.8207,0.0032,6.4389,0.2645
pan,1,36,3703138,41.2888,0.0436,0.4121,0.0603,12.6957,19.4876,0.0027,8.3234,0.2633
pan,1,37,3703139,37.7035,0.0478,0.2372,0.0572,12.9918,16.6963,0.0022,7.4028,0.2683
pan,1,38,3703140,43.0106,0.0455,0.2699,0.0655,15.3785,19.0416,0.0026,7.9506,0.2564
pan,1,39,3703141,45.8950,0.0415,0.4058,0.0616,12.8032,22.9887,0.0023,9.3325,0.2594
pan,1,40,3703142,28.4484,0.0393,0.2672,0.0675,11.3581,11.5325,0.0022,4.8995,0.2822
pan,2,1,3703103,44.0099,0.1354,0.4434,0.0661,15.0333,19.9029,0.0023,8.1515,0.2751
pan,2,2,3703104,37.1031,0.0407,0.2709,0.0550,14.1284,15.0641,0.0023,7.2817,0.2601
pan,2,3,3703105,43.9674,0.0442,0.2704,0.0567,14.3119,19.5121,0.0021,9.5108,0.2591
pan,2,4,3703106,36.8217,0.2219,0.2714,0.0530,17.0891,12.6485,0.0021,6.2785,0.2573
pan,2,5,3703107,33.0088,0.0432,0.2343,0.0591,14.8674,12.2022,0.0025,5.3459,0.2543
pan,2,6,3703108,45.1964,0.0458,0.2088,0.0575,14.8764,20.6284,0.0025,9.0957,0.2812
pan,2,7,3703109,34.2037,0.0494,0.2663,0.0644,13.2042,14.0730,0.0020,6.2819,0.2625
pan,2,8,3703110,33.5422,0.2688,0.2411,0.0597,15.0432,11.8061,0.0024,5.8685,0.2524
pan,2,9,3703111,42.5193,0.0477,0.2520,0.0585,15.9928,18.1887,0.0029,7.7183,0.2584
pan,2,10,3703112,36.7371,0.2156,0.2668,0.0612,16.8029,13.1912,0.0023,5.9411,0.2560
pan,2,11,3703113,36.4380,0.0365,0.2318,0.0579,13.5690,14.7263,0.0024,7.5508,0.2632
pan,2,12,3703114,38.2269,0.2209,0.2521,0.0584,13.1857,16.5870,0.0019,7.6644,0.2566
pan,2,13,3703115,38.5722,0.0504,0.2639,0.0758,17.2092,14.1901,0.0019,6.5211,0.2598
pan,2,14,3703116,40.4021,0.0404,0.2580,0.0616,15.1565,17.0153,0.0021,7.6082,0.2599
pan,2,15,3703117,51.5443,0.2271,0.2564,0.0559,16.6570,23.6885,0.0027,10.3797,0.2771
pan,2,16,3703118,34.8652,0.0425,0.2917,0.0599,13.2094,14.4894,0.0022,6.5136,0.2564
pan,2,17,3703119,39.1933,0.0404,0.2402,0.0509,14.5360,16.5153,0.0022,7.5427,0.2656
pan,2,18,3703120,46.1818,0.0405,0.3229,0.0552,14.8366,20.7739,0.0023,9.8834,0.2669
pan,2,19,3703121,48.3037,0.0410,0.3015,0.0632,16.3251,21.5586,0.0025,9.7489,0.2630
pan,2,20,3703122,36.1254,0.2495,0.3242,0.0646,13.4390,14.8260,0.0027,6.9483,0.2711
pan,2,21,3703123,47.9978,0.0444,0.4413,0.0536,17.7687,20.3587,0.0026,9.0601,0.2684
pan,2,22,3703124,35.7431,0.0453,0.3478,0.0520,16.7221,12.8595,0.0025,5.4661,0.2478
pan,2,23,3703125,36.9649,0.0419,0.3681,0.0671,15.6130,14.4540,0.0025,6.1621,0.2564
pan,2,24,3703126,52.0975,0.0456,0.2448,0.0663,13.6886,23.2385,0.0023,14.5329,0.2785
pan,2,25,3703127,36.6822,0.0464,0.2959,0.0573,16.7101,13.9332,0.0024,5.3779,0.2590
pan,2,26,3703128,39.3691,0.2172,0.2248,0.0531,16.1285,15.5459,0.0024,6.9427,0.2546
pan,2,27,3703129,44.9747,0.0497,0.2964,0.0606,19.0955,17.9606,0.0019,7.2428,0.2672
pan,2,28,3703130,55.3793,0.0438,0.3784,0.0565,14.0450,28.7271,0.0026,11.8602,0.2657
pan,2,29,3703131,31.0767,0.0500,0.3146,0.0626,14.7957,10.9387,0.0017,4.6661,0.2473
pan,2,30,3703132,44.1737,0.0391,0.2131,0.0582,14.4066,20.2865,0.0022,8.9043,0.2637
pan,2,31,3703133,55.4616,0.0392,0.2538,0.0528,13.8893,25.5390,0.0025,15.2783,0.4067
pan,2,32,3703134,39.7853,0.0422,0.3053,0.0585,15.8124,16.6897,0.0024,6.6183,0.2565
pan,2,33,3703135,46.6396,0.0425,0.2278,0.0583,16.6800,20.9322,0.0022,8.4351,0.2615
pan,2,34,3703136,41.0653,0.0444,0.2560,0.0607,12.6496,20.0030,0.0024,7.7875,0.2617
pan,2,35,3703137,37.0088,0.2331,0.2395,0.0519,13.7786,16.0268,0.0060,6.4145,0.2585
pan,2,36,3703138,41.6310,0.0364,0.2367,0.0613,13.0685,19.5090,0.0023,8.4557,0.2612
pan,2,37,3703139,36.9320,0.0435,0.2263,0.0538,13.1650,16.2141,0.0025,6.9648,0.2619
pan,2,38,3703140,43.2380,0.0445,0.2467,0.0658,15.8276,18.6165,0.0022,8.1765,0.2582
pan,2,39,3703141,45.5080,0.0390,0.4183,0.0486,12.3048,22.8337,0.0024,9.5957,0.2656
pan,2,40,3703142,29.6358,0.0411,0.2563,0.0546,11.9755,12.0253,0.0022,4.9687,0.3122
