mode,frame,tick,main_ms,main_00_First_ms,main_01_PreUpdate_ms,main_02_StateTransition_ms,main_03_RunFixedMainLoop_ms,main_04_Update_ms,main_05_SpawnScene_ms,main_06_PostUpdate_ms,main_07_Last_ms
active,1,3703193,32.7249,0.0334,0.2457,0.0584,12.6256,14.2954,0.0021,5.1929,0.2713
active,2,3703194,31.7653,0.0483,0.2280,0.0725,14.2443,12.1197,0.0023,4.7906,0.2595
active,3,3703195,39.6174,0.0324,0.2171,0.0575,16.7107,16.3602,0.0023,5.9695,0.2679
active,4,3703196,29.1927,0.0427,0.2299,0.0635,12.0576,12.0506,0.0025,4.4814,0.2645
active,5,3703197,36.8886,0.0339,0.2114,0.0585,13.6893,16.7216,0.0025,5.9143,0.2572
active,6,3703198,51.5742,0.0307,0.2851,0.0610,16.7299,25.0881,0.0029,9.0980,0.2784
active,7,3703199,33.1114,0.0427,0.2832,0.0645,14.4623,12.9379,0.0022,5.0503,0.2682
active,8,3703200,34.7093,0.0369,0.2632,0.0589,14.5379,14.0956,0.0022,5.4488,0.2657
active,9,3703201,40.1724,0.0339,0.2611,0.0568,13.3987,19.0635,0.0022,7.0666,0.2897
active,10,3703202,32.0490,0.0355,0.2437,0.0587,14.0527,12.4790,0.0026,4.9003,0.2765
active,11,3703203,30.3692,0.0369,0.2228,0.0549,13.2799,12.0222,0.0022,4.4869,0.2634
active,12,3703204,44.2807,0.0416,0.2610,0.0578,15.3737,21.0076,0.0024,7.2747,0.2620
active,13,3703205,38.3468,0.0403,0.2499,0.2546,16.8890,15.2049,0.0028,5.4406,0.2648
active,14,3703206,39.3906,0.0331,0.2384,0.0569,14.9115,17.5961,0.0023,6.2866,0.2656
active,15,3703207,47.0160,0.0440,0.2028,0.0643,14.7903,22.9951,0.0026,8.6384,0.2785
active,16,3703208,40.2713,0.0379,0.2130,0.1043,15.0275,18.2858,0.0027,6.3343,0.2658
active,17,3703209,37.2159,0.0341,0.2929,0.0679,13.2333,17.2269,0.0024,6.0883,0.2701
active,18,3703210,34.6048,0.0408,0.2621,0.0575,14.6145,14.0964,0.0036,5.2463,0.2836
active,19,3703211,33.9718,0.0351,0.2561,0.0551,13.8807,14.2025,0.0020,5.2771,0.2633
active,20,3703212,41.1924,0.0314,0.2251,0.0538,14.0194,19.6968,0.0025,6.8956,0.2679
active,21,3703213,36.1269,0.0323,0.2400,0.0643,14.2255,15.8556,0.0021,5.4373,0.2697
active,22,3703214,40.0359,0.0342,0.2093,0.0615,12.5366,20.0255,0.0026,6.8974,0.2688
active,23,3703215,32.1792,0.0333,0.2243,0.0586,13.9682,12.8502,0.0022,4.7701,0.2724
active,24,3703216,33.0768,0.0666,0.2329,0.0658,12.8770,14.4601,0.0036,5.1061,0.2646
active,25,3703217,38.5682,0.0332,0.2224,0.0570,14.9495,16.8246,0.0028,6.2002,0.2785
active,26,3703218,36.2978,0.0341,0.2955,0.0640,13.0829,16.6266,0.0023,5.9159,0.2764
active,27,3703219,47.7498,0.0393,0.1977,0.0552,13.7177,24.1760,0.0024,9.2860,0.2753
active,28,3703220,41.8476,0.0412,0.2574,0.0554,15.4457,18.6615,0.0025,7.0841,0.2999
active,29,3703221,36.3521,0.0319,0.2423,0.0632,14.6071,15.8125,0.0025,5.3196,0.2729
active,30,3703222,37.9536,0.0329,0.2443,0.0584,13.3164,17.4441,0.0027,6.5839,0.2708
active,31,3703223,39.8270,0.0358,0.2667,0.0555,13.3815,18.7907,0.0027,7.0218,0.2723
active,32,3703224,42.2514,0.0327,0.2304,0.0600,18.5165,16.9284,0.0029,6.2116,0.2690
active,33,3703225,38.7411,0.0322,0.2427,0.0570,13.8323,18.2370,0.0024,6.0695,0.2681
active,34,3703226,35.7865,0.0445,0.2711,0.0573,14.9431,14.7591,0.0025,5.4244,0.2846
active,35,3703227,46.4076,0.0409,0.2294,0.0667,13.5629,23.3588,0.0025,8.8760,0.2704
active,36,3703228,44.1858,0.0476,0.2211,0.0757,17.5561,19.2236,0.0029,6.7867,0.2721
active,37,3703229,37.3544,0.0400,0.2262,0.0619,13.0333,17.2003,0.0021,6.5169,0.2735
active,38,3703230,36.2869,0.0387,0.2595,0.0625,13.5626,16.0990,0.0024,5.9943,0.2679
active,39,3703231,36.1050,0.0433,0.2862,0.0586,14.9848,15.1279,0.0025,5.3236,0.2781
active,40,3703232,48.0914,0.0400,0.2033,0.0897,13.9102,24.7115,0.0028,8.8544,0.2794
active,41,3703233,39.8266,0.0462,0.3478,0.0620,13.1425,19.0683,0.0028,6.8785,0.2784
active,42,3703234,40.5336,0.0349,0.2723,0.0708,15.0654,18.7947,0.0034,5.9997,0.2923
active,43,3703235,34.2543,0.0387,0.2450,0.0603,12.7468,15.4465,0.0025,5.4518,0.2628
active,44,3703236,35.3111,0.0395,0.2470,0.0590,14.3963,14.8023,0.0023,5.4992,0.2655
active,45,3703237,34.3021,0.0377,0.2421,0.0774,13.4943,14.8887,0.0026,5.2937,0.2657
active,46,3703238,37.1760,0.0423,0.2318,0.0651,13.0743,17.3828,0.0024,6.1034,0.2741
active,47,3703239,41.0454,0.0367,0.2415,0.0595,17.6330,16.3920,0.0021,6.3908,0.2898
active,48,3703240,42.7125,0.0364,0.2481,0.0584,13.7835,20.5662,0.0027,7.7392,0.2779
active,49,3703241,38.9767,0.0371,0.2299,0.0595,13.1132,18.5795,0.0026,6.6526,0.3022
active,50,3703242,41.0099,0.0332,0.2135,0.0706,14.4883,18.6026,0.0026,7.3326,0.2666
active,51,3703243,37.3620,0.0358,0.2499,0.0631,14.4573,16.4680,0.0024,5.8154,0.2701
active,52,3703244,35.1914,0.0383,0.2057,0.0801,13.9066,15.4026,0.0023,5.2846,0.2711
active,53,3703245,33.1507,0.0336,0.2412,0.0638,15.6995,11.9497,0.0031,4.8922,0.2677
active,54,3703246,30.7140,0.0374,0.2777,0.0537,13.6885,11.8665,0.0024,4.4781,0.3098
active,55,3703247,37.7199,0.0317,0.2270,0.0558,14.8075,16.1919,0.0024,6.1375,0.2662
active,56,3703248,42.5327,0.0396,0.2290,0.0644,17.7347,18.0111,0.0021,6.1836,0.2681
active,57,3703249,35.9459,0.0374,0.2959,0.0664,12.2266,16.6221,0.0023,6.4230,0.2720
active,58,3703250,36.2886,0.0371,0.2183,0.0683,14.0617,16.1663,0.0026,5.4641,0.2702
active,59,3703251,37.8335,0.0366,0.2224,0.0602,14.7310,16.6051,0.0023,5.9069,0.2690
active,60,3703252,33.1013,0.0332,0.4928,0.0614,12.3655,14.5925,0.0023,5.2577,0.2960
active,61,3703253,37.2408,0.0339,0.2606,0.0591,13.1277,16.9454,0.0022,6.5393,0.2727
active,62,3703254,64.8427,0.0401,0.2601,0.0618,44.9061,14.1983,0.0028,5.0742,0.2994
active,63,3703255,42.8841,0.0350,0.2561,0.0675,17.1075,18.1697,0.0024,6.9127,0.3332
active,64,3703256,45.0797,0.0353,0.2647,0.0569,15.8180,20.6588,0.0026,7.9741,0.2693
active,65,3703257,36.2334,0.0374,0.2491,0.0592,12.9757,16.7064,0.0022,5.9335,0.2700
active,66,3703258,42.3989,0.0330,0.2195,0.0618,13.6964,20.5045,0.0023,7.5956,0.2857
active,67,3703259,30.8269,0.0390,0.2890,0.0581,13.2284,12.0938,0.0022,4.8481,0.2682
active,68,3703260,31.1709,0.0344,0.2048,0.0613,14.0827,11.9583,0.0033,4.5563,0.2699
active,69,3703261,31.8616,0.0333,0.2098,0.0621,11.3043,14.4641,0.0024,5.5169,0.2687
active,70,3703262,35.0139,0.0372,0.2223,0.0710,11.7366,16.7605,0.0024,5.9135,0.2704
active,71,3703263,35.6978,0.0363,0.2156,0.0570,13.7761,15.6796,0.0029,5.6558,0.2745
active,72,3703264,39.0662,0.0441,0.2080,0.0604,16.4373,16.0267,0.0026,6.0178,0.2693
active,73,3703265,31.3557,0.0331,0.2351,0.0633,14.1185,11.9127,0.0021,4.7240,0.2670
active,74,3703266,34.0499,0.0359,0.2408,0.0565,12.6197,15.4071,0.0023,5.4177,0.2699
active,75,3703267,43.4941,0.0362,0.2231,0.0666,12.9381,21.7951,0.0027,8.1575,0.2748
active,76,3703268,31.3464,0.0386,0.2468,0.0711,13.2514,12.7266,0.0038,4.7318,0.2764
active,77,3703269,36.2011,0.0337,0.2443,0.0607,12.3847,17.1244,0.0028,6.0785,0.2721
active,78,3703270,35.4853,0.0395,0.2180,0.0593,15.2653,14.4085,0.0065,5.2189,0.2693
active,79,3703271,30.0920,0.0390,0.2164,0.0716,12.7864,11.9847,0.0016,4.7272,0.2651
active,80,3703272,41.3961,0.0314,0.2186,0.0614,15.0379,18.7492,0.0025,7.0070,0.2881
active,81,3703273,36.3424,0.0366,0.2712,0.0592,12.9006,16.7855,0.0020,5.9983,0.2891
active,82,3703274,35.7674,0.0342,0.2202,0.0569,12.6140,16.4926,0.0022,6.0749,0.2723
active,83,3703275,30.4593,0.0410,0.2178,0.0656,12.9831,12.4303,0.0020,4.4574,0.2621
active,84,3703276,31.4407,0.0360,0.2669,0.0653,13.5454,12.6412,0.0025,4.6165,0.2668
active,85,3703277,33.1673,0.0403,0.2417,0.0600,13.1367,14.3093,0.0027,5.1067,0.2701
active,86,3703278,33.2145,0.0355,0.2582,0.0596,13.0631,14.4643,0.0024,5.0804,0.2510
active,87,3703279,40.1701,0.0316,0.2457,0.0614,13.4653,18.7724,0.0026,7.3116,0.2796
active,88,3703280,37.7005,0.0344,0.2267,0.0719,12.8623,17.8413,0.0024,6.3889,0.2725
active,89,3703281,31.2640,0.0396,0.2235,0.0559,13.3127,12.6559,0.0030,4.7037,0.2698
active,90,3703282,30.3419,0.0363,0.1947,0.0499,12.9947,12.0163,0.0022,4.7652,0.2826
active,91,3703283,40.9594,0.0355,0.2323,0.0656,14.1425,19.3469,0.0025,6.8555,0.2787
active,92,3703284,40.7702,0.0397,0.2538,0.0634,13.5427,19.9135,0.0022,6.6858,0.2689
active,93,3703285,33.2116,0.0368,0.4892,0.0610,12.7939,14.3863,0.0024,5.1692,0.2728
active,94,3703286,31.1911,0.0377,0.1993,0.0660,13.8764,12.1538,0.0019,4.5858,0.2703
active,95,3703287,39.0010,0.0370,0.1927,0.0624,12.2949,19.0642,0.0025,7.0803,0.2669
active,96,3703288,36.5650,0.0410,0.2686,0.0619,13.9157,16.2413,0.0023,5.7241,0.3100
active,97,3703289,33.4768,0.0408,0.2165,0.0696,13.3500,14.3462,0.0023,5.1827,0.2686
active,98,3703290,35.1486,0.0379,0.2259,0.0864,13.6530,15.5877,0.0023,5.2887,0.2665
active,99,3703291,30.8741,0.0389,0.2740,0.0688,13.4318,11.8687,0.0022,4.8356,0.3541
active,100,3703292,31.0524,0.0399,0.2806,0.0639,13.9096,11.9658,0.0021,4.5184,0.2722
active,101,3703293,35.0199,0.0368,0.2343,0.0611,14.8043,14.1368,0.0028,5.4768,0.2671
active,102,3703294,44.8354,0.0412,0.2507,0.0653,14.0452,22.7683,0.0023,7.4004,0.2620
active,103,3703295,42.4609,0.0429,0.2479,0.0695,13.4711,20.6839,0.0030,7.6678,0.2748
active,104,3703296,38.1786,0.0431,0.2335,0.0677,15.4441,16.1287,0.0025,5.9810,0.2779
active,105,3703297,32.6382,0.0470,0.2293,0.0566,12.7100,14.1000,0.0024,5.2183,0.2745
active,106,3703298,38.4437,0.0364,0.2238,0.0633,13.6854,17.2467,0.0023,6.9119,0.2739
active,107,3703299,33.8224,0.0429,0.2193,0.0596,13.4532,14.2985,0.0027,5.4785,0.2677
active,108,3703300,61.9518,0.0379,0.2206,0.0607,36.6203,18.3294,0.0030,6.4106,0.2693
active,109,3703301,31.4344,0.0405,0.2293,0.0632,13.5637,12.7837,0.0022,4.4732,0.2784
active,110,3703302,35.3473,0.0359,0.1957,0.0606,13.9359,15.5321,0.0024,5.3203,0.2644
active,111,3703303,43.3453,0.0386,0.2583,0.0608,14.4359,20.3930,0.0027,7.8860,0.2699
active,112,3703304,36.9815,0.0348,0.2372,0.0629,15.2983,15.5722,0.0025,5.5027,0.2710
active,113,3703305,36.7441,0.0366,0.2588,0.0652,12.8355,17.2483,0.0027,6.0345,0.2624
active,114,3703306,31.1597,0.0441,0.2212,0.0641,13.2753,12.1710,0.0033,5.0703,0.3105
active,115,3703307,35.6866,0.0416,0.2165,0.0615,13.9404,15.5127,0.0029,5.6228,0.2882
active,116,3703308,31.7342,0.0357,0.2315,0.0632,14.0250,12.6052,0.0038,4.5038,0.2660
active,117,3703309,31.0197,0.0314,0.2102,0.0603,13.7719,12.0740,0.0021,4.6022,0.2676
active,118,3703310,29.4249,0.0312,0.2198,0.0582,11.9994,11.8624,0.0020,4.9983,0.2535
active,119,3703311,35.4587,0.0387,0.2102,0.0530,14.1749,15.4705,0.0022,5.2442,0.2650
active,120,3703312,36.6836,0.0403,0.3299,0.0637,15.7736,14.7753,0.0037,5.4170,0.2802
active,121,3703313,39.6055,0.0336,0.2113,0.0628,12.7900,19.1210,0.0025,7.1177,0.2667
active,122,3703314,39.1636,0.0509,0.2395,0.0588,13.8503,18.3974,0.0022,6.2948,0.2695
active,123,3703315,34.4858,0.0432,0.2357,0.0798,12.6279,15.7254,0.0025,5.4922,0.2789
active,124,3703316,44.6613,0.0478,0.2261,0.0561,14.9935,21.6689,0.0027,7.3897,0.2764
active,125,3703317,41.2113,0.0418,0.2625,0.0635,17.0625,16.9422,0.0027,6.5656,0.2707
active,126,3703318,29.7443,0.0346,0.2214,0.0609,12.2866,12.0762,0.0021,4.7883,0.2742
active,127,3703319,37.9253,0.0362,0.2312,0.0571,12.3195,18.6213,0.0023,6.3828,0.2748
active,128,3703320,30.3859,0.0405,0.2319,0.0660,12.6812,12.5424,0.0023,4.5515,0.2702
active,129,3703321,41.1419,0.3704,0.2631,0.0610,13.8735,19.2406,0.0040,7.0491,0.2801
active,130,3703322,38.6893,0.0397,0.2386,0.0606,14.3343,17.5712,0.0028,6.1725,0.2694
active,131,3703323,38.0691,0.0427,0.2339,0.0772,13.3821,17.7232,0.0024,6.3172,0.2904
active,132,3703324,37.4392,0.0517,0.2461,0.0585,13.9824,16.7184,0.0029,6.1100,0.2692
active,133,3703325,45.1253,0.0396,0.2301,0.0574,14.7654,21.5591,0.0025,8.2005,0.2706
active,134,3703326,34.7336,0.0366,0.2338,0.0652,12.9498,15.7107,0.0026,5.4635,0.2715
active,135,3703327,45.6726,0.0402,0.2024,0.0632,14.7649,22.1692,0.0024,8.1575,0.2727
active,136,3703328,41.9681,0.0355,0.2345,0.0621,16.6322,18.2600,0.0025,6.4548,0.2864
active,137,3703329,31.4272,0.0369,0.2762,0.0606,13.8066,12.0780,0.0023,4.8460,0.3206
active,138,3703330,30.9861,0.0331,0.2112,0.0597,13.3327,12.4277,0.0025,4.6447,0.2746
active,139,3703331,40.8489,0.0391,0.2162,0.0582,12.7529,19.9760,0.0027,7.5293,0.2745
active,140,3703332,36.8873,0.0338,0.2269,0.0799,14.7482,16.0074,0.0023,5.4266,0.3620
active,141,3703333,31.9930,0.0334,0.2506,0.0612,13.8013,12.8646,0.0021,4.6871,0.2926
active,142,3703334,39.1711,0.0489,0.2301,0.0600,12.5689,19.3741,0.0021,6.6123,0.2747
active,143,3703335,31.5959,0.0360,0.2518,0.0572,13.3774,12.9894,0.0025,4.5994,0.2822
active,144,3703336,33.5370,0.0352,0.2385,0.0524,13.4213,14.3118,0.0023,5.1901,0.2854
active,145,3703337,37.2423,0.0337,0.2316,0.0577,14.7384,16.2509,0.0022,5.6437,0.2842
active,146,3703338,34.8181,0.0334,0.2141,0.0749,13.4205,15.2877,0.0023,5.5145,0.2708
active,147,3703339,29.7839,0.0338,0.2136,0.0594,12.3750,12.2164,0.0017,4.6167,0.2674
active,148,3703340,34.0060,0.0323,0.2160,0.0577,12.3930,15.5185,0.0023,5.5212,0.2649
active,149,3703341,38.3627,0.0321,0.2223,0.0590,12.3810,18.5806,0.0022,6.8168,0.2688
active,150,3703342,42.0259,0.0391,0.2218,0.0575,13.6048,20.2551,0.0026,7.5366,0.3084
active,151,3703343,34.3389,0.0533,0.2869,0.0599,13.5942,14.8071,0.0024,5.2680,0.2670
active,152,3703344,32.4709,0.0373,0.2233,0.0623,12.0817,14.2476,0.0023,5.5382,0.2781
active,153,3703345,30.9977,0.0371,0.2400,0.0600,13.4940,12.2599,0.0022,4.6332,0.2712
active,154,3703346,30.2823,0.0330,0.2422,0.0630,13.0394,11.9942,0.0023,4.6246,0.2835
active,155,3703347,40.1094,0.0336,0.2546,0.0644,14.0479,18.7420,0.0023,6.6941,0.2705
active,156,3703348,38.2615,0.0387,0.2453,0.0702,16.3077,15.6582,0.0024,5.6674,0.2716
active,157,3703349,37.3091,0.0345,0.2332,0.0579,15.8919,15.6012,0.0026,5.2080,0.2797
active,158,3703350,38.3570,0.1188,0.6603,0.2530,13.1287,17.7896,0.0029,6.1284,0.2754
active,159,3703351,44.3282,0.0378,0.2881,0.0650,13.5912,22.2813,0.0027,7.7832,0.2787
active,160,3703352,38.8881,0.0386,0.2711,0.0605,12.5121,18.6558,0.0027,7.0736,0.2738
active,161,3703353,40.1686,0.0374,0.2310,0.0670,16.3859,16.8642,0.0023,6.2148,0.3662
active,162,3703354,31.7845,0.0403,0.2448,0.0685,13.9020,12.5668,0.0036,4.6830,0.2755
active,163,3703355,43.0488,0.0346,0.2204,0.0548,12.1916,22.1289,0.0028,8.1442,0.2715
active,164,3703356,36.4794,0.0368,0.2665,0.0587,14.4932,15.9633,0.0027,5.3890,0.2692
active,165,3703357,41.8386,0.0375,0.2573,0.0552,13.2900,20.4625,0.0027,7.4541,0.2792
active,166,3703358,42.3331,0.0525,0.2488,0.0648,12.7654,21.5816,0.0025,7.3425,0.2750
active,167,3703359,39.5690,0.0349,0.2617,0.0606,15.8428,16.7462,0.0027,6.1929,0.4272
active,168,3703360,44.1472,0.0444,0.2511,0.0597,16.4749,19.7314,0.0022,7.3069,0.2767
active,169,3703361,36.7675,0.0343,0.2674,0.0580,12.8329,17.1091,0.0023,6.1869,0.2766
active,170,3703362,39.7420,0.0450,0.2347,0.0595,13.3726,19.0499,0.0023,6.7052,0.2726
active,171,3703363,40.7242,0.0465,0.2571,0.0607,14.3407,18.8919,0.0024,6.8458,0.2792
active,172,3703364,40.1178,0.0338,0.2422,0.0604,16.1308,17.3382,0.0024,6.0205,0.2894
active,173,3703365,38.2620,0.0421,0.2456,0.0699,13.5011,17.8979,0.0024,6.2302,0.2729
active,174,3703366,40.2755,0.0378,0.2277,0.0621,13.6524,19.0527,0.0021,6.9678,0.2730
active,175,3703367,39.2231,0.0397,0.4617,0.0614,15.8057,16.6542,0.0024,5.9276,0.2705
active,176,3703368,39.0628,0.0321,0.2573,0.0857,16.1286,16.1487,0.0019,6.1366,0.2718
active,177,3703369,48.9755,0.0365,0.2643,0.0617,16.0438,23.7105,0.0019,8.5626,0.2942
active,178,3703370,37.0905,0.0420,0.2780,0.0596,13.1369,17.4387,0.0022,5.8628,0.2703
active,179,3703371,34.4816,0.0364,0.2273,0.0674,12.8805,15.6974,0.0022,5.2946,0.2757
active,180,3703372,38.7407,0.0353,0.2213,0.0654,15.2505,16.8959,0.0024,5.9808,0.2890
active,181,3703373,45.1312,0.0405,0.2290,0.0584,14.1579,17.8161,0.0026,12.5549,0.2718
active,182,3703374,40.0511,0.0386,0.2552,0.0560,14.5529,18.3070,0.0023,6.5674,0.2717
active,183,3703375,44.2114,0.0456,0.2914,0.0620,16.9507,16.9409,0.0039,9.6394,0.2775
active,184,3703376,41.5430,0.0366,0.2928,0.0603,12.9782,18.6292,0.0026,9.1318,0.4115
active,185,3703377,38.5488,0.0422,0.2462,0.0587,14.0930,17.4998,0.0022,6.3295,0.2772
active,186,3703378,36.0025,0.0485,0.2280,0.0578,12.3223,16.9614,0.0023,6.1123,0.2699
active,187,3703379,39.5152,0.0368,0.2785,0.0740,14.5833,18.0323,0.0023,6.2327,0.2754
active,188,3703380,30.9161,0.0360,0.2208,0.0656,13.7596,11.9699,0.0023,4.5839,0.2779
active,189,3703381,34.8041,0.0387,0.2382,0.0661,13.0259,15.8102,0.0029,5.3419,0.2803
active,190,3703382,32.8441,0.0381,0.2310,0.5587,12.0303,14.5373,0.0025,5.1745,0.2717
active,191,3703383,33.2758,0.1092,0.7040,1.1419,14.0727,12.2533,0.0020,4.7100,0.2826
active,192,3703384,37.9930,0.1026,0.3185,0.0638,14.1793,14.7994,0.0025,8.2488,0.2782
active,193,3703385,43.4583,0.0369,0.2181,0.1255,14.6284,18.6767,0.0035,9.4807,0.2884
active,194,3703386,43.6788,0.1110,0.7815,1.7678,14.3624,19.3842,0.0025,6.9537,0.3157
active,195,3703387,31.9286,0.0349,0.2538,0.0705,14.2342,12.5450,0.0021,4.5219,0.2663
active,196,3703388,36.7527,0.0350,0.2444,0.0583,16.6801,14.1791,0.0023,5.2811,0.2726
active,197,3703389,36.6173,0.0374,0.2312,0.0616,13.6228,16.6791,0.0035,5.6870,0.2947
active,198,3703390,46.1237,0.0351,0.2261,0.0671,16.3074,21.3081,0.0027,7.9030,0.2742
active,199,3703391,42.0578,0.0384,0.2442,0.0604,18.5753,16.7910,0.0026,6.0685,0.2774
active,200,3703392,34.2545,0.0412,0.2581,0.0748,16.6415,11.9794,0.0019,4.9801,0.2775
active,201,3703393,33.8769,0.0324,0.2218,0.0539,13.7575,14.2186,0.0024,5.3038,0.2864
active,202,3703394,36.5641,0.1114,0.6997,0.0739,13.7465,15.7425,0.0034,5.8967,0.2900
active,203,3703395,34.6779,0.0331,0.2430,0.0624,13.4777,15.1174,0.0026,5.4442,0.2975
active,204,3703396,31.4658,0.0336,0.2107,0.0642,14.2557,11.9466,0.0025,4.6760,0.2764
active,205,3703397,39.5641,0.0373,0.2929,0.0580,16.3904,16.5044,0.0025,5.9883,0.2902
active,206,3703398,38.5807,0.0345,0.3482,5.7684,14.6218,12.5648,0.0023,4.9670,0.2737
active,207,3703399,44.8591,0.0389,0.2753,0.0606,16.3007,20.0220,0.0027,7.8556,0.3032
active,208,3703400,45.4642,0.0334,0.2609,0.0651,16.4163,20.4110,0.0026,7.9903,0.2847
active,209,3703401,43.6214,0.0393,0.2532,0.0622,16.2344,17.2038,0.0023,9.5555,0.2706
active,210,3703402,34.2532,0.0378,0.3487,0.0629,16.0793,12.6571,0.0025,4.7576,0.3073
active,211,3703403,40.0022,0.0368,0.7427,0.0621,15.3326,15.2239,0.0027,8.1345,0.4669
active,212,3703404,39.4198,0.0359,0.3315,0.9589,14.2568,15.2937,0.0024,8.2702,0.2705
active,213,3703405,34.4430,0.0396,0.2189,0.0667,13.4797,14.8991,0.0025,5.4612,0.2753
active,214,3703406,45.1103,0.0330,0.2452,0.0601,17.8362,12.1550,0.0022,14.4963,0.2823
active,215,3703407,33.1259,0.0353,0.2455,0.0546,12.9374,13.9670,0.0018,5.6093,0.2751
active,216,3703408,31.5093,0.0355,0.2318,0.0667,13.8875,12.2393,0.0035,4.7732,0.2719
active,217,3703409,41.8747,0.0360,0.2225,0.0609,14.3738,19.6811,0.0023,7.2256,0.2726
active,218,3703410,35.4759,0.0403,0.2735,0.0580,13.0931,16.1997,0.0022,5.5446,0.2645
active,219,3703411,33.2189,0.0349,0.2648,0.0634,13.3242,14.2165,0.0032,5.0447,0.2672
active,220,3703412,31.8940,0.0366,0.2395,0.0671,14.5966,12.0759,0.0018,4.6101,0.2664
active,221,3703413,36.7455,0.0313,0.2537,0.0563,14.0270,16.0448,0.0019,6.0618,0.2686
active,222,3703414,32.7416,0.0450,0.2084,0.0655,12.4669,14.5357,0.0025,5.1446,0.2730
active,223,3703415,35.2704,0.0351,0.2294,0.0732,14.8987,14.3553,0.0021,5.3759,0.3007
active,224,3703416,31.1423,0.0333,0.2453,0.0725,14.2888,11.6208,0.0021,4.6124,0.2672
active,225,3703417,39.2221,0.0330,0.2210,0.0630,13.5724,18.6430,0.0027,6.4123,0.2748
active,226,3703418,36.4254,0.0381,0.2768,0.0691,12.4881,17.1563,0.0025,6.1214,0.2731
active,227,3703419,33.1123,0.0328,0.2045,0.1138,12.8781,14.3716,0.0026,5.2374,0.2715
active,228,3703420,33.7025,0.0350,0.2316,0.0620,14.1089,13.6806,0.0025,5.3125,0.2693
active,229,3703421,32.7437,0.0404,0.2610,0.0602,12.4802,14.5031,0.0024,5.1161,0.2803
active,230,3703422,35.5901,0.0384,0.2869,0.0590,12.4653,16.3972,0.0024,6.0128,0.3281
active,231,3703423,40.9695,0.0362,0.2375,0.0600,15.7795,18.4899,0.0023,6.0966,0.2675
active,232,3703424,43.8697,0.0340,0.2515,0.0635,13.4705,21.8253,0.0023,7.9424,0.2801
active,233,3703425,35.0494,0.0417,0.2598,0.0705,13.5159,15.4947,0.0025,5.3954,0.2689
active,234,3703426,37.7224,0.0329,0.2346,0.0615,15.2498,16.0765,0.0021,5.7358,0.3292
active,235,3703427,39.1452,0.0370,0.2326,0.0552,14.7592,17.8059,0.0026,5.9826,0.2703
active,236,3703428,31.8123,0.0402,0.2167,0.0585,13.5705,12.8859,0.0033,4.7640,0.2732
active,237,3703429,30.0999,0.0324,0.2013,0.0648,13.1286,11.6612,0.0023,4.7380,0.2713
active,238,3703430,29.2623,0.0373,0.2183,0.0689,12.3381,11.7887,0.0023,4.5432,0.2654
active,239,3703431,41.0463,0.0360,0.2326,0.0961,13.6064,19.4115,0.0022,7.3713,0.2901
active,240,3703432,37.7468,0.0358,0.2618,0.0578,17.3740,14.7842,0.0035,4.9417,0.2880
paused,1,3703074,14.1847,0.0406,0.1895,0.0526,0.0122,9.3056,0.0021,4.3301,0.2521
paused,2,3703074,13.7529,0.0293,0.2302,0.0817,0.0655,8.4765,0.0021,4.6143,0.2534
paused,3,3703074,17.6491,0.0310,0.1824,0.0547,0.0428,12.5977,0.0022,4.4825,0.2560
paused,4,3703074,17.2999,0.0315,0.2062,0.0604,0.0113,12.3289,0.0030,4.4022,0.2565
paused,5,3703074,17.6290,0.0209,0.2272,0.0586,0.0436,12.5877,0.0025,4.4344,0.2541
paused,6,3703074,13.3574,0.0288,0.1912,0.0614,0.0138,8.3650,0.0021,4.4348,0.2603
paused,7,3703074,17.4086,0.0240,0.1966,0.0563,0.0393,12.4910,0.0022,4.4859,0.1132
paused,8,3703074,17.4889,0.0360,0.1876,0.0603,0.0448,12.3970,0.0021,4.5036,0.2575
paused,9,3703074,13.9237,0.0313,0.2112,0.0637,0.0114,9.0342,0.0023,4.3252,0.2444
paused,10,3703074,17.0781,0.0194,0.1995,0.0552,0.0431,12.2786,0.0023,4.3763,0.1038
paused,11,3703074,13.5132,0.0291,0.1836,0.0536,0.0490,8.6429,0.0019,4.2955,0.2575
paused,12,3703074,13.5464,0.0273,0.1935,0.0600,0.0108,8.6378,0.0021,4.3680,0.2469
paused,13,3703074,17.2381,0.0211,0.2193,0.0603,0.0439,12.2030,0.0027,4.4362,0.2516
paused,14,3703074,17.2643,0.0306,0.2316,0.0552,0.0116,12.2957,0.0024,4.5505,0.0867
paused,15,3703074,13.8275,0.0201,0.1688,0.0561,0.0414,8.9277,0.0020,4.3551,0.2563
paused,16,3703074,13.1794,0.0277,0.2101,0.0701,0.0515,8.3870,0.0019,4.3392,0.0919
paused,17,3703074,17.1811,0.0283,0.2019,0.0574,0.0111,12.2241,0.0040,4.4014,0.2528
paused,18,3703074,13.0655,0.0231,0.1926,0.0560,0.0474,8.1707,0.0021,4.3218,0.2519
paused,19,3703074,17.2281,0.0285,0.2431,0.0498,0.0395,12.1684,0.0023,4.4441,0.2525
paused,20,3703074,13.2076,0.0306,0.1800,0.0583,0.0112,8.1893,0.0018,4.4753,0.2611
paused,21,3703074,17.6528,0.0213,0.1886,0.0601,0.0487,12.5310,0.0023,4.5384,0.2623
paused,22,3703074,13.5006,0.0336,0.2169,0.0516,0.0101,8.5050,0.0020,4.4328,0.2487
paused,23,3703074,17.2310,0.0192,0.2034,0.0605,0.0477,12.1866,0.0018,4.4617,0.2500
paused,24,3703074,17.9482,0.0304,0.1883,0.0784,0.0548,12.4482,0.0019,4.8943,0.2518
paused,25,3703074,13.2974,0.0316,0.2061,0.0649,0.0093,8.3390,0.0024,4.3989,0.2453
paused,26,3703074,17.6225,0.0218,0.2010,0.0632,0.0439,12.4652,0.0035,4.5709,0.2530
paused,27,3703074,13.7855,0.0296,0.2563,0.0552,0.0102,8.4070,0.0031,4.7801,0.2440
paused,28,3703074,13.4018,0.0185,0.1961,0.0537,0.0431,8.4167,0.0021,4.4199,0.2517
paused,29,3703074,17.2063,0.0278,0.2074,0.0566,0.0440,12.2951,0.0029,4.3171,0.2554
paused,30,3703074,17.6951,0.0305,0.1869,0.0639,0.0115,12.3654,0.0035,4.7816,0.2517
paused,31,3703074,13.8116,0.0228,0.2100,0.0603,0.0444,8.7809,0.0024,4.4330,0.2581
paused,32,3703074,13.4416,0.0304,0.1831,0.0642,0.0481,8.4924,0.0021,4.3697,0.2515
paused,33,3703074,13.2390,0.0344,0.2017,0.0535,0.0093,8.2764,0.0022,4.4090,0.2525
paused,34,3703074,17.5440,0.0187,0.2178,0.0528,0.0500,12.2371,0.0022,4.7080,0.2575
paused,35,3703074,13.1494,0.0298,0.1845,0.0689,0.0100,8.2129,0.0029,4.3830,0.2574
paused,36,3703074,13.3226,0.0192,0.2181,0.0586,0.0420,8.1836,0.0036,4.5532,0.2445
paused,37,3703074,17.3208,0.0318,0.2424,0.0634,0.0111,12.3320,0.0031,4.3873,0.2496
paused,38,3703074,17.7052,0.0242,0.2028,0.0702,0.0534,12.5040,0.0025,4.5900,0.2579
paused,39,3703074,17.4265,0.0361,0.2051,0.0621,0.0444,12.3635,0.0024,4.4615,0.2515
paused,40,3703074,13.4777,0.2374,0.1900,0.0533,0.0100,8.2088,0.0022,4.5238,0.2522
paused,41,3703074,13.2357,0.0194,0.1970,0.0571,0.0449,8.4671,0.0021,4.3559,0.0922
paused,42,3703074,17.4972,0.0335,0.1714,0.0567,0.0495,12.5032,0.0026,4.4265,0.2537
paused,43,3703074,17.7671,0.0305,0.1923,0.0606,0.0117,12.6035,0.0015,4.6083,0.2586
paused,44,3703074,17.6542,0.0186,0.1960,0.0602,0.0567,12.4766,0.0020,4.5854,0.2587
paused,45,3703074,13.7577,0.0359,0.2703,0.0570,0.0411,8.6317,0.0020,4.4743,0.2455
paused,46,3703074,13.3587,0.0298,0.2012,0.0571,0.0114,8.2962,0.0018,4.5143,0.2469
paused,47,3703074,16.9991,0.0246,0.2055,0.0589,0.0431,12.0039,0.0024,4.4066,0.2540
paused,48,3703074,13.0416,0.0322,0.1930,0.0623,0.0109,8.1242,0.0027,4.3659,0.2504
paused,49,3703074,17.4898,0.0223,0.1988,0.0542,0.0436,12.4588,0.0025,4.4551,0.2545
paused,50,3703074,13.0646,0.0317,0.2241,0.0650,0.0439,8.0925,0.0020,4.3567,0.2487
paused,51,3703074,17.5180,0.0338,0.2545,0.0570,0.0104,12.3982,0.0022,4.5084,0.2536
paused,52,3703074,13.6608,0.0195,0.1938,0.0589,0.0505,8.7351,0.0023,4.3509,0.2497
paused,53,3703074,18.1324,0.0293,0.1869,0.0505,0.0400,13.1811,0.0019,4.3816,0.2611
paused,54,3703074,13.4950,0.0297,0.1834,0.0555,0.0099,8.4304,0.0019,4.5300,0.2543
paused,55,3703074,18.0899,0.0237,0.1877,0.0530,0.0464,13.0431,0.0034,4.4764,0.2563
paused,56,3703074,13.2368,0.0334,0.2167,0.0560,0.0112,8.2157,0.0017,4.4410,0.2612
paused,57,3703074,13.3693,0.0267,0.1979,0.0586,0.0480,8.4493,0.0018,4.3321,0.2549
paused,58,3703074,18.0213,0.0277,0.2027,0.0681,0.0505,12.6454,0.0031,4.7736,0.2503
paused,59,3703074,13.6208,0.0353,0.1920,0.0631,0.0102,8.7357,0.0019,4.3277,0.2548
paused,60,3703074,17.5183,0.0203,0.1806,0.0628,0.0472,12.4882,0.0020,4.3874,0.3299
paused,61,3703074,13.9529,0.0287,0.1959,0.0517,0.0112,9.0829,0.0023,4.3130,0.2672
paused,62,3703074,13.4780,0.0204,0.1890,0.0639,0.0454,8.3435,0.0016,4.5643,0.2498
paused,63,3703074,13.1719,0.0308,0.1789,0.0588,0.0440,7.7461,0.0022,4.8546,0.2564
paused,64,3703074,17.1095,0.0846,0.2506,0.0559,0.0103,12.1148,0.0020,4.3361,0.2551
paused,65,3703074,17.2931,0.0197,0.1905,0.0598,0.0454,12.2420,0.0022,4.4807,0.2527
paused,66,3703074,12.9566,0.0316,0.1966,0.0594,0.0138,8.0982,0.0016,4.3014,0.2539
paused,67,3703074,13.2288,0.0197,0.2301,0.0638,0.0464,8.3441,0.0020,4.4250,0.0979
paused,68,3703074,17.2560,0.0316,0.1702,0.0548,0.0428,12.0905,0.0022,4.6010,0.2629
paused,69,3703074,17.5742,0.0322,0.2081,0.0689,0.0131,12.5291,0.0024,4.4603,0.2600
paused,70,3703074,17.6080,0.0341,0.2048,0.0595,0.0484,12.5986,0.0022,4.4012,0.2591
paused,71,3703074,17.8438,0.0358,0.1869,0.0588,0.0112,12.8380,0.0023,4.4562,0.2546
paused,72,3703074,17.5827,0.0199,0.1807,0.0564,0.0401,12.6287,0.0021,4.4021,0.2527
paused,73,3703074,13.3002,0.0328,0.2049,0.0574,0.0437,8.3033,0.0036,4.3939,0.2606
paused,74,3703074,17.6688,0.0333,0.2586,0.0554,0.0456,12.4860,0.0020,4.5321,0.2557
paused,75,3703074,17.5419,0.0393,0.2160,0.0685,0.0123,12.4508,0.0023,4.4990,0.2537
paused,76,3703074,12.9694,0.0205,0.2216,0.0644,0.0408,8.1136,0.0017,4.4186,0.0881
paused,77,3703074,17.5792,0.0351,0.1903,0.0529,0.0096,12.5086,0.0021,4.5232,0.2573
paused,78,3703074,13.2213,0.0246,0.1990,0.0549,0.0444,8.2410,0.0019,4.4017,0.2537
paused,79,3703074,13.1792,0.0288,0.1918,0.0604,0.0435,8.1814,0.0019,4.4216,0.2499
paused,80,3703074,17.1564,0.0300,0.2085,0.0625,0.0092,12.2477,0.0022,4.3518,0.2445
paused,81,3703074,17.6199,0.0423,0.1995,0.0583,0.0423,12.3845,0.0023,4.6280,0.2627
paused,82,3703074,13.5918,0.0323,0.2088,0.0679,0.0538,8.4925,0.0021,4.4793,0.2550
paused,83,3703074,13.5405,0.0357,0.1797,0.0542,0.0126,8.5575,0.0018,4.4387,0.2603
paused,84,3703074,13.1152,0.0234,0.1985,0.0633,0.0481,8.1400,0.0020,4.3867,0.2533
paused,85,3703074,17.4955,0.0346,0.1924,0.0562,0.0095,12.5231,0.0027,4.4296,0.2474
paused,86,3703074,13.3086,0.0230,0.1804,0.0638,0.0429,8.4106,0.0022,4.3394,0.2463
paused,87,3703074,17.2452,0.0381,0.1876,0.0552,0.0441,12.2154,0.0023,4.4399,0.2626
paused,88,3703074,13.2349,0.0323,0.2110,0.0534,0.0100,8.3315,0.0024,4.3414,0.2530
paused,89,3703074,13.5374,0.0264,0.1945,0.0561,0.0439,8.4585,0.0026,4.5059,0.2496
paused,90,3703074,17.9688,0.0300,0.1905,0.0578,0.0096,12.6915,0.0024,4.7294,0.2575
paused,91,3703074,13.2409,0.0269,0.1979,0.0578,0.0463,8.2835,0.0022,4.5363,0.0899
paused,92,3703074,13.1117,0.0307,0.1871,0.0536,0.0396,7.8333,0.0021,4.7018,0.2635
paused,93,3703074,13.3861,0.0319,0.2002,0.0567,0.0087,7.9098,0.0015,4.9074,0.2697
paused,94,3703074,17.3874,0.0311,0.1946,0.0546,0.0401,12.1526,0.0054,4.6505,0.2585
paused,95,3703074,13.7730,0.0326,0.2012,0.0575,0.0421,7.7777,0.0012,5.3863,0.2742
paused,96,3703074,17.4508,0.0308,0.2056,0.0567,0.0090,12.3492,0.0022,4.7034,0.0940
paused,97,3703074,13.6093,0.0213,0.1744,0.0534,0.0428,7.8777,0.0017,5.1470,0.2911
paused,98,3703074,17.4901,0.0302,0.2100,0.0595,0.0102,12.3619,0.0022,4.5613,0.2548
paused,99,3703074,13.6103,0.0204,0.2519,0.0538,0.0407,8.0207,0.0015,5.1309,0.0904
paused,100,3703074,12.9994,0.0275,0.1876,0.0503,0.0399,7.7657,0.0016,4.8388,0.0879
paused,101,3703074,17.5892,0.0300,0.2225,0.0590,0.0090,12.3336,0.0103,4.8369,0.0878
paused,102,3703074,17.3219,0.0202,0.1833,0.0508,0.0406,12.3277,0.0021,4.4465,0.2509
paused,103,3703074,17.6135,0.0352,0.1839,0.0576,0.0098,12.6186,0.0024,4.4435,0.2625
paused,104,3703074,13.1907,0.0217,0.1868,0.0629,0.0420,8.1146,0.0017,4.5122,0.2489
paused,105,3703074,13.9668,0.0504,0.2041,0.0577,0.0394,8.3426,0.0018,5.0130,0.2579
paused,106,3703074,17.8569,0.0373,0.2066,0.0596,0.0092,12.7340,0.0022,4.5525,0.2554
paused,107,3703074,17.5721,0.0267,0.2086,0.0546,0.0426,12.5563,0.0023,4.4248,0.2562
paused,108,3703074,13.5163,0.0302,0.1836,0.0707,0.0401,8.4682,0.0020,4.4550,0.2666
paused,109,3703074,13.4870,0.0295,0.1869,0.0587,0.0091,8.3270,0.0018,4.6281,0.2458
paused,110,3703074,13.1057,0.0261,0.1836,0.0550,0.0442,7.8474,0.0023,4.6851,0.2620
paused,111,3703074,18.0283,0.0359,0.2132,0.0553,0.0098,12.8657,0.0026,4.5859,0.2598
paused,112,3703074,13.2625,0.0376,0.1782,0.0575,0.0464,8.1221,0.0021,4.7203,0.0982
paused,113,3703074,13.2676,0.0306,0.1910,0.0543,0.0450,7.9861,0.0020,4.6893,0.2694
paused,114,3703074,13.6854,0.0294,0.2188,0.0537,0.0097,7.8177,0.0021,5.2935,0.2605
paused,115,3703074,17.9288,0.0205,0.2013,0.0561,0.0421,12.3498,0.0018,5.0047,0.2526
paused,116,3703074,17.9151,0.0347,0.2269,0.0540,0.0471,12.8837,0.0020,4.4061,0.2606
paused,117,3703074,17.3061,0.0291,0.1791,0.0632,0.0103,12.3683,0.0021,4.3919,0.2621
paused,118,3703074,13.5367,0.0205,0.1947,0.0545,0.0447,8.4065,0.0018,4.5598,0.2542
paused,119,3703074,17.5661,0.0316,0.2149,0.0528,0.0100,12.4819,0.0024,4.5207,0.2516
paused,120,3703074,13.4227,0.0232,0.1964,0.0522,0.0394,8.4514,0.0019,4.3808,0.2773
paused,121,3703074,17.5255,0.0387,0.1857,0.0526,0.0464,12.3832,0.0022,4.5537,0.2629
paused,122,3703074,17.5225,0.0357,0.1869,0.0561,0.0101,12.2370,0.0020,4.7065,0.2882
paused,123,3703074,13.7498,0.0264,0.2063,0.0612,0.0450,8.6319,0.0023,4.5237,0.2530
paused,124,3703074,17.2292,0.0313,0.1924,0.0609,0.0100,12.2123,0.0019,4.4508,0.2696
paused,125,3703074,13.5864,0.0226,0.1829,0.0522,0.0417,8.2441,0.0023,4.7849,0.2557
paused,126,3703074,17.5975,0.0319,0.2013,0.0548,0.0417,12.5470,0.0022,4.6320,0.0866
paused,127,3703074,13.3276,0.0305,0.1849,0.0522,0.0092,8.3424,0.0025,4.6201,0.0857
paused,128,3703074,17.0047,0.0237,0.1879,0.0580,0.0431,12.1131,0.0033,4.4874,0.0882
paused,129,3703074,13.9406,0.0296,0.1785,0.0539,0.0421,8.9555,0.0024,4.5904,0.0882
paused,130,3703074,13.0243,0.0288,0.1745,0.0510,0.0095,8.2141,0.0019,4.4534,0.0912
paused,131,3703074,17.2459,0.0223,0.1880,0.0550,0.0415,12.2579,0.0019,4.4298,0.2495
paused,132,3703074,17.7015,0.0303,0.1933,0.0631,0.0097,12.6430,0.0019,4.5038,0.2564
paused,133,3703074,17.2564,0.0218,0.1901,0.0566,0.0421,12.3505,0.0020,4.5040,0.0892
paused,134,3703074,13.6432,0.0357,0.1958,0.0536,0.0472,8.5262,0.0019,4.5386,0.2442
paused,135,3703074,17.9285,0.0355,0.1876,0.0477,0.0089,12.9468,0.0022,4.5846,0.1151
paused,136,3703074,17.4667,0.0217,0.1730,0.0538,0.0415,12.2370,0.0023,4.6734,0.2639
paused,137,3703074,13.6834,0.0336,0.2475,0.0558,0.0109,8.6278,0.0021,4.4536,0.2521
paused,138,3703074,17.4218,0.0224,0.1694,0.0659,0.0439,12.2888,0.0033,4.5549,0.2731
paused,139,3703074,13.2736,0.0436,0.2231,0.0563,0.0499,8.2810,0.0015,4.3744,0.2438
paused,140,3703074,13.1212,0.0302,0.1906,0.0503,0.0091,8.1482,0.0022,4.4481,0.2425
paused,141,3703074,17.6064,0.0206,0.1885,0.0576,0.0430,12.5827,0.0027,4.4541,0.2572
paused,142,3703074,17.8041,0.0310,0.1819,0.0639,0.0465,12.2769,0.0028,4.9240,0.2771
paused,143,3703074,13.2931,0.0323,0.2208,0.0632,0.0105,8.2793,0.0019,4.4047,0.2806
paused,144,3703074,13.2589,0.0344,0.1929,0.0519,0.0396,8.0017,0.0020,4.6860,0.2504
paused,145,3703074,17.6360,0.0370,0.1760,0.0590,0.0093,12.6376,0.0025,4.4655,0.2490
paused,146,3703074,13.1717,0.0214,0.1785,0.0650,0.0442,8.2644,0.0021,4.3405,0.2555
paused,147,3703074,17.6925,0.0381,0.1793,0.0659,0.0420,12.7433,0.0022,4.3731,0.2486
paused,148,3703074,13.1528,0.0343,0.1946,0.0597,0.0094,8.3070,0.0019,4.3006,0.2452
paused,149,3703074,17.7819,0.0260,0.1738,0.0599,0.0436,12.7737,0.0023,4.4445,0.2581
paused,150,3703074,13.1352,0.0340,0.1921,0.0608,0.0104,8.1663,0.0017,4.4224,0.2474
paused,151,3703074,17.2680,0.0215,0.1787,0.0549,0.0397,12.4876,0.0020,4.3955,0.0881
paused,152,3703074,16.9987,0.0296,0.1871,0.0526,0.0409,12.0289,0.0020,4.5643,0.0934
paused,153,3703074,13.3744,0.0285,0.1841,0.0654,0.0103,8.3870,0.0025,4.4415,0.2551
paused,154,3703074,17.5020,0.0275,0.1791,0.0637,0.0409,12.3048,0.0020,4.6367,0.2473
paused,155,3703074,13.9045,0.0367,0.1810,0.0554,0.0518,8.9364,0.0015,4.3883,0.2535
paused,156,3703074,13.4880,0.0287,0.1917,0.0613,0.0109,8.3853,0.0020,4.5642,0.2439
paused,157,3703074,17.8609,0.0194,0.1907,0.0604,0.0424,12.6566,0.0024,4.7936,0.0955
paused,158,3703074,17.9038,0.0361,0.1967,0.0530,0.0098,12.9000,0.0023,4.4530,0.2529
paused,159,3703074,13.8053,0.0303,0.2194,0.0614,0.0553,8.8299,0.0021,4.5174,0.0895
paused,160,3703074,13.3056,0.0300,0.1835,0.0544,0.0390,8.2048,0.0020,4.5318,0.2601
paused,161,3703074,13.2918,0.0361,0.1955,0.0589,0.0091,8.2544,0.0021,4.4854,0.2503
paused,162,3703074,17.1160,0.0256,0.1923,0.0525,0.0404,12.0740,0.0025,4.4498,0.2789
paused,163,3703074,13.3453,0.0314,0.1792,0.0536,0.0423,8.4521,0.0022,4.4967,0.0877
paused,164,3703074,13.7769,0.0357,0.1753,0.0533,0.0097,7.8497,0.0025,5.3911,0.2596
paused,165,3703074,17.9002,0.0215,0.2174,0.0523,0.0419,12.5956,0.0021,4.6919,0.2776
paused,166,3703074,17.8859,0.0319,0.1854,0.0594,0.0097,12.7688,0.0024,4.5261,0.3020
paused,167,3703074,17.7269,0.0264,0.2250,0.0574,0.0416,12.5108,0.0021,4.6042,0.2594
paused,168,3703074,13.2870,0.0316,0.1927,0.0642,0.0413,8.2436,0.0016,4.4621,0.2497
paused,169,3703074,13.4662,0.0325,0.1829,0.0616,0.0118,8.5058,0.0022,4.3981,0.2714
paused,170,3703074,18.0833,0.0270,0.1801,0.0551,0.0464,13.0256,0.0023,4.4923,0.2544
paused,171,3703074,17.7367,0.0310,0.1896,0.0559,0.0413,12.7026,0.0024,4.4667,0.2472
paused,172,3703074,17.9085,0.0374,0.1730,0.0496,0.0092,12.8754,0.0021,4.4953,0.2664
paused,173,3703074,13.4694,0.0215,0.2091,0.0543,0.0457,8.3221,0.0023,4.5725,0.2420
paused,174,3703074,13.1318,0.0306,0.1761,0.0590,0.0090,8.1771,0.0021,4.4345,0.2434
paused,175,3703074,18.3601,0.0219,0.1900,0.0552,0.0434,13.2892,0.0024,4.4931,0.2650
paused,176,3703074,14.2887,0.0328,0.2206,0.0649,0.0508,9.1659,0.0035,4.4892,0.2611
paused,177,3703074,17.3224,0.0317,0.2010,0.0607,0.0096,12.4725,0.0025,4.4507,0.0936
paused,178,3703074,13.9638,0.0238,0.3631,0.0600,0.0521,8.7476,0.0021,4.4382,0.2769
paused,179,3703074,17.6748,0.0341,0.2078,0.0566,0.0096,12.6962,0.0021,4.4131,0.2553
paused,180,3703074,13.3518,0.0193,0.2148,0.0608,0.0460,8.3879,0.0018,4.3461,0.2750
paused,181,3703074,17.2297,0.0312,0.2289,0.0572,0.0453,12.2636,0.0022,4.3459,0.2554
paused,182,3703074,13.4808,0.0387,0.2008,0.0551,0.0111,8.5770,0.0018,4.3533,0.2429
paused,183,3703074,18.1404,0.0270,0.1783,0.0506,0.0431,13.0706,0.0016,4.4919,0.2773
paused,184,3703074,13.4269,0.0340,0.2200,0.0569,0.0455,8.3085,0.0023,4.5094,0.2503
paused,185,3703074,13.9583,0.0304,0.2011,0.0535,0.0098,8.9632,0.0020,4.4408,0.2575
paused,186,3703074,17.2215,0.0268,0.1669,0.0512,0.0407,12.2194,0.0020,4.4616,0.2529
paused,187,3703074,13.0792,0.0343,0.1800,0.0621,0.0176,8.1663,0.0018,4.3684,0.2488
paused,188,3703074,18.0110,0.0259,0.1877,0.0569,0.0426,12.6666,0.0025,4.7722,0.2566
paused,189,3703074,13.5549,0.0357,0.1979,0.0568,0.1056,8.6242,0.0035,4.2790,0.2522
paused,190,3703074,13.2688,0.0311,0.2033,0.0566,0.0091,8.3736,0.0022,4.3100,0.2829
paused,191,3703074,13.2326,0.0206,0.1845,0.0580,0.0438,8.1551,0.0018,4.5133,0.2554
paused,192,3703074,17.5588,0.0358,0.2214,0.0564,0.0101,12.4364,0.0022,4.5419,0.2547
paused,193,3703074,16.8827,0.0213,0.1833,0.0557,0.0425,12.1801,0.0024,4.3077,0.0899
paused,194,3703074,13.3292,0.0296,0.1820,0.0541,0.0432,8.5410,0.0022,4.3807,0.0965
paused,195,3703074,13.0377,0.0310,0.1913,0.0508,0.0090,7.9594,0.0021,4.5335,0.2607
paused,196,3703074,17.3975,0.0278,0.2313,0.0578,0.0441,12.1486,0.0025,4.6187,0.2667
paused,197,3703074,17.4636,0.0303,0.1810,0.0607,0.0417,12.4917,0.0023,4.4012,0.2547
paused,198,3703074,17.6423,0.0359,0.1787,0.1046,0.0098,12.5329,0.0021,4.5294,0.2491
paused,199,3703074,17.6821,0.0215,0.1977,0.0622,0.0425,12.5978,0.0022,4.5055,0.2527
paused,200,3703074,17.3148,0.0307,0.2256,0.0744,0.0096,12.4113,0.0026,4.4623,0.0984
paused,201,3703074,13.9232,0.0249,0.2008,0.0638,0.0493,8.5616,0.0021,4.7320,0.2887
paused,202,3703074,17.5930,0.0297,0.2149,0.0595,0.0538,12.3762,0.0023,4.6037,0.2529
paused,203,3703074,17.4267,0.0331,0.2314,0.0592,0.0121,12.2530,0.0033,4.5737,0.2609
paused,204,3703074,13.2987,0.0217,0.2231,0.0588,0.0429,8.2950,0.0015,4.3664,0.2893
paused,205,3703074,17.5002,0.0292,0.2099,0.0640,0.0445,12.4020,0.0020,4.4972,0.2514
paused,206,3703074,13.4501,0.0300,0.2347,0.0612,0.0101,8.4209,0.0023,4.4387,0.2523
paused,207,3703074,13.4547,0.0209,0.2264,0.0669,0.0525,8.3018,0.0025,4.5272,0.2566
paused,208,3703074,18.3307,0.0389,0.1902,0.0562,0.0103,13.2440,0.0024,4.4997,0.2890
paused,209,3703074,18.0312,0.0249,0.3135,0.0572,0.0433,12.5329,0.0016,4.9607,0.0973
paused,210,3703074,13.6343,0.0344,0.1939,0.0530,0.0471,8.6329,0.0013,4.3814,0.2902
paused,211,3703074,13.4325,0.0275,0.2111,0.1385,0.0112,8.4608,0.0019,4.3200,0.2615
paused,212,3703074,14.5201,0.0283,0.2154,0.0600,0.0463,9.4065,0.0015,4.4722,0.2898
paused,213,3703074,17.6480,0.0302,0.2812,0.0554,0.0122,12.1977,0.0025,4.7459,0.3230
paused,214,3703074,13.3144,0.0201,0.2289,0.0567,0.0496,8.3572,0.0013,4.3320,0.2686
paused,215,3703074,17.4916,0.0282,0.2149,0.0547,0.0439,12.3736,0.0025,4.5146,0.2591
paused,216,3703074,13.2697,0.0303,0.2352,0.1122,0.0104,8.2979,0.0018,4.3062,0.2757
paused,217,3703074,13.6405,0.0221,0.2324,0.0643,0.0445,8.6939,0.0023,4.3312,0.2499
paused,218,3703074,17.7723,0.0314,0.1983,0.0600,0.0496,12.6526,0.0029,4.5253,0.2523
paused,219,3703074,14.2281,0.0340,0.2111,0.0600,0.0125,9.1815,0.0020,4.4770,0.2499
paused,220,3703074,13.2784,0.0273,0.2053,0.0732,0.0497,8.3347,0.0022,4.3392,0.2469
paused,221,3703074,13.3901,0.0365,0.1975,0.0537,0.0098,8.3629,0.0023,4.4824,0.2449
paused,222,3703074,17.2483,0.0234,0.1811,0.0519,0.0423,12.1926,0.0034,4.5090,0.2447
paused,223,3703074,13.0793,0.0299,0.2013,0.0594,0.0425,8.1718,0.0020,4.4804,0.0920
paused,224,3703074,17.3768,0.0335,0.1858,0.0588,0.0091,12.2835,0.0022,4.5463,0.2578
paused,225,3703074,13.2621,0.0221,0.1719,0.0510,0.0445,8.2034,0.0022,4.5164,0.2505
paused,226,3703074,17.2147,0.0491,0.1837,0.0587,0.0101,12.0996,0.0022,4.5539,0.2574
paused,227,3703074,13.1041,0.0218,0.1770,0.0564,0.0423,8.3576,0.0023,4.3536,0.0932
paused,228,3703074,13.0614,0.0321,0.1964,0.0587,0.0413,8.1273,0.0021,4.5164,0.0871
paused,229,3703074,17.2790,0.0560,0.1822,0.0609,0.0101,12.4128,0.0018,4.4663,0.0889
paused,230,3703074,17.1286,0.0205,0.1830,0.0583,0.0421,12.2846,0.0020,4.4495,0.0885
paused,231,3703074,17.1693,0.0339,0.2068,0.0553,0.0420,12.3584,0.0021,4.3812,0.0896
paused,232,3703074,13.4812,0.0298,0.1811,0.0516,0.0095,8.4682,0.0017,4.4880,0.2513
paused,233,3703074,14.5308,0.0192,0.1810,0.0601,0.0424,8.0536,0.0013,5.9322,0.2412
paused,234,3703074,17.4863,0.0352,0.2442,0.0565,0.0086,12.6257,0.0024,4.4209,0.0930
paused,235,3703074,18.0491,0.0190,0.2389,0.0549,0.0432,12.7883,0.0022,4.6434,0.2592
paused,236,3703074,13.1958,0.0330,0.2113,0.0614,0.0396,8.1865,0.0021,4.4015,0.2605
paused,237,3703074,13.4132,0.0304,0.1769,0.0639,0.0098,8.4317,0.0024,4.4369,0.2612
paused,238,3703074,13.1694,0.0221,0.1894,0.0628,0.0430,7.9016,0.0015,4.6969,0.2520
paused,239,3703074,17.4204,0.0305,0.1929,0.0553,0.0097,12.4789,0.0025,4.5601,0.0905
paused,240,3703074,13.1028,0.0199,0.1953,0.0503,0.0426,7.7532,0.0013,4.7486,0.2916
