sample,tick,canonical_hash_before,canonical_hash_after,equal
0,3703074,13933255532296966570,13933255532296966570,True
20,3703094,18412274549414374216,18412274549414374216,True
40,3703114,12865376372043503469,12865376372043503469,True
60,3703134,18326895411984746013,18326895411984746013,True
80,3703154,3243444580167810686,3243444580167810686,True
100,3703174,5254061841245631666,5254061841245631666,True
120,3703194,5195860667061081062,5195860667061081062,True
140,3703214,11152094547484170590,11152094547484170590,True
160,3703234,9464328611344251334,9464328611344251334,True
180,3703254,10724777285323974939,10724777285323974939,True
200,3703274,16702420989976312397,16702420989976312397,True
