mode,stage,sample,frame,tick,main_ms,main_00_First_ms,main_01_PreUpdate_ms,main_02_StateTransition_ms,main_03_RunFixedMainLoop_ms,main_04_Update_ms,main_05_SpawnScene_ms,main_06_PostUpdate_ms,main_07_Last_ms
steady,before,1,1,3703193,32.0825,0.0366,0.2680,0.1190,12.2403,13.9639,0.0023,5.2009,0.2515
steady,before,1,2,3703194,31.9629,0.0413,0.2283,0.0646,14.9046,11.9197,0.0021,4.5449,0.2574
steady,before,1,3,3703195,46.5161,0.0410,0.2529,0.0588,16.8712,21.1089,0.0021,7.9161,0.2651
steady,before,1,4,3703196,29.6516,0.0393,0.2500,0.0586,12.0030,12.4502,0.0023,4.5971,0.2511
steady,before,1,5,3703197,36.2226,0.0323,0.1845,0.0575,13.4951,16.3606,0.0021,5.8287,0.2619
steady,before,1,6,3703198,52.5210,0.0485,0.2103,0.0592,15.0304,26.7510,0.0028,10.1565,0.2623
steady,before,1,7,3703199,32.0053,0.0362,0.3544,0.0644,13.8851,12.9351,0.0023,4.4722,0.2555
steady,before,1,8,3703200,33.5460,0.0321,0.1953,0.0630,14.0108,13.8472,0.0024,5.1429,0.2522
steady,before,1,9,3703201,45.5249,0.0322,0.2364,0.0582,12.6080,23.3582,0.0022,8.9498,0.2798
steady,before,1,10,3703202,31.8944,0.0352,0.2538,0.0674,13.9941,12.7936,0.0024,4.4910,0.2568
steady,before,1,11,3703203,30.6325,0.0355,0.1953,0.0530,13.6132,11.7803,0.0042,4.6972,0.2537
steady,before,1,12,3703204,45.7506,0.0384,0.2223,0.0589,14.7568,21.9397,0.0028,8.4717,0.2601
steady,before,1,13,3703205,37.3506,0.0307,0.2396,0.0630,15.9036,15.4640,0.0026,5.3870,0.2601
steady,before,1,14,3703206,39.2071,0.0386,0.2266,0.0531,14.5781,17.7606,0.0020,6.2913,0.2569
steady,before,1,15,3703207,52.3466,0.0298,0.2195,0.0553,14.1947,27.1556,0.0022,10.4219,0.2676
steady,before,1,16,3703208,38.6181,0.0371,0.2973,0.0591,14.1578,17.6547,0.0019,6.1539,0.2563
steady,before,1,17,3703209,36.3140,0.0308,0.2411,0.0674,12.5301,17.1778,0.0022,6.0049,0.2596
steady,before,1,18,3703210,40.0933,0.0398,0.2032,0.0650,13.9973,18.6245,0.0024,6.9030,0.2581
steady,before,1,19,3703211,34.0442,0.0347,0.2587,0.0534,13.5261,14.6113,0.0035,5.2914,0.2651
steady,before,1,20,3703212,41.5103,0.0309,0.2802,0.0539,14.1439,19.9466,0.0026,6.7917,0.2604
steady,before,1,21,3703213,42.0395,0.0379,0.2537,0.0563,14.3895,19.8956,0.0022,7.1410,0.2632
steady,before,1,22,3703214,39.7008,0.0347,0.2500,0.0668,13.1159,19.0875,0.0025,6.8631,0.2804
steady,before,1,23,3703215,30.8548,0.0377,0.2979,0.0565,13.2236,12.1789,0.0019,4.7972,0.2611
steady,before,1,24,3703216,38.0180,0.0322,0.2544,0.0535,12.1531,18.0692,0.0024,7.1938,0.2594
steady,before,1,25,3703217,39.9331,0.0348,0.2227,0.0542,14.7237,18.4926,0.0023,6.1423,0.2606
steady,before,1,26,3703218,35.9300,0.0312,0.2679,0.0545,13.2465,16.1597,0.0024,5.9092,0.2585
steady,before,1,27,3703219,54.0251,0.0306,0.2080,0.0799,13.9731,28.5764,0.0026,10.8828,0.2716
steady,before,1,28,3703220,41.6418,0.0359,0.2605,0.0574,15.3121,18.7578,0.0024,6.9544,0.2613
steady,before,1,29,3703221,36.6172,0.0340,0.2123,0.0550,15.5244,15.1896,0.0019,5.3425,0.2576
steady,before,1,30,3703222,43.4532,0.0337,0.2289,0.0579,13.2058,21.1478,0.0020,8.5016,0.2756
steady,before,1,31,3703223,39.0781,0.0392,0.2750,0.0652,12.7355,18.6469,0.0023,7.0556,0.2583
steady,before,1,32,3703224,40.9109,0.0474,0.2528,0.0606,18.3239,16.0675,0.0018,5.9001,0.2568
steady,before,1,33,3703225,43.8370,0.0310,0.2165,0.0624,13.3569,21.6626,0.0022,8.2295,0.2760
steady,before,1,34,3703226,37.1555,0.0318,0.2319,0.0664,15.1546,15.6938,0.0025,5.6975,0.2769
steady,before,1,35,3703227,52.8795,0.0365,0.2896,0.0677,14.7302,25.3037,0.0030,12.0670,0.3819
steady,before,1,36,3703228,58.9719,0.0378,0.3131,0.0597,20.8786,26.1538,0.0025,11.2049,0.3215
steady,before,1,37,3703229,41.0467,0.0441,0.3216,0.0743,14.2311,18.7243,0.0027,7.3536,0.2949
steady,before,1,38,3703230,39.8089,0.0304,0.2466,0.0783,14.4515,17.8970,0.0024,6.7311,0.3717
steady,before,1,39,3703231,45.0774,0.0391,0.2435,0.0586,14.3432,22.1399,0.0032,7.9855,0.2644
steady,before,1,40,3703232,56.9666,0.0467,0.2364,0.0686,13.8381,31.6029,0.0034,10.8720,0.2984
steady,after,1,1,3703193,32.3459,0.0370,0.1886,0.0544,12.6621,13.9193,0.0020,5.2258,0.2567
steady,after,1,2,3703194,31.0046,0.0431,0.2034,0.0700,13.8488,11.9899,0.0018,4.5842,0.2634
steady,after,1,3,3703195,39.3036,0.0310,0.2024,0.0576,16.6228,16.2850,0.0022,5.8445,0.2580
steady,after,1,4,3703196,29.3186,0.0353,0.2554,0.0571,12.2451,12.0526,0.0027,4.4205,0.2499
steady,after,1,5,3703197,36.8808,0.0298,0.1850,0.0562,14.1614,16.1952,0.0022,5.9763,0.2747
steady,after,1,6,3703198,49.3723,0.0418,0.2382,0.0506,14.0876,25.7458,0.0022,8.9429,0.2632
steady,after,1,7,3703199,32.1116,0.0353,0.2278,0.0562,14.7552,12.3094,0.0020,4.4738,0.2518
steady,after,1,8,3703200,33.6334,0.0323,0.2411,0.0627,13.7087,14.2853,0.0020,5.0479,0.2535
steady,after,1,9,3703201,38.9830,0.0309,0.1936,0.0563,12.7455,18.9260,0.0027,6.7739,0.2541
steady,after,1,10,3703202,30.9443,0.0336,0.2197,0.0653,13.6706,12.2696,0.0022,4.4228,0.2606
steady,after,1,11,3703203,29.7418,0.0362,0.2567,0.0509,12.7904,11.6281,0.0020,4.7168,0.2607
steady,after,1,12,3703204,43.0388,0.0331,0.2333,0.0635,14.8719,20.1869,0.0022,7.3853,0.2627
steady,after,1,13,3703205,37.1632,0.0418,0.2274,0.0576,16.4815,14.9772,0.0022,5.1226,0.2529
steady,after,1,14,3703206,38.6575,0.0351,0.2019,0.0521,14.2372,17.6528,0.0015,6.1981,0.2787
steady,after,1,15,3703207,46.1329,0.0344,0.2260,0.0588,14.3908,22.3761,0.0022,8.7748,0.2697
steady,after,1,16,3703208,38.1939,0.0373,0.2596,0.0540,13.7320,17.7214,0.0025,6.1288,0.2584
steady,after,1,17,3703209,37.0340,0.0344,0.2015,0.0572,12.4848,18.2428,0.0019,5.7498,0.2616
steady,after,1,18,3703210,33.9573,0.0399,0.2414,0.0564,14.3777,13.9524,0.0021,5.0344,0.2529
steady,after,1,19,3703211,33.1047,0.0359,0.2449,0.0598,13.7702,13.5482,0.0020,5.1880,0.2557
steady,after,1,20,3703212,41.2163,0.0340,0.2598,0.0847,14.2384,19.5810,0.0022,6.7548,0.2614
steady,after,1,21,3703213,35.7924,0.0455,0.2760,0.0665,13.8647,15.5277,0.0034,5.7474,0.2612
steady,after,1,22,3703214,41.1907,0.0334,0.2284,0.0590,12.7553,21.1740,0.0026,6.6803,0.2577
steady,after,1,23,3703215,32.4383,0.0365,0.2078,0.0643,14.4941,12.8612,0.0022,4.5119,0.2603
steady,after,1,24,3703216,32.7210,0.0355,0.2457,0.0571,12.5442,14.1278,0.0022,5.3770,0.3317
steady,after,1,25,3703217,38.5484,0.0399,0.2112,0.0571,14.8221,16.9462,0.0019,6.2124,0.2575
steady,after,1,26,3703218,35.2670,0.0337,0.2125,0.0626,12.6865,16.3201,0.0022,5.6940,0.2555
steady,after,1,27,3703219,47.4482,0.0371,0.2027,0.0608,14.0024,24.0830,0.0033,8.7965,0.2624
steady,after,1,28,3703220,41.1443,0.0373,0.2131,0.0567,14.7983,19.0346,0.0021,6.7373,0.2648
steady,after,1,29,3703221,35.7609,0.0389,0.3159,0.0719,15.3795,14.5323,0.0022,5.1570,0.2632
steady,after,1,30,3703222,37.3483,0.0357,0.2276,0.0607,13.2937,16.9917,0.0022,6.4755,0.2612
steady,after,1,31,3703223,40.3614,0.0440,0.2670,0.0557,13.7901,19.0557,0.0027,6.8881,0.2582
steady,after,1,32,3703224,41.6975,0.0316,0.2143,0.0557,19.0683,16.0603,0.0026,5.9979,0.2668
steady,after,1,33,3703225,37.5436,0.0326,0.2239,0.0534,13.2883,17.5693,0.0022,6.1147,0.2591
steady,after,1,34,3703226,35.1827,0.0315,0.2121,0.0676,14.4599,14.9044,0.0023,5.2459,0.2589
steady,after,1,35,3703227,46.2505,0.0318,0.2865,0.0673,13.5193,23.3887,0.0032,8.6714,0.2824
steady,after,1,36,3703228,43.2041,0.0494,0.2727,0.0651,17.3407,18.3508,0.0025,6.8597,0.2632
steady,after,1,37,3703229,38.2701,0.0369,0.2547,0.0755,14.0182,17.0829,0.0021,6.5380,0.2618
steady,after,1,38,3703230,35.7939,0.0375,0.2610,0.0515,13.1756,15.8370,0.0021,6.1577,0.2715
steady,after,1,39,3703231,34.9716,0.0419,0.2361,0.0530,14.1359,14.7922,0.0024,5.4468,0.2633
steady,after,1,40,3703232,47.6234,0.0299,0.2853,0.0535,13.7453,24.5489,0.0025,8.6583,0.2997
pan,before,1,1,3703103,103.5115,0.0890,0.4211,0.0606,14.6760,56.8372,0.0025,31.1448,0.2803
pan,before,1,2,3703104,41.0479,0.0496,0.2893,0.0776,13.7531,18.8049,0.0022,7.8231,0.2481
pan,before,1,3,3703105,47.5000,0.0428,0.2701,0.0659,14.4200,22.8923,0.0023,9.5254,0.2811
pan,before,1,4,3703106,39.0429,0.0452,0.3626,0.0579,16.5884,15.3432,0.0024,6.3501,0.2933
pan,before,1,5,3703107,35.6479,0.0455,0.2293,0.0563,14.8659,14.5440,0.0033,5.6414,0.2623
pan,before,1,6,3703108,48.0200,0.0480,0.2243,0.0646,14.7548,23.5469,0.0027,9.1069,0.2718
pan,before,1,7,3703109,37.9649,0.0503,0.3265,0.0556,14.3992,16.2438,0.0025,6.6233,0.2639
pan,before,1,8,3703110,35.5920,0.0407,0.2439,0.0512,14.5252,14.6265,0.0023,5.8532,0.2491
pan,before,1,9,3703111,47.1160,0.0472,0.2312,0.0618,16.3136,21.0840,0.0029,8.9977,0.3777
pan,before,1,10,3703112,38.7033,0.0649,0.3805,0.0722,16.9545,15.3072,0.0023,5.6673,0.2545
pan,before,1,11,3703113,39.9431,0.0370,0.2139,0.0598,14.3789,17.7183,0.0024,7.2737,0.2593
pan,before,1,12,3703114,41.1671,0.0437,0.2820,0.0569,13.7256,18.6044,0.0018,8.1963,0.2564
pan,before,1,13,3703115,40.1152,0.2281,0.3158,0.0691,16.6886,16.3746,0.0021,6.1574,0.2795
pan,before,1,14,3703116,42.3427,0.0434,0.2556,0.0561,14.4656,19.6550,0.0025,7.6001,0.2644
pan,before,1,15,3703117,55.1252,0.0456,0.2613,0.0614,17.2746,26.8095,0.0022,10.4079,0.2627
pan,before,1,16,3703118,38.4529,0.0481,0.2701,0.0695,14.1740,17.1313,0.0022,6.5025,0.2552
pan,before,1,17,3703119,42.1679,0.0397,0.2502,0.0568,14.8619,18.6382,0.0025,8.0563,0.2622
pan,before,1,18,3703120,50.7633,0.2178,0.2326,0.0568,15.5524,24.5261,0.0026,9.9153,0.2599
pan,before,1,19,3703121,52.7764,0.0441,0.3478,0.0756,17.2726,24.6244,0.0025,10.1487,0.2607
pan,before,1,20,3703122,38.5286,0.0406,0.2612,0.0708,14.3383,16.6294,0.0022,6.9255,0.2607
pan,before,1,21,3703123,49.9243,0.0413,0.2383,0.0700,18.5611,21.9114,0.0019,8.8456,0.2545
pan,before,1,22,3703124,38.4707,0.0422,0.2668,0.8589,16.5407,14.8237,0.0025,5.6833,0.2527
pan,before,1,23,3703125,40.6527,0.0445,0.2684,0.0565,16.4992,17.0297,0.0026,6.4861,0.2657
pan,before,1,24,3703126,54.3318,0.0455,0.4081,0.0677,13.6583,26.2640,0.0024,13.6098,0.2759
pan,before,1,25,3703127,39.7598,0.0406,0.5073,0.0552,17.3034,16.0240,0.0024,5.5633,0.2637
pan,before,1,26,3703128,40.8363,0.0400,0.2405,0.0589,15.6485,17.7757,0.0023,6.8136,0.2569
pan,before,1,27,3703129,46.7750,0.0401,0.3801,0.0618,18.9705,19.4044,0.0023,7.6507,0.2650
pan,before,1,28,3703130,56.5998,0.2039,0.2350,0.0567,14.1071,30.0684,0.0027,11.6610,0.2650
pan,before,1,29,3703131,34.4987,0.0476,0.2917,0.0561,14.6622,14.2502,0.0030,4.9355,0.2525
pan,before,1,30,3703132,45.7720,0.0415,0.2048,0.0611,14.4141,21.9670,0.0027,8.8188,0.2620
pan,before,1,31,3703133,57.7367,0.0431,0.2789,0.0673,13.7828,28.1432,0.0027,15.1398,0.2788
pan,before,1,32,3703134,41.1254,0.0456,0.2704,0.0613,14.9448,18.9004,0.0023,6.6471,0.2534
pan,before,1,33,3703135,49.3936,0.1787,0.2393,0.0576,16.4418,23.4468,0.0023,8.7771,0.2501
pan,before,1,34,3703136,43.3993,0.1799,0.2691,0.0528,12.5489,22.4189,0.0023,7.6754,0.2519
pan,before,1,35,3703137,39.9453,0.0434,0.2283,0.0641,15.0761,17.7342,0.0021,6.5499,0.2470
pan,before,1,36,3703138,43.5711,0.0412,0.2437,0.0521,12.6503,22.0815,0.0023,8.2406,0.2594
pan,before,1,37,3703139,38.3418,0.0419,0.2413,0.0511,12.4399,18.2571,0.0025,7.0461,0.2620
pan,before,1,38,3703140,46.4057,0.0441,0.2269,0.0598,16.1204,21.3087,0.0026,8.3876,0.2556
pan,before,1,39,3703141,48.2375,0.1984,0.2665,0.0567,12.2238,25.7442,0.0027,9.4803,0.2648
pan,before,1,40,3703142,31.2711,0.0456,0.2746,0.0656,12.1501,13.0578,0.0022,5.3894,0.2857
pan,after,1,1,3703103,101.5208,0.3790,0.3927,0.0595,14.2664,55.9659,0.0031,30.1749,0.2794
pan,after,1,2,3703104,41.2953,0.0443,0.3022,0.0612,14.3154,18.8844,0.0029,7.4301,0.2547
pan,after,1,3,3703105,40.4458,0.0412,0.3964,0.0650,13.5807,18.5936,0.0025,7.4977,0.2686
pan,after,1,4,3703106,40.3368,0.0420,0.2605,0.0567,17.9702,15.1039,0.0025,6.6368,0.2642
pan,after,1,5,3703107,35.2819,0.0566,0.2271,0.0625,14.5546,14.6114,0.0023,5.5020,0.2653
pan,after,1,6,3703108,42.0885,0.2196,0.2282,0.0588,15.2325,18.9869,0.0030,7.1020,0.2573
pan,after,1,7,3703109,35.9505,0.0385,0.2457,0.0585,12.9590,15.5749,0.0024,6.8050,0.2665
pan,after,1,8,3703110,35.2798,0.0390,0.2679,0.0583,14.3327,14.1034,0.0023,6.2137,0.2624
pan,after,1,9,3703111,38.9248,0.0373,0.2154,0.0599,15.6992,16.1896,0.0027,6.4598,0.2609
pan,after,1,10,3703112,37.0296,0.0361,0.2450,0.0561,16.0900,14.3652,0.0027,5.9076,0.3270
pan,after,1,11,3703113,38.6612,0.0377,0.3420,0.0533,13.6593,17.0906,0.0025,7.2141,0.2618
pan,after,1,12,3703114,36.2991,0.0437,0.3874,0.0600,14.3475,14.7569,0.0025,6.4422,0.2589
pan,after,1,13,3703115,39.9653,0.0448,0.2376,0.0638,17.1869,15.6556,0.0027,6.5222,0.2518
pan,after,1,14,3703116,42.3012,0.0388,0.2552,0.0523,15.1653,19.0354,0.0024,7.4554,0.2965
pan,after,1,15,3703117,49.5260,0.0501,0.3365,0.0639,17.6652,22.5320,0.0024,8.6141,0.2617
pan,after,1,16,3703118,37.7084,0.2309,0.2934,0.0634,13.7224,16.6811,0.0031,6.4561,0.2579
pan,after,1,17,3703119,43.4688,0.0430,0.2489,0.5047,15.3417,18.6169,0.0028,8.4440,0.2668
pan,after,1,18,3703120,44.2843,0.0427,0.2688,0.0591,14.8806,20.6787,0.0026,8.0814,0.2704
pan,after,1,19,3703121,51.8887,0.0424,0.3051,0.0824,16.6905,24.2146,0.0030,10.2867,0.2639
pan,after,1,20,3703122,38.5187,0.0862,0.2658,0.0674,14.1235,16.3909,0.0023,7.2507,0.3319
pan,after,1,21,3703123,42.8189,0.0414,0.2394,0.0555,18.0742,17.2199,0.0026,6.9282,0.2577
pan,after,1,22,3703124,37.6700,0.0438,0.3863,0.0654,16.0976,15.0701,0.0021,5.7449,0.2599
pan,after,1,23,3703125,38.6460,0.0457,0.2309,0.0555,15.9103,15.9918,0.0026,6.1560,0.2532
pan,after,1,24,3703126,49.5343,0.0379,0.3663,0.0583,14.2679,22.0362,0.0044,12.4921,0.2712
pan,after,1,25,3703127,37.9397,0.0464,0.2669,0.0604,16.7363,15.0588,0.0024,5.5103,0.2582
pan,after,1,26,3703128,41.2844,0.0407,0.2522,0.0588,15.8914,18.0600,0.0028,6.7200,0.2585
pan,after,1,27,3703129,40.3886,0.2472,0.2623,0.0476,18.6376,15.0319,0.0022,5.8949,0.2647
pan,after,1,28,3703130,56.3948,0.0460,0.3641,0.0598,13.6510,29.5886,0.0027,12.4073,0.2754
pan,after,1,29,3703131,34.2536,0.0373,0.2822,0.0606,14.4709,13.6018,0.0018,5.5438,0.2552
pan,after,1,30,3703132,40.1667,0.0406,0.2302,0.0524,14.5825,17.9367,0.0029,7.0652,0.2561
pan,after,1,31,3703133,57.8937,0.0377,0.2330,0.0635,14.0554,27.9485,0.0027,15.2784,0.2745
pan,after,1,32,3703134,41.6732,0.0491,0.3683,0.8168,14.7648,18.7663,0.0024,6.6546,0.2508
pan,after,1,33,3703135,43.6033,0.0444,0.2392,0.0548,16.2557,19.5898,0.0025,7.1572,0.2598
pan,after,1,34,3703136,42.8447,0.0480,0.3657,0.0615,12.8326,21.6943,0.0028,7.5812,0.2587
pan,after,1,35,3703137,40.2496,0.0420,0.2558,0.0583,15.0863,17.9725,0.0037,6.5134,0.3177
pan,after,1,36,3703138,37.4912,0.0455,0.2665,0.0577,12.4035,17.8679,0.0026,6.5898,0.2576
pan,after,1,37,3703139,39.2129,0.0422,0.2195,0.0631,14.0005,17.6614,0.0024,6.9463,0.2774
pan,after,1,38,3703140,44.8393,0.0399,0.2556,0.0578,15.0647,20.9493,0.0031,8.2096,0.2593
pan,after,1,39,3703141,41.3604,0.0378,0.2515,0.0540,13.0087,20.3881,0.0025,7.3598,0.2580
pan,after,1,40,3703142,29.6844,0.0415,0.2261,0.0617,11.4310,12.6573,0.0025,4.9812,0.2832
