import_run,phase,tick,state_hash_baseline_sorted,state_hash_candidate_unmodified,events_hash_baseline,events_hash_candidate,different_tiles,different_4x4_blocks
1,0,3703074,b10f09635218f649,b10f09635218f649,7c72bfaedbba4b78,7c72bfaedbba4b78,0,0
2,0,3703074,b10f09635218f649,b10f09635218f649,7c72bfaedbba4b78,7c72bfaedbba4b78,0,0
3,0,3703074,b10f09635218f649,b10f09635218f649,7c72bfaedbba4b78,7c72bfaedbba4b78,0,0
4,0,3703074,b10f09635218f649,b10f09635218f649,7c72bfaedbba4b78,7c72bfaedbba4b78,0,0
4,1,3703075,1a4fdd3ba8b0863d,1a4fdd3ba8b0863d,2e07db5f0f832040,2e07db5f0f832040,0,0
4,2,3703076,b90b1598ef34ceeb,b90b1598ef34ceeb,6db945c4d295119d,6db945c4d295119d,0,0
4,3,3703077,5e8a9fee61ac104e,5e8a9fee61ac104e,653dcae28bc2a6ae,653dcae28bc2a6ae,0,0
4,4,3703078,8a23f20e33bf905c,8a23f20e33bf905c,117646726c86ee9f,117646726c86ee9f,0,0
4,5,3703079,5bd95b2010f55263,5bd95b2010f55263,24214b12c21c269b,24214b12c21c269b,0,0
4,6,3703080,998117366f4b084e,998117366f4b084e,7f61441cf4ca04b8,7f61441cf4ca04b8,0,0
4,7,3703081,67fb32155c0bfaf9,67fb32155c0bfaf9,0d1140ba5fc8b24c,0d1140ba5fc8b24c,0,0
4,8,3703082,43c79edc5dcc9eb5,43c79edc5dcc9eb5,d228185d33b2c396,d228185d33b2c396,0,0
4,9,3703083,b1969a3b0ff1aac5,b1969a3b0ff1aac5,8526f5f8f45e3566,8526f5f8f45e3566,0,0
4,10,3703084,957e40ee56323b23,957e40ee56323b23,2ae67cb48911b874,2ae67cb48911b874,0,0
4,11,3703085,fc5e0d49a556353e,fc5e0d49a556353e,aa66e11495e1d0db,aa66e11495e1d0db,0,0
4,12,3703086,cb042c9b1fe3e003,cb042c9b1fe3e003,47a559d8ba28f5eb,47a559d8ba28f5eb,0,0
4,13,3703087,b622fb6401af81bd,b622fb6401af81bd,7e1935f89408e73e,7e1935f89408e73e,0,0
4,14,3703088,b371e1fd593a2130,b371e1fd593a2130,9a45826a007aadba,9a45826a007aadba,0,0
4,15,3703089,5b11e8d9f488ecfe,5b11e8d9f488ecfe,917b412df3deb83c,917b412df3deb83c,0,0
4,16,3703090,0331495669476d3b,0331495669476d3b,befac78f06f2a643,befac78f06f2a643,0,0
4,17,3703091,69f809e4e6c21025,69f809e4e6c21025,5deee00177891a1d,5deee00177891a1d,0,0
4,18,3703092,48728b0e0d84678a,48728b0e0d84678a,c13cff505a1203ea,c13cff505a1203ea,0,0
4,19,3703093,bfe3726083c0153e,bfe3726083c0153e,a89f01be965c21a7,a89f01be965c21a7,0,0
4,20,3703094,99001a187de8b23a,99001a187de8b23a,177cdbc20d678e4a,177cdbc20d678e4a,0,0
4,21,3703095,96df9340de5fdd4c,96df9340de5fdd4c,f9594b1b1b27fa59,f9594b1b1b27fa59,0,0
4,22,3703096,90974fb23581f6d1,90974fb23581f6d1,57c20ae3902adb90,57c20ae3902adb90,0,0
4,23,3703097,b4579fd90592e6c8,b4579fd90592e6c8,59a81a8f17c7d716,59a81a8f17c7d716,0,0
4,24,3703098,a55862a500e9ec6d,a55862a500e9ec6d,e7a8772365332bd7,e7a8772365332bd7,0,0
