mode,stage,sample,scope,frame,frame_ms,update_ms,simulation_ms,remap_ms,sort_ms,children_ms,glass_ms,vehicles_ms,water_ms,minimap_ms,effects_ms,tick,sprites,meshes
steady,before,1,instrumented with remap markers; not FPS gain,1,40.3557,30.8684,12.2592,1.0814,4.0771,0.6124,2.2923,2.2609,0.0002,0.1257,0.4214,3703193,46513,46513
steady,before,1,instrumented with remap markers; not FPS gain,2,32.7340,29.5903,14.0472,0.1130,4.0435,0.5622,2.1271,2.2864,0.0014,0.1338,0.4719,3703194,46512,46512
steady,before,1,instrumented with remap markers; not FPS gain,3,30.8803,44.0520,17.5873,3.2304,4.0787,0.6939,2.1486,2.2940,0.0013,0.1490,0.4684,3703195,46513,46513
steady,before,1,instrumented with remap markers; not FPS gain,4,47.0374,29.8119,13.8788,0.1117,4.0314,0.5635,2.3605,2.4084,0.0001,0.1403,0.5222,3703196,46513,46513
steady,before,1,instrumented with remap markers; not FPS gain,5,31.1135,34.9360,14.2856,2.0376,4.0700,0.6288,1.9492,2.2311,0.0001,0.1446,0.4516,3703197,46514,46514
steady,before,1,instrumented with remap markers; not FPS gain,6,37.3722,50.5785,14.2004,5.7990,4.6100,0.7215,2.6107,2.2287,0.0002,0.1596,0.7263,3703198,46511,46511
steady,before,1,instrumented with remap markers; not FPS gain,7,55.1086,30.0710,13.8841,0.1281,4.0814,0.5756,2.6787,2.2659,0.0015,0.1401,0.3947,3703199,46511,46511
steady,before,1,instrumented with remap markers; not FPS gain,8,31.3812,32.3300,14.2486,1.0740,3.9645,0.6350,1.9714,2.2657,0.0002,0.1311,0.4924,3703200,46511,46511
steady,before,1,instrumented with remap markers; not FPS gain,9,34.0527,42.9226,12.8032,4.4474,4.1170,0.7173,2.5516,2.2771,0.0002,0.1601,0.3968,3703201,46510,46510
steady,before,1,instrumented with remap markers; not FPS gain,10,46.6399,29.9841,13.6381,0.1113,4.0227,0.5749,2.6736,2.3349,0.0003,0.1278,0.4094,3703202,46510,46510
steady,before,1,instrumented with remap markers; not FPS gain,11,31.6004,29.3047,13.5242,0.1224,4.0459,0.5993,2.1617,2.2569,0.0001,0.1741,0.4541,3703203,46509,46509
steady,before,1,instrumented with remap markers; not FPS gain,12,30.8433,44.6658,15.0001,4.2717,4.4790,0.6879,2.3422,2.3244,0.0013,0.1647,0.5391,3703204,46506,46506
steady,before,1,instrumented with remap markers; not FPS gain,13,48.4227,35.9650,16.4856,1.5546,3.9797,0.6006,2.5689,2.2896,0.0015,0.1477,0.3885,3703205,46505,46505
steady,before,1,instrumented with remap markers; not FPS gain,14,37.8797,37.6902,13.9561,2.7820,4.2881,0.5976,2.2904,2.3096,0.0001,0.1431,0.8236,3703206,46504,46504
steady,before,1,instrumented with remap markers; not FPS gain,15,40.0287,49.0759,13.6725,4.9479,4.3148,0.7983,2.5264,2.3148,0.0002,0.1591,0.4948,3703207,46510,46510
steady,before,1,instrumented with remap markers; not FPS gain,16,53.5555,37.0031,13.7389,3.0169,4.1312,0.6472,2.6277,2.2791,0.0010,0.1449,0.4663,3703208,46501,46501
steady,before,1,instrumented with remap markers; not FPS gain,17,39.3037,34.4776,12.5943,2.3522,4.0062,0.6517,2.3135,2.3002,0.0003,0.1513,0.4401,3703209,46502,46502
steady,before,1,instrumented with remap markers; not FPS gain,18,36.6979,38.0327,13.9205,2.7414,4.0185,0.6431,2.4653,2.3047,0.0013,0.1507,0.4672,3703210,46502,46502
steady,before,1,instrumented with remap markers; not FPS gain,19,40.5219,32.6168,13.8529,1.5840,4.0462,0.6294,2.2541,2.2646,0.0002,0.1355,0.4445,3703211,46502,46502
steady,before,1,instrumented with remap markers; not FPS gain,20,34.6407,40.3112,14.7573,3.4724,4.0280,0.6571,2.3079,2.2931,0.0014,0.1500,0.4821,3703212,46496,46496
steady,before,1,instrumented with remap markers; not FPS gain,21,43.0240,40.2222,14.4214,3.4595,4.0276,0.6566,2.5968,2.3115,0.0001,0.1529,0.4429,3703213,46495,46495
steady,before,1,instrumented with remap markers; not FPS gain,22,42.9669,38.9672,12.8083,3.9054,4.4961,0.6572,2.4269,2.2805,0.0002,0.1539,0.6182,3703214,46498,46498
steady,before,1,instrumented with remap markers; not FPS gain,23,41.5277,30.0935,13.5309,0.1151,4.0420,0.5679,2.3669,2.3197,0.0012,0.1384,0.8624,3703215,46498,46498
steady,before,1,instrumented with remap markers; not FPS gain,24,31.3768,36.8632,12.2081,2.7521,4.5140,0.6450,2.2314,2.2609,0.0002,0.1460,0.8236,3703216,46498,46498
steady,before,1,instrumented with remap markers; not FPS gain,25,39.4258,37.3315,15.0754,2.2270,3.9633,0.6382,2.5315,2.3432,0.0014,0.1436,0.6612,3703217,46497,46497
steady,before,1,instrumented with remap markers; not FPS gain,26,39.6221,34.9169,12.8722,1.6851,4.4595,0.6613,2.3221,2.8155,0.0002,0.1415,0.7510,3703218,46540,46540
steady,before,1,instrumented with remap markers; not FPS gain,27,37.0636,51.8585,13.7558,6.8027,4.2142,0.7990,2.6022,2.3076,0.0001,0.1629,0.5526,3703219,46670,46670
steady,before,1,instrumented with remap markers; not FPS gain,28,56.4150,39.8087,15.4893,2.4795,4.1174,0.6955,2.6752,2.2720,0.0014,0.1500,0.4512,3703220,46671,46671
steady,before,1,instrumented with remap markers; not FPS gain,29,42.7350,35.1846,15.0844,1.4733,4.0718,0.6418,2.2708,2.3357,0.0011,0.1381,0.8366,3703221,46671,46671
steady,before,1,instrumented with remap markers; not FPS gain,30,37.0462,41.9466,13.3319,3.3336,4.1307,0.7202,2.3798,2.2639,0.0001,0.1592,0.4550,3703222,46671,46671
steady,before,1,instrumented with remap markers; not FPS gain,31,45.4993,38.3527,13.3216,2.2791,4.1095,0.7397,2.6684,2.5482,0.0002,0.1520,0.4518,3703223,46672,46672
steady,before,1,instrumented with remap markers; not FPS gain,32,41.2328,40.0874,18.3255,1.8454,4.4238,0.6885,2.3926,2.2476,0.0002,0.1454,0.4822,3703224,46675,46675
steady,before,1,instrumented with remap markers; not FPS gain,33,42.3576,42.0167,13.5677,4.0915,4.0838,0.7663,2.5731,2.2501,0.0016,0.1494,0.7385,3703225,46676,46676
steady,before,1,instrumented with remap markers; not FPS gain,34,45.3892,34.2377,14.7954,1.4978,4.1182,0.6788,2.4038,2.2858,0.0002,0.1419,0.4390,3703226,46675,46675
steady,before,1,instrumented with remap markers; not FPS gain,35,36.0788,44.3655,13.5933,3.9166,4.0639,0.7910,2.3438,2.3337,0.0002,0.1628,0.4546,3703227,46681,46681
steady,before,1,instrumented with remap markers; not FPS gain,36,48.0793,48.0730,17.0440,4.6861,4.3063,0.8730,2.9732,2.3412,0.0002,0.1543,0.4582,3703228,46675,46675
steady,before,1,instrumented with remap markers; not FPS gain,37,51.5934,36.8445,12.9520,1.8712,4.5026,0.7224,2.4439,2.2790,0.0017,0.1418,0.6505,3703229,46675,46675
steady,before,1,instrumented with remap markers; not FPS gain,38,39.3402,35.0788,13.7117,1.8769,4.0230,0.7112,2.3259,2.3270,0.0012,0.1327,0.6774,3703230,46675,46675
steady,before,1,instrumented with remap markers; not FPS gain,39,37.1598,39.6749,14.3364,3.2220,4.0505,0.6825,2.2858,2.3115,0.0002,0.1422,0.6311,3703231,46675,46675
steady,before,1,instrumented with remap markers; not FPS gain,40,42.4445,45.2688,13.5878,4.6978,4.0349,0.7868,2.7677,2.2878,0.0002,0.1548,0.4807,3703232,46672,46672
steady,after,1,instrumented with remap markers; not FPS gain,1,40.5024,43.7025,15.2295,1.3688,4.4238,1.3724,4.7486,2.6549,0.0001,0.1698,0.5525,3703193,46513,46513
steady,after,1,instrumented with remap markers; not FPS gain,2,46.6791,44.3688,17.1769,0.2598,5.6639,0.7573,3.5641,4.0403,0.0025,0.2213,0.8258,3703194,46512,46512
steady,after,1,instrumented with remap markers; not FPS gain,3,46.9768,78.6801,28.3865,5.2937,6.4092,1.4129,3.5922,4.3191,0.0023,0.2251,0.8328,3703195,46513,46513
steady,after,1,instrumented with remap markers; not FPS gain,4,87.5749,50.0617,19.6991,0.2635,6.5233,1.2103,4.2801,4.2912,0.0002,0.2281,0.8592,3703196,46513,46513
steady,after,1,instrumented with remap markers; not FPS gain,5,53.0534,62.9005,25.6956,3.4563,7.5686,1.2832,3.1089,4.1486,0.0006,0.2322,0.8319,3703197,46514,46514
steady,after,1,instrumented with remap markers; not FPS gain,6,66.3070,77.6285,22.1418,6.2351,6.7736,1.7495,4.9203,3.1135,0.0002,0.2438,0.8183,3703198,46511,46511
steady,after,1,instrumented with remap markers; not FPS gain,7,86.0268,36.8687,17.9009,0.2822,4.5133,0.6485,3.0579,2.7793,0.0020,0.1379,0.9376,3703199,46511,46511
steady,after,1,instrumented with remap markers; not FPS gain,8,38.3198,34.2904,14.0744,1.5109,4.3481,0.6997,2.1935,2.3718,0.0002,0.1495,0.8129,3703200,46511,46511
steady,after,1,instrumented with remap markers; not FPS gain,9,36.3875,43.7634,12.8024,4.4412,4.1005,0.7345,2.5636,2.3554,0.0003,0.1469,0.4178,3703201,46510,46510
steady,after,1,instrumented with remap markers; not FPS gain,10,47.7032,31.5961,15.3430,0.1487,4.1307,0.5728,2.5937,2.2607,0.0001,0.1260,0.5104,3703202,46510,46510
steady,after,1,instrumented with remap markers; not FPS gain,11,33.0787,28.4116,12.5717,0.1513,4.1937,0.5864,2.0166,2.2887,0.0001,0.1265,0.5364,3703203,46509,46509
steady,after,1,instrumented with remap markers; not FPS gain,12,29.7916,44.5693,15.1193,4.3052,4.0404,0.6837,2.1912,2.2497,0.0012,0.1594,0.4137,3703204,46506,46506
steady,after,1,instrumented with remap markers; not FPS gain,13,48.5828,36.3977,16.2641,1.4133,4.1877,0.6165,2.9378,2.2636,0.0020,0.1397,0.4857,3703205,46505,46505
steady,after,1,instrumented with remap markers; not FPS gain,14,38.5862,36.6262,13.8882,2.5456,4.0287,0.6067,2.3105,2.3001,0.0002,0.1476,0.5020,3703206,46504,46504
steady,after,1,instrumented with remap markers; not FPS gain,15,39.0598,49.7999,13.7347,4.9892,4.4337,0.7400,2.5341,2.2842,0.0002,0.1838,0.4824,3703207,46510,46510
steady,after,1,instrumented with remap markers; not FPS gain,16,54.3637,37.1285,13.4960,2.6486,4.0787,0.6530,2.6424,2.2371,0.0015,0.1535,0.3965,3703208,46501,46501
steady,after,1,instrumented with remap markers; not FPS gain,17,39.5093,34.4722,12.1945,2.2727,4.0686,0.6486,2.4195,2.3052,0.0003,0.1459,0.6841,3703209,46502,46502
steady,after,1,instrumented with remap markers; not FPS gain,18,36.7666,39.5774,14.1470,3.2845,4.6585,0.7305,2.4313,2.2812,0.0017,0.1367,0.5064,3703210,46502,46502
steady,after,1,instrumented with remap markers; not FPS gain,19,42.1848,32.2536,13.8089,1.1197,4.1024,0.6405,2.2400,2.3028,0.0002,0.1331,0.4840,3703211,46502,46502
steady,after,1,instrumented with remap markers; not FPS gain,20,34.0058,40.6601,14.4995,3.4364,4.1282,0.6552,2.5401,2.2735,0.0018,0.1438,0.5903,3703212,46496,46496
steady,after,1,instrumented with remap markers; not FPS gain,21,43.7049,40.2831,13.7210,3.4504,4.6175,0.6613,2.5919,2.2561,0.0002,0.1486,0.4663,3703213,46495,46495
steady,after,1,instrumented with remap markers; not FPS gain,22,43.3523,38.2003,12.6100,3.3908,4.1863,0.6533,2.5052,2.2940,0.0001,0.1555,0.4871,3703214,46498,46498
steady,after,1,instrumented with remap markers; not FPS gain,23,41.0913,29.8778,13.6363,0.1649,4.0727,0.5838,2.3494,2.3196,0.0017,0.1359,0.6210,3703215,46498,46498
steady,after,1,instrumented with remap markers; not FPS gain,24,31.2471,36.9061,12.1065,2.8536,4.3034,0.6862,2.1574,2.3044,0.0001,0.1450,0.4401,3703216,46498,46498
steady,after,1,instrumented with remap markers; not FPS gain,25,40.0025,37.5975,15.2756,2.6230,4.0971,0.6577,2.4676,2.2559,0.0017,0.1463,0.4124,3703217,46497,46497
steady,after,1,instrumented with remap markers; not FPS gain,26,40.0112,35.0778,13.2855,1.7485,4.0592,0.6655,2.6502,2.3366,0.0002,0.1448,0.7281,3703218,46540,46540
steady,after,1,instrumented with remap markers; not FPS gain,27,37.1923,51.8274,13.7226,6.8098,4.5415,0.8126,2.5753,2.2665,0.0001,0.2348,0.4601,3703219,46670,46670
steady,after,1,instrumented with remap markers; not FPS gain,28,56.6126,41.2071,15.7207,2.5972,4.1512,0.7648,2.9598,2.5067,0.0018,0.1870,0.4568,3703220,46671,46671
steady,after,1,instrumented with remap markers; not FPS gain,29,43.9616,34.5331,14.6646,1.5141,4.1146,0.9850,2.3876,2.2993,0.0015,0.1513,0.3870,3703221,46671,46671
steady,after,1,instrumented with remap markers; not FPS gain,30,36.6011,43.5043,13.1964,3.5973,4.0546,0.7471,2.2184,2.2548,0.0002,0.1586,0.6361,3703222,46671,46671
steady,after,1,instrumented with remap markers; not FPS gain,31,46.9934,39.9710,13.9319,2.3352,4.0888,0.7599,2.7065,2.3115,0.0002,0.1429,0.8688,3703223,46672,46672
steady,after,1,instrumented with remap markers; not FPS gain,32,43.1688,40.5457,18.5349,1.6841,4.0765,0.8988,2.5211,2.2600,0.0003,0.1521,0.6053,3703224,46675,46675
steady,after,1,instrumented with remap markers; not FPS gain,33,43.0132,42.1747,13.0054,4.1140,4.3842,0.7478,2.4753,2.3219,0.0021,0.1534,0.8294,3703225,46676,46676
steady,after,1,instrumented with remap markers; not FPS gain,34,45.4223,34.6715,14.5663,1.5060,4.0134,0.7155,2.5171,2.5582,0.0002,0.1395,0.3946,3703226,46675,46675
steady,after,1,instrumented with remap markers; not FPS gain,35,36.5363,45.6115,14.1717,4.9405,4.0204,0.7969,2.3598,2.2773,0.0002,0.1540,0.5025,3703227,46681,46681
steady,after,1,instrumented with remap markers; not FPS gain,36,49.6833,49.3137,17.5920,4.5490,4.1523,0.7496,2.9121,2.5278,0.0002,0.1598,0.8487,3703228,46675,46675
steady,after,1,instrumented with remap markers; not FPS gain,37,52.9935,37.5084,13.1463,2.0162,4.1568,0.7434,2.8704,2.3166,0.0015,0.1449,0.4532,3703229,46675,46675
steady,after,1,instrumented with remap markers; not FPS gain,38,40.6057,34.4097,12.8903,1.6376,4.0789,0.8718,2.4714,2.3231,0.0013,0.1363,0.4398,3703230,46675,46675
steady,after,1,instrumented with remap markers; not FPS gain,39,36.8060,39.7806,14.1333,3.1087,4.1118,0.7644,2.5988,2.2851,0.0002,0.1650,0.4288,3703231,46675,46675
steady,after,1,instrumented with remap markers; not FPS gain,40,42.7354,47.1112,14.6844,5.1515,4.0182,0.7567,2.5992,2.4845,0.0003,0.1520,0.6735,3703232,46672,46672
pan,before,1,instrumented with remap markers; not FPS gain,1,125.1508,42.6366,14.6570,4.4752,3.8309,0.5340,2.1554,2.4037,0.0002,0.1540,0.6441,3703103,45805,45805
pan,before,1,instrumented with remap markers; not FPS gain,2,45.7254,37.7036,13.4753,2.0643,3.8529,0.5528,1.9922,2.3427,0.0003,0.1434,0.7843,3703104,45819,45819
pan,before,1,instrumented with remap markers; not FPS gain,3,40.5695,42.0132,12.7543,4.0609,3.8117,0.5642,2.1125,2.3716,0.0001,0.1540,0.5059,3703105,45930,45930
pan,before,1,instrumented with remap markers; not FPS gain,4,45.7209,36.9107,15.8783,1.4778,4.3597,0.4819,1.9695,2.3739,0.0013,0.1326,0.5219,3703106,45932,45932
pan,before,1,instrumented with remap markers; not FPS gain,5,39.6545,34.7739,15.6115,1.4486,4.5032,0.5070,1.9743,2.3707,0.0011,0.1378,0.4300,3703107,45937,45937
pan,before,1,instrumented with remap markers; not FPS gain,6,36.8623,46.3079,15.7109,5.2312,4.1795,0.5739,1.8975,2.3429,0.0002,0.1537,0.4746,3703108,45925,45925
pan,before,1,instrumented with remap markers; not FPS gain,7,50.3109,34.5330,13.1945,1.8183,4.3061,0.5685,1.9383,2.3642,0.0002,0.1455,0.6732,3703109,45923,45923
pan,before,1,instrumented with remap markers; not FPS gain,8,36.7796,34.1524,15.2829,1.4159,3.8938,0.4951,1.7319,2.3760,0.0018,0.1433,0.5658,3703110,45925,45925
pan,before,1,instrumented with remap markers; not FPS gain,9,36.2033,41.8992,15.5410,3.5507,3.7827,0.5533,1.8490,2.3801,0.0001,0.1385,0.5365,3703111,46015,46015
pan,before,1,instrumented with remap markers; not FPS gain,10,44.8463,35.2124,16.0676,1.3927,3.9353,0.5351,1.8800,2.4244,0.0015,0.1484,0.8369,3703112,46009,46009
pan,before,1,instrumented with remap markers; not FPS gain,11,37.3193,35.4450,13.1093,2.1362,3.8584,0.5406,1.7967,2.3485,0.0003,0.1456,0.6723,3703113,46005,46005
pan,before,1,instrumented with remap markers; not FPS gain,12,38.1314,40.0012,14.1261,3.0082,3.7636,0.5300,1.8854,2.4156,0.0011,0.1417,0.4783,3703114,46011,46011
pan,before,1,instrumented with remap markers; not FPS gain,13,42.9738,37.9380,17.4341,1.8720,3.8226,0.5371,1.9404,2.3573,0.0002,0.1383,0.5115,3703115,46015,46015
pan,before,1,instrumented with remap markers; not FPS gain,14,40.3357,40.0619,14.6123,2.9515,4.0754,0.5530,2.0378,2.3433,0.0001,0.1580,0.5305,3703116,46010,46010
pan,before,1,instrumented with remap markers; not FPS gain,15,43.1916,51.7006,15.9945,6.5425,4.0438,0.6720,2.2627,2.3866,0.0007,0.1538,0.4685,3703117,46109,46109
pan,before,1,instrumented with remap markers; not FPS gain,16,56.2357,34.5353,12.9975,2.0271,3.9113,0.5211,2.2713,2.4160,0.0024,0.1337,0.4698,3703118,46104,46104
pan,before,1,instrumented with remap markers; not FPS gain,17,37.0831,39.8787,14.9132,2.2924,3.7833,0.6023,2.2976,2.3478,0.0003,0.1449,0.4793,3703119,46105,46105
pan,before,1,instrumented with remap markers; not FPS gain,18,42.9417,47.0411,14.6999,4.1208,4.1486,0.6739,2.2692,2.3853,0.0001,0.1470,0.8338,3703120,46155,46155
pan,before,1,instrumented with remap markers; not FPS gain,19,51.2331,50.4363,17.3545,4.2107,3.9529,0.7438,2.4120,2.5686,0.0002,0.1705,0.4177,3703121,46145,46145
pan,before,1,instrumented with remap markers; not FPS gain,20,54.8220,35.8030,13.8150,1.6095,3.9954,0.5764,2.4453,2.4182,0.0002,0.1353,0.4912,3703122,46149,46149
pan,before,1,instrumented with remap markers; not FPS gain,21,37.9989,46.2094,17.8790,3.3595,3.8278,0.6558,2.1617,2.3946,0.0012,0.2182,0.5350,3703123,46142,46142
pan,before,1,instrumented with remap markers; not FPS gain,22,49.9410,36.4784,16.0779,1.6900,3.9984,0.5461,2.3334,2.3580,0.0002,0.1408,0.7119,3703124,46136,46136
pan,before,1,instrumented with remap markers; not FPS gain,23,38.4650,37.6397,15.7888,2.2844,4.2517,0.5570,1.9323,2.3620,0.0002,0.1409,0.4017,3703125,46134,46134
pan,before,1,instrumented with remap markers; not FPS gain,24,39.7342,52.9056,13.7273,5.5064,4.2537,0.6868,2.8352,2.5217,0.0002,0.2464,0.5552,3703126,51081,51081
pan,before,1,instrumented with remap markers; not FPS gain,25,57.6990,37.5802,17.4485,1.5598,4.3385,0.6182,2.6171,2.4256,0.0011,0.1438,0.4598,3703127,51073,51073
pan,before,1,instrumented with remap markers; not FPS gain,26,39.3905,38.6586,15.8837,2.2454,3.9326,0.6555,2.2629,2.3378,0.0013,0.1646,0.5567,3703128,51061,51061
pan,before,1,instrumented with remap markers; not FPS gain,27,41.1707,44.2934,18.9147,3.0511,4.1834,0.6724,2.4617,2.3336,0.0002,0.1436,0.4100,3703129,51060,51060
pan,before,1,instrumented with remap markers; not FPS gain,28,46.8551,53.1774,13.5873,6.1446,3.9690,0.8005,2.7530,2.3092,0.0002,0.1697,0.4548,3703130,51102,51102
pan,before,1,instrumented with remap markers; not FPS gain,29,58.3809,31.2273,14.5785,0.1263,3.8715,0.5820,2.7590,2.3112,0.0017,0.1348,0.4757,3703131,51096,51096
pan,before,1,instrumented with remap markers; not FPS gain,30,32.5853,45.2298,15.1031,4.1538,3.9364,0.7078,2.6632,2.3009,0.0002,0.1483,0.5635,3703132,51103,51103
pan,before,1,instrumented with remap markers; not FPS gain,31,48.3013,55.0785,14.1667,5.9096,3.9178,0.8677,3.3939,2.2899,0.0023,0.1552,0.5045,3703133,57281,57281
pan,before,1,instrumented with remap markers; not FPS gain,32,60.5247,39.7608,15.6021,1.8959,4.5086,0.8080,3.1905,2.2776,0.0005,0.1483,0.5040,3703134,57283,57283
pan,before,1,instrumented with remap markers; not FPS gain,33,42.1739,47.6311,16.7970,4.3841,4.0883,0.9750,2.8006,2.3312,0.0016,0.1455,0.7471,3703135,57283,57283
pan,before,1,instrumented with remap markers; not FPS gain,34,51.3112,41.7339,13.5959,4.0140,4.2201,0.7947,2.9545,2.3094,0.0002,0.1496,0.5723,3703136,57270,57270
pan,before,1,instrumented with remap markers; not FPS gain,35,44.7149,36.7614,13.8788,2.0209,4.1742,0.7782,2.7673,2.3289,0.0001,0.1512,0.4953,3703137,57262,57262
pan,before,1,instrumented with remap markers; not FPS gain,36,39.0159,40.7192,12.1442,3.5067,4.0599,0.8456,2.7356,2.3354,0.0017,0.1522,0.5182,3703138,57266,57266
pan,before,1,instrumented with remap markers; not FPS gain,37,44.0644,36.9796,13.1220,2.1452,4.1320,0.8225,2.9136,2.2920,0.0002,0.1476,0.4294,3703139,57264,57264
pan,before,1,instrumented with remap markers; not FPS gain,38,39.4336,42.8521,15.1758,2.5904,4.0077,0.8651,2.9382,2.2593,0.0015,0.1754,0.5370,3703140,57455,57455
pan,before,1,instrumented with remap markers; not FPS gain,39,45.9264,45.0610,12.4070,4.6939,4.0601,0.8222,3.1030,2.2616,0.0002,0.1579,0.4735,3703141,57454,57454
pan,before,1,instrumented with remap markers; not FPS gain,40,48.7027,28.3544,11.4256,0.0000,4.0862,0.7177,2.8848,2.3262,0.0001,0.1339,0.4987,3703142,57447,57447
pan,after,1,instrumented with remap markers; not FPS gain,1,129.0574,42.8359,14.8027,4.6395,4.0226,0.5365,2.0799,2.4224,0.0002,0.1579,0.4460,3703103,45805,45805
pan,after,1,instrumented with remap markers; not FPS gain,2,46.6023,37.3485,14.3477,1.9693,3.9725,0.5637,2.0766,2.3177,0.0002,0.1525,0.4301,3703104,45819,45819
pan,after,1,instrumented with remap markers; not FPS gain,3,40.2874,43.0152,13.3571,4.1290,3.8790,0.5503,2.2594,2.3229,0.0001,0.1539,0.5375,3703105,45930,45930
pan,after,1,instrumented with remap markers; not FPS gain,4,46.8771,37.1909,16.7504,1.5642,3.8716,0.4781,1.9520,2.3698,0.0011,0.1371,0.6588,3703106,45932,45932
pan,after,1,instrumented with remap markers; not FPS gain,5,39.9462,32.6872,14.4388,1.4328,3.9830,0.5081,1.6581,2.3152,0.0018,0.1429,0.4408,3703107,45937,45937
pan,after,1,instrumented with remap markers; not FPS gain,6,34.6745,46.0687,15.6523,4.4159,4.3264,0.7740,1.9837,2.3540,0.0002,0.1570,0.4989,3703108,45925,45925
pan,after,1,instrumented with remap markers; not FPS gain,7,49.8490,34.6063,13.0247,2.0909,4.0946,0.5221,1.9792,2.3640,0.0001,0.1435,0.4747,3703109,45923,45923
pan,after,1,instrumented with remap markers; not FPS gain,8,37.7385,32.9677,14.4559,1.4516,3.9909,0.5112,1.7852,2.3866,0.0014,0.1311,0.4257,3703110,45925,45925
pan,after,1,instrumented with remap markers; not FPS gain,9,34.9228,42.5589,16.0304,3.6278,3.7783,0.5423,1.8611,2.3246,0.0002,0.1466,0.4729,3703111,46015,46015
pan,after,1,instrumented with remap markers; not FPS gain,10,45.8845,34.8255,16.0013,1.4449,3.8225,0.5234,2.2686,2.3268,0.0016,0.1442,0.4190,3703112,46009,46009
pan,after,1,instrumented with remap markers; not FPS gain,11,37.0715,33.1520,13.3022,2.1125,3.7633,0.4886,1.9706,2.3425,0.0002,0.1382,0.4642,3703113,46005,46005
pan,after,1,instrumented with remap markers; not FPS gain,12,35.0732,38.2086,12.7876,3.0711,3.8240,0.5367,1.8849,2.4042,0.0015,0.1465,0.5658,3703114,46011,46011
pan,after,1,instrumented with remap markers; not FPS gain,13,41.1785,36.9747,16.0002,1.9501,4.2124,0.5290,2.0317,2.3572,0.0003,0.1380,0.4895,3703115,46015,46015
pan,after,1,instrumented with remap markers; not FPS gain,14,39.2398,39.4039,14.6946,2.9503,3.7947,0.5570,1.9615,2.3218,0.0002,0.1481,0.5204,3703116,46010,46010
pan,after,1,instrumented with remap markers; not FPS gain,15,42.9108,54.3421,16.3007,6.7791,3.9506,0.6376,2.3119,3.3692,0.0001,0.1565,0.5265,3703117,46109,46109
pan,after,1,instrumented with remap markers; not FPS gain,16,58.8164,35.5746,14.2115,2.1442,3.9877,0.5453,2.2131,2.3680,0.0016,0.1607,0.5126,3703118,46104,46104
pan,after,1,instrumented with remap markers; not FPS gain,17,38.1473,39.3195,14.3682,2.1129,3.9329,0.5847,1.9437,2.4480,0.0003,0.1426,0.7956,3703119,46105,46105
pan,after,1,instrumented with remap markers; not FPS gain,18,42.2790,48.4259,15.2750,3.8550,4.0507,0.6814,2.3113,2.3621,0.0002,0.1615,0.4301,3703120,46155,46155
pan,after,1,instrumented with remap markers; not FPS gain,19,52.8606,49.7386,16.0572,3.8016,3.8899,0.7083,2.7126,2.3716,0.0002,0.1645,0.5473,3703121,46145,46145
pan,after,1,instrumented with remap markers; not FPS gain,20,53.9669,35.0787,13.1132,1.6928,3.8259,0.5684,2.3178,2.3333,0.0002,0.1423,0.5105,3703122,46149,46149
pan,after,1,instrumented with remap markers; not FPS gain,21,37.4880,46.3122,18.2478,3.3795,3.8746,0.6676,2.1606,2.3705,0.0021,0.1560,0.4101,3703123,46142,46142
pan,after,1,instrumented with remap markers; not FPS gain,22,50.3706,35.2889,15.8671,1.5035,3.8936,0.5180,2.1131,2.5416,0.0003,0.1711,0.5072,3703124,46136,46136
pan,after,1,instrumented with remap markers; not FPS gain,23,37.0842,37.2235,16.5626,2.0739,3.7949,0.5966,1.9754,2.3903,0.0001,0.1394,0.4926,3703125,46134,46134
pan,after,1,instrumented with remap markers; not FPS gain,24,39.5987,51.5046,13.7354,5.7843,3.9125,0.6569,2.8013,2.3403,0.0002,0.1644,0.4958,3703126,51081,51081
pan,after,1,instrumented with remap markers; not FPS gain,25,56.7146,36.1562,16.3087,1.5264,4.0082,0.5794,2.6466,2.3582,0.0010,0.1443,0.4726,3703127,51073,51073
pan,after,1,instrumented with remap markers; not FPS gain,26,37.8511,39.0598,16.4168,2.2746,3.9610,0.6389,2.4665,2.3393,0.0013,0.1552,0.4746,3703128,51061,51061
pan,after,1,instrumented with remap markers; not FPS gain,27,41.6751,43.6953,18.6302,3.2336,3.9801,0.6057,2.4010,2.3495,0.0002,0.1533,0.5502,3703129,51060,51060
pan,after,1,instrumented with remap markers; not FPS gain,28,46.3543,54.0991,13.6146,6.2969,3.9842,0.7710,2.9844,2.3107,0.0005,0.1530,0.4036,3703130,51102,51102
pan,after,1,instrumented with remap markers; not FPS gain,29,59.4710,31.8840,15.4459,0.1603,3.9221,0.5708,2.7247,2.3233,0.0013,0.1321,0.4844,3703131,51096,51096
pan,after,1,instrumented with remap markers; not FPS gain,30,33.3004,42.7388,14.2487,3.9822,3.8979,0.6529,2.2900,2.3411,0.0002,0.1494,0.4138,3703132,51103,51103
pan,after,1,instrumented with remap markers; not FPS gain,31,46.1381,56.2118,13.5996,6.0334,4.6495,0.9319,3.2370,2.3148,0.0014,0.2470,0.4865,3703133,57281,57281
pan,after,1,instrumented with remap markers; not FPS gain,32,62.3812,41.5872,15.9346,2.9782,4.1299,0.7700,3.2086,2.8131,0.0002,0.2333,0.5158,3703134,57283,57283
pan,after,1,instrumented with remap markers; not FPS gain,33,44.1320,47.1704,16.5755,4.2524,4.0307,0.8188,2.8504,2.3123,0.0013,0.1548,0.4664,3703135,57283,57283
pan,after,1,instrumented with remap markers; not FPS gain,34,50.8172,38.3678,12.1774,3.7219,4.0736,0.7471,2.8950,2.3033,0.0002,0.2479,0.4572,3703136,57270,57270
pan,after,1,instrumented with remap markers; not FPS gain,35,40.8492,37.6708,14.0780,2.0512,4.4551,0.7213,2.7659,2.3123,0.0002,0.1395,0.4883,3703137,57262,57262
pan,after,1,instrumented with remap markers; not FPS gain,36,40.3318,41.7048,12.2406,3.5973,4.1461,0.8943,3.1501,2.4135,0.0012,0.1599,0.5008,3703138,57266,57266
pan,after,1,instrumented with remap markers; not FPS gain,37,45.1503,37.6098,12.9525,2.3052,4.1386,0.7979,2.8648,2.3339,0.0003,0.1907,0.4336,3703139,57264,57264
pan,after,1,instrumented with remap markers; not FPS gain,38,40.1175,42.8007,15.1985,2.6288,4.2846,0.8470,2.8742,2.2672,0.0013,0.1525,0.4570,3703140,57455,57455
pan,after,1,instrumented with remap markers; not FPS gain,39,46.2291,44.4573,11.8406,4.7594,4.0481,0.8997,3.4852,2.2685,0.0001,0.1548,0.5272,3703141,57454,57454
pan,after,1,instrumented with remap markers; not FPS gain,40,48.4639,28.7140,11.2956,0.0000,4.1924,0.7607,3.0618,2.2710,0.0002,0.1554,0.4534,3703142,57447,57447
