phase,tick_before,tick_after,hash_before,hash_after,event_hash_before,event_hash_after,different_tiles,different_4x4_blocks,visual_counters_equal,landscape_order_equal,lift_order_equal
0,3703074,3703074,b10f09635218f649,b10f09635218f649,7c72bfaedbba4b78,7c72bfaedbba4b78,0,0,True,True,True
1,3703075,3703075,1a4fdd3ba8b0863d,1a4fdd3ba8b0863d,2e07db5f0f832040,2e07db5f0f832040,0,0,True,True,True
2,3703076,3703076,b90b1598ef34ceeb,b90b1598ef34ceeb,6db945c4d295119d,6db945c4d295119d,0,0,True,True,True
3,3703077,3703077,5e8a9fee61ac104e,5e8a9fee61ac104e,653dcae28bc2a6ae,653dcae28bc2a6ae,0,0,True,True,True
4,3703078,3703078,8a23f20e33bf905c,8a23f20e33bf905c,117646726c86ee9f,117646726c86ee9f,0,0,True,True,True
5,3703079,3703079,5bd95b2010f55263,5bd95b2010f55263,24214b12c21c269b,24214b12c21c269b,0,0,True,True,True
6,3703080,3703080,998117366f4b084e,998117366f4b084e,7f61441cf4ca04b8,7f61441cf4ca04b8,0,0,True,True,True
7,3703081,3703081,67fb32155c0bfaf9,67fb32155c0bfaf9,0d1140ba5fc8b24c,0d1140ba5fc8b24c,0,0,True,True,True
8,3703082,3703082,43c79edc5dcc9eb5,43c79edc5dcc9eb5,d228185d33b2c396,d228185d33b2c396,0,0,True,True,True
9,3703083,3703083,b1969a3b0ff1aac5,b1969a3b0ff1aac5,8526f5f8f45e3566,8526f5f8f45e3566,0,0,True,True,True
10,3703084,3703084,957e40ee56323b23,957e40ee56323b23,2ae67cb48911b874,2ae67cb48911b874,0,0,True,True,True
11,3703085,3703085,fc5e0d49a556353e,fc5e0d49a556353e,aa66e11495e1d0db,aa66e11495e1d0db,0,0,True,True,True
12,3703086,3703086,cb042c9b1fe3e003,cb042c9b1fe3e003,47a559d8ba28f5eb,47a559d8ba28f5eb,0,0,True,True,True
13,3703087,3703087,b622fb6401af81bd,b622fb6401af81bd,7e1935f89408e73e,7e1935f89408e73e,0,0,True,True,True
14,3703088,3703088,b371e1fd593a2130,b371e1fd593a2130,9a45826a007aadba,9a45826a007aadba,0,0,True,True,True
15,3703089,3703089,5b11e8d9f488ecfe,5b11e8d9f488ecfe,917b412df3deb83c,917b412df3deb83c,0,0,True,True,True
16,3703090,3703090,0331495669476d3b,0331495669476d3b,befac78f06f2a643,befac78f06f2a643,0,0,True,True,True
17,3703091,3703091,69f809e4e6c21025,69f809e4e6c21025,5deee00177891a1d,5deee00177891a1d,0,0,True,True,True
18,3703092,3703092,48728b0e0d84678a,48728b0e0d84678a,c13cff505a1203ea,c13cff505a1203ea,0,0,True,True,True
19,3703093,3703093,bfe3726083c0153e,bfe3726083c0153e,a89f01be965c21a7,a89f01be965c21a7,0,0,True,True,True
20,3703094,3703094,99001a187de8b23a,99001a187de8b23a,177cdbc20d678e4a,177cdbc20d678e4a,0,0,True,True,True
21,3703095,3703095,96df9340de5fdd4c,96df9340de5fdd4c,f9594b1b1b27fa59,f9594b1b1b27fa59,0,0,True,True,True
22,3703096,3703096,90974fb23581f6d1,90974fb23581f6d1,57c20ae3902adb90,57c20ae3902adb90,0,0,True,True,True
23,3703097,3703097,b4579fd90592e6c8,b4579fd90592e6c8,59a81a8f17c7d716,59a81a8f17c7d716,0,0,True,True,True
24,3703098,3703098,a55862a500e9ec6d,a55862a500e9ec6d,e7a8772365332bd7,e7a8772365332bd7,0,0,True,True,True
25,3703099,3703099,d93655a1d2709109,d93655a1d2709109,10f7b8167c18ab53,10f7b8167c18ab53,0,0,True,True,True
26,3703100,3703100,a591b80622777408,a591b80622777408,ca9e8ada8c2bc383,ca9e8ada8c2bc383,0,0,True,True,True
27,3703101,3703101,1d34363de4db94ee,1d34363de4db94ee,59d44116297c02c6,59d44116297c02c6,0,0,True,True,True
28,3703102,3703102,2cb0e8cad24b787c,2cb0e8cad24b787c,85f9a482110d7f30,85f9a482110d7f30,0,0,True,True,True
29,3703103,3703103,306d85fbc5728a1c,306d85fbc5728a1c,cb0b4547b6fd1625,cb0b4547b6fd1625,0,0,True,True,True
30,3703104,3703104,4671ca1b91e5ec62,4671ca1b91e5ec62,39ff17b4790065db,39ff17b4790065db,0,0,True,True,True
31,3703105,3703105,39a8e5e461e54134,39a8e5e461e54134,adf0fb2c28680fc9,adf0fb2c28680fc9,0,0,True,True,True
32,3703106,3703106,bda64047a23204da,bda64047a23204da,dfa276618ca83cfa,dfa276618ca83cfa,0,0,True,True,True
33,3703107,3703107,b87f4a4cc5239e2f,b87f4a4cc5239e2f,d990931baf0f96eb,d990931baf0f96eb,0,0,True,True,True
34,3703108,3703108,8dc2801f694ca2bc,8dc2801f694ca2bc,584401150a3b199f,584401150a3b199f,0,0,True,True,True
35,3703109,3703109,9f9efa6aa2639fa8,9f9efa6aa2639fa8,9e1f329329b30f6a,9e1f329329b30f6a,0,0,True,True,True
36,3703110,3703110,8a2e49bd0b3d2e18,8a2e49bd0b3d2e18,436c5b654b57c041,436c5b654b57c041,0,0,True,True,True
37,3703111,3703111,52f5ef0cf5f47440,52f5ef0cf5f47440,c6d18d72daaa6dc0,c6d18d72daaa6dc0,0,0,True,True,True
38,3703112,3703112,59a697861ffae05c,59a697861ffae05c,64dc0f20b8a34952,64dc0f20b8a34952,0,0,True,True,True
39,3703113,3703113,fb47757ffce23cdf,fb47757ffce23cdf,299d672289c6f993,299d672289c6f993,0,0,True,True,True
40,3703114,3703114,cf79bb357ee9020b,cf79bb357ee9020b,d7152d6402ce6397,d7152d6402ce6397,0,0,True,True,True
41,3703115,3703115,9831b13cc248a7a3,9831b13cc248a7a3,49991647ffcb738a,49991647ffcb738a,0,0,True,True,True
42,3703116,3703116,5f24aa4a7c712ae5,5f24aa4a7c712ae5,20a3743c009c7138,20a3743c009c7138,0,0,True,True,True
43,3703117,3703117,0269de5c3ff7f8d2,0269de5c3ff7f8d2,f9c77f5b04a53103,f9c77f5b04a53103,0,0,True,True,True
44,3703118,3703118,937135a42af06fe3,937135a42af06fe3,0937c1842ea5d6d1,0937c1842ea5d6d1,0,0,True,True,True
45,3703119,3703119,44d90f2697634218,44d90f2697634218,f0315aa6b9d27b03,f0315aa6b9d27b03,0,0,True,True,True
46,3703120,3703120,ff9a0be19525079d,ff9a0be19525079d,822c7ba1cb6705af,822c7ba1cb6705af,0,0,True,True,True
47,3703121,3703121,4cd8d4d0a3060b17,4cd8d4d0a3060b17,0e98707d25f8c200,0e98707d25f8c200,0,0,True,True,True
48,3703122,3703122,1dd468564df3a746,1dd468564df3a746,ce2d8775de47e445,ce2d8775de47e445,0,0,True,True,True
49,3703123,3703123,3ff847d7773eeeb6,3ff847d7773eeeb6,4be7eb6cf427c500,4be7eb6cf427c500,0,0,True,True,True
50,3703124,3703124,49a7e392449163f1,49a7e392449163f1,c72139a94cd7e686,c72139a94cd7e686,0,0,True,True,True
51,3703125,3703125,47b6400702f87977,47b6400702f87977,5db242b787ad6d88,5db242b787ad6d88,0,0,True,True,True
52,3703126,3703126,86bf4803070293a2,86bf4803070293a2,22859c2d718b3602,22859c2d718b3602,0,0,True,True,True
53,3703127,3703127,4643740e0c05cb48,4643740e0c05cb48,ebca9e9ed53bd3d9,ebca9e9ed53bd3d9,0,0,True,True,True
54,3703128,3703128,60de07ec9e235098,60de07ec9e235098,a2a8ff89635ba5c1,a2a8ff89635ba5c1,0,0,True,True,True
55,3703129,3703129,8004cc5dddd2e221,8004cc5dddd2e221,5c9116dc32b18878,5c9116dc32b18878,0,0,True,True,True
56,3703130,3703130,9650f96f2275a1aa,9650f96f2275a1aa,52b6a203a64e5635,52b6a203a64e5635,0,0,True,True,True
57,3703131,3703131,af1fcb21c0d9eacb,af1fcb21c0d9eacb,b514666e067ecb14,b514666e067ecb14,0,0,True,True,True
58,3703132,3703132,8859ed6fedfbc2fd,8859ed6fedfbc2fd,06a480148b26b9b0,06a480148b26b9b0,0,0,True,True,True
59,3703133,3703133,5b251bcad3a4e94f,5b251bcad3a4e94f,7c40dccf68298dde,7c40dccf68298dde,0,0,True,True,True
60,3703134,3703134,4d3524e48b6bc2e5,4d3524e48b6bc2e5,4857641856429973,4857641856429973,0,0,True,True,True
