comparison,different_pixels,different_4x4_blocks,main_camera_equal,complete_sort_equal,complete_inputs_equal,cpu_bytes_equal,cpu_images_compared,sprites_equal,cameras_equal,assets_equal,coverage_equal,occlusion_equal,different_input_fields,different_mesh_fields
.5-original-before-after,0,0,True,True,False,True,265,False,True,True,True,True,1,0
.5-same-before-binary,0,0,True,True,True,True,265,True,True,True,True,True,0,0
.5-same-after-binary,0,0,True,True,True,True,265,True,True,True,True,True,0,0
.5-before-versus-after-repeat,0,0,True,True,False,True,265,False,True,True,True,True,1,0
.5-before-repeat-versus-after,0,0,True,True,False,True,265,False,True,True,True,True,1,0
.5-before-repeat-versus-after-repeat,0,0,True,True,False,True,265,False,True,True,True,True,1,0
.5-prior-current-before-binary-versus-before,0,0,True,True,True,True,265,True,True,True,True,True,0,0
.5-prior-current-before-binary-versus-before-repeat,0,0,True,True,True,True,265,True,True,True,True,True,0,0
.5-prior-current-before-binary-versus-after,0,0,True,True,False,True,265,False,True,True,True,True,1,0
.5-prior-current-before-binary-versus-after-repeat,0,0,True,True,False,True,265,False,True,True,True,True,1,0
2-original-before-after,0,0,True,True,False,True,368,False,True,True,True,True,1,0
2-same-before-binary,0,0,True,True,True,True,368,True,True,True,True,True,0,0
2-same-after-binary,0,0,True,True,True,True,368,True,True,True,True,True,0,0
2-before-versus-after-repeat,0,0,True,True,False,True,368,False,True,True,True,True,1,0
2-before-repeat-versus-after,0,0,True,True,False,True,368,False,True,True,True,True,1,0
2-before-repeat-versus-after-repeat,0,0,True,True,False,True,368,False,True,True,True,True,1,0
2-prior-current-before-binary-versus-before,0,0,True,True,True,True,368,True,True,True,True,True,0,0
2-prior-current-before-binary-versus-before-repeat,0,0,True,True,True,True,368,True,True,True,True,True,0,0
2-prior-current-before-binary-versus-after,0,0,True,True,False,True,368,False,True,True,True,True,1,0
2-prior-current-before-binary-versus-after-repeat,0,0,True,True,False,True,368,False,True,True,True,True,1,0
