stage,sample,frame,tick,main_ms,main_00_First_ms,main_01_PreUpdate_ms,main_02_StateTransition_ms,main_03_RunFixedMainLoop_ms,main_04_Update_ms,main_05_SpawnScene_ms,main_06_PostUpdate_ms,main_07_Last_ms
before,1,1,3703103,43.5872,0.0541,0.3269,0.0627,14.1779,20.7421,0.0030,7.9645,0.2560
before,1,2,3703104,39.1266,0.0415,0.2504,0.0553,13.8526,17.2700,0.0023,7.3937,0.2608
before,1,3,3703105,46.1322,0.0426,0.4465,0.0579,14.7344,21.5890,0.0030,8.9947,0.2641
before,1,4,3703106,38.5125,0.0391,0.4129,0.0578,16.6535,14.7196,0.0026,6.3526,0.2743
before,1,5,3703107,35.1233,0.0441,0.2535,0.0619,14.2986,14.2637,0.0030,5.9331,0.2653
before,1,6,3703108,46.9428,0.0475,0.2698,0.0595,15.4304,22.0603,0.0024,8.8017,0.2712
before,1,7,3703109,37.1859,0.0401,0.2682,0.0543,13.6543,16.3906,0.0024,6.5164,0.2597
before,1,8,3703110,36.4441,0.0392,0.2548,0.0584,15.4098,14.5722,0.0027,5.8477,0.2591
before,1,9,3703111,45.3496,0.0456,0.3414,0.0683,16.1154,20.6870,0.0029,7.8211,0.2679
before,1,10,3703112,38.1056,0.0375,0.4331,0.0802,16.2728,15.2331,0.0022,5.7765,0.2701
before,1,11,3703113,38.0615,0.0387,0.2422,0.0568,13.1480,16.9234,0.0026,7.3890,0.2609
before,1,12,3703114,41.3648,0.2563,0.2273,0.0620,13.6688,18.4184,0.0029,8.4693,0.2597
before,1,13,3703115,39.1835,0.0547,0.3022,0.0534,16.2256,16.2779,0.0026,6.0115,0.2556
before,1,14,3703116,42.3055,0.0449,0.2384,0.0899,14.4355,19.5267,0.0025,7.7031,0.2646
before,1,15,3703117,54.2666,0.0394,0.2572,0.0691,16.9473,26.4866,0.0029,10.2010,0.2631
before,1,16,3703118,37.8703,0.0404,0.2425,0.0637,13.8959,16.8015,0.0027,6.5620,0.2616
before,1,17,3703119,41.8005,0.0426,0.3561,0.0586,15.0857,18.1353,0.0024,7.8451,0.2747
before,1,18,3703120,48.7341,0.0449,0.2699,0.0540,14.8660,23.4444,0.0023,9.7873,0.2653
before,1,19,3703121,52.3254,0.0481,0.2566,0.0610,17.5115,23.8740,0.0030,10.3051,0.2662
before,1,20,3703122,36.8796,0.0389,0.2850,0.0571,13.0566,16.3288,0.0024,6.8409,0.2699
before,1,21,3703123,48.3717,0.0410,0.3053,0.0536,17.9578,20.8626,0.0022,8.8811,0.2681
before,1,22,3703124,36.8374,0.0469,0.2817,0.0524,15.7319,14.6494,0.0025,5.8136,0.2589
before,1,23,3703125,39.0607,0.0502,0.2358,0.0656,15.8570,16.4873,0.0026,6.1031,0.2591
before,1,24,3703126,53.6300,0.0430,0.2840,0.0546,13.6658,26.0463,0.0028,13.2617,0.2717
before,1,25,3703127,38.2103,0.0479,0.3199,0.0610,16.5199,15.4191,0.0027,5.5831,0.2568
before,1,26,3703128,41.3830,0.0426,0.2280,0.0587,15.9834,17.9021,0.0025,6.9039,0.2619
before,1,27,3703129,46.7692,0.0422,0.2729,0.0610,18.7732,19.7166,0.0018,7.6402,0.2613
before,1,28,3703130,56.8007,0.2270,0.2242,0.0561,13.8901,29.8938,0.0023,12.2414,0.2660
before,1,29,3703131,33.5779,0.0449,0.2650,0.0625,14.5021,13.5099,0.0020,4.9293,0.2622
before,1,30,3703132,44.8567,0.0372,0.2461,0.0640,14.1270,21.3996,0.0024,8.7191,0.2612
before,1,31,3703133,58.2073,0.0499,0.2444,0.0623,13.8740,27.9535,0.0024,15.7462,0.2747
before,1,32,3703134,40.5308,0.0550,0.2460,0.0545,14.5065,18.6374,0.0025,6.7621,0.2668
before,1,33,3703135,49.3621,0.2469,0.2322,0.0560,16.2910,23.2356,0.0031,9.0402,0.2570
before,1,34,3703136,43.2186,0.0374,0.2462,0.0551,12.4678,22.3462,0.0024,7.7902,0.2734
before,1,35,3703137,40.5357,0.0375,0.2387,0.0580,14.7327,18.7138,0.0029,6.4908,0.2612
before,1,36,3703138,45.7391,0.0448,0.3485,0.0675,14.4495,22.3415,0.0027,8.2239,0.2607
before,1,37,3703139,40.5936,0.0419,0.3274,0.0603,12.9316,19.0575,0.0029,7.9064,0.2657
before,1,38,3703140,45.4605,0.0415,0.3875,0.0554,15.2820,21.0347,0.0029,8.3949,0.2617
before,1,39,3703141,47.7654,0.0402,0.2572,0.0568,12.1030,25.4221,0.0028,9.6203,0.2629
before,1,40,3703142,31.9904,0.0394,0.2602,0.0580,12.6209,13.4395,0.0023,5.1851,0.3850
after,1,1,3703104,37.7069,0.0671,0.3498,0.0583,13.6244,16.0588,0.0024,7.2939,0.2523
after,1,2,3703105,45.0524,0.0402,0.7664,0.3000,14.0674,20.3602,0.0026,9.2596,0.2559
after,1,3,3703106,36.6279,0.0400,0.2686,0.0832,16.4402,13.4479,0.0022,6.0866,0.2593
after,1,4,3703107,34.6956,0.0391,0.2537,0.0514,14.1645,13.3192,0.0021,6.6054,0.2602
after,1,5,3703108,45.2934,0.2124,0.2474,0.0585,15.0989,20.2958,0.0028,9.1147,0.2629
after,1,6,3703109,35.1787,0.0487,0.3415,0.0611,13.2094,14.2573,0.0025,6.9999,0.2583
after,1,7,3703110,34.7686,0.0394,0.2364,0.0650,14.9448,13.2072,0.0026,6.0187,0.2545
after,1,8,3703111,43.7354,0.0376,0.2345,0.0631,15.4762,18.7119,0.0022,8.9546,0.2553
after,1,9,3703112,36.4406,0.0385,0.4150,0.0618,16.1040,13.5045,0.0021,6.0406,0.2740
after,1,10,3703113,36.7928,0.0472,0.2173,0.0632,14.0104,15.3502,0.0021,6.8447,0.2578
after,1,11,3703114,39.5424,0.0399,0.2371,0.0534,14.1819,16.6377,0.0020,8.1311,0.2594
after,1,12,3703115,39.8235,0.2136,0.2518,0.0658,16.1166,15.3294,0.0019,7.5872,0.2572
after,1,13,3703116,40.7969,0.0401,0.2545,0.0578,15.3460,17.0699,0.0023,7.7724,0.2539
after,1,14,3703117,51.4373,0.0400,0.2083,0.0595,16.3418,23.8068,0.0028,10.7098,0.2682
after,1,15,3703118,35.7119,0.0454,0.2823,0.0555,12.9035,15.8852,0.0027,6.2790,0.2584
after,1,16,3703119,39.8846,0.2232,0.2385,0.0607,15.0471,15.8976,0.0024,8.1498,0.2653
after,1,17,3703120,48.2411,0.2370,0.2427,0.0644,15.5460,21.1538,0.0028,10.5938,0.4006
after,1,18,3703121,49.4621,0.0427,0.2837,0.0542,16.5205,21.8706,0.0024,10.4291,0.2589
after,1,19,3703122,35.5764,0.0525,0.4039,0.0575,14.0587,14.3205,0.0022,6.4195,0.2615
after,1,20,3703123,49.2579,0.0407,0.3359,0.0938,18.4261,20.6897,0.0026,9.3986,0.2704
after,1,21,3703124,37.3988,0.2405,0.2565,0.0572,17.5144,13.3543,0.0034,5.7027,0.2697
after,1,22,3703125,38.1647,0.0386,0.2181,0.0554,16.4301,14.6918,0.0021,6.4696,0.2589
after,1,23,3703126,39.8716,0.2358,0.2110,0.0536,14.0640,17.5447,0.0024,7.4827,0.2773
after,1,24,3703127,50.2191,0.0449,0.2588,0.0625,17.0643,20.7779,0.0030,11.7520,0.2558
after,1,25,3703128,40.7121,0.0428,0.2667,0.0653,16.3719,16.7956,0.0026,6.9070,0.2603
after,1,26,3703129,46.1615,0.0541,0.2579,0.0679,19.4694,18.6687,0.0026,7.3690,0.2719
after,1,27,3703130,56.0286,0.0457,0.2684,0.0524,13.9583,28.7882,0.0026,12.6445,0.2685
after,1,28,3703131,32.4240,0.0400,0.3863,0.0578,13.8895,12.6618,0.0035,5.1371,0.2479
after,1,29,3703132,43.6060,0.0415,0.2183,0.0531,14.1870,20.3689,0.0021,8.4598,0.2753
after,1,30,3703133,41.4444,0.0471,0.2390,0.0550,13.8039,19.2756,0.0026,7.7590,0.2622
after,1,31,3703134,53.5095,0.0519,0.2809,0.0581,14.8726,23.7748,0.0027,14.2016,0.2669
after,1,32,3703135,49.2094,0.0423,0.4033,0.0632,17.1923,22.2282,0.0025,9.0176,0.2598
after,1,33,3703136,41.7373,0.0386,0.2389,0.0808,12.8165,20.4584,0.0023,7.8454,0.2563
after,1,34,3703137,37.6931,0.0386,0.2805,0.0601,13.8795,16.2639,0.0022,6.9003,0.2680
after,1,35,3703138,43.2479,0.0379,0.3380,0.0556,13.7422,19.8672,0.0027,8.9446,0.2596
after,1,36,3703139,37.1504,0.0529,0.3477,0.0607,12.8044,17.0308,0.0023,6.5891,0.2625
after,1,37,3703140,44.4111,0.0414,0.2835,0.0584,15.3717,19.4255,0.0021,8.9573,0.2711
after,1,38,3703141,47.1208,0.0373,0.3980,0.0637,12.5318,24.2751,0.0028,9.5512,0.2610
after,1,39,3703142,29.4239,0.2187,0.2995,0.0684,11.1089,12.2936,0.0022,5.1827,0.2499
after,1,40,3703143,38.7509,0.0369,0.3735,0.0609,13.2390,17.9201,0.0026,6.8310,0.2869
after,2,1,3703103,43.4801,0.0975,0.3689,0.0583,14.8601,19.6767,0.0023,8.1585,0.2578
after,2,2,3703104,37.8864,0.0432,0.3131,0.0627,14.0313,15.4940,0.0023,7.6860,0.2539
after,2,3,3703105,44.8977,0.0382,0.3852,0.0654,13.2963,21.6345,0.0025,9.1927,0.2829
after,2,4,3703106,36.4557,0.0385,0.4048,0.0530,15.7676,13.5731,0.0024,6.3610,0.2554
after,2,5,3703107,34.3300,0.0421,0.2367,0.0560,15.6257,12.4606,0.0023,5.6408,0.2658
after,2,6,3703108,46.8856,0.0371,0.2287,0.0565,15.4405,21.4461,0.0023,9.4034,0.2710
after,2,7,3703109,34.9513,0.0465,0.2309,0.0640,13.1920,14.5532,0.0030,6.5981,0.2634
after,2,8,3703110,34.8780,0.0471,0.3053,0.0577,14.8465,12.7736,0.0023,6.5855,0.2599
after,2,9,3703111,43.5239,0.0436,0.2237,0.0599,16.0976,18.7404,0.0024,8.0957,0.2606
after,2,10,3703112,35.9533,0.0454,0.2957,0.0607,16.4031,12.9508,0.0020,5.9393,0.2561
after,2,11,3703113,36.9943,0.2368,0.2051,0.0550,14.1381,14.9360,0.0022,7.1623,0.2587
after,2,12,3703114,38.9071,0.0365,0.2329,0.0649,13.2490,16.8308,0.0023,8.1825,0.3082
after,2,13,3703115,38.1559,0.0621,0.2632,0.0607,16.2524,14.9232,0.0022,6.3317,0.2603
after,2,14,3703116,41.5382,0.0384,0.2356,0.3649,14.9815,17.7057,0.0021,7.9441,0.2659
after,2,15,3703117,52.1724,0.0456,0.3032,0.0559,16.3980,23.9295,0.0022,11.1743,0.2637
after,2,16,3703118,36.4665,0.1948,0.2731,0.0554,14.1673,15.0721,0.0021,6.4365,0.2653
after,2,17,3703119,41.0426,0.0406,0.2686,0.0505,15.0422,17.2746,0.0028,8.0937,0.2696
after,2,18,3703120,47.0218,0.0467,0.3462,0.0613,15.1893,21.0185,0.0023,10.0900,0.2675
after,2,19,3703121,50.4532,0.0410,0.2674,0.0571,16.9018,21.8927,0.0027,11.0064,0.2841
after,2,20,3703122,36.6913,0.0368,0.2827,0.0750,13.3867,15.2623,0.0019,7.3825,0.2634
after,2,21,3703123,47.2316,0.2521,0.2247,0.0622,17.5081,19.6912,0.0025,9.2240,0.2668
after,2,22,3703124,36.1778,0.0590,0.2436,0.0529,16.8656,12.9047,0.0024,5.7952,0.2544
after,2,23,3703125,37.9049,0.0373,0.2155,0.0694,16.3560,14.5913,0.0022,6.3727,0.2605
after,2,24,3703126,51.7482,0.0373,0.3105,0.0655,13.3847,24.0590,0.0024,13.6192,0.2696
after,2,25,3703127,37.1255,0.0435,0.2561,0.0564,16.9579,13.9406,0.0018,5.6016,0.2676
after,2,26,3703128,39.3797,0.0364,0.3648,0.0609,16.0151,15.8773,0.0021,6.7400,0.2830
after,2,27,3703129,44.5468,0.0465,0.2634,0.0504,18.7411,17.9163,0.0025,7.2666,0.2602
after,2,28,3703130,55.1088,0.0641,0.2323,0.0502,13.9995,27.8323,0.0025,12.6608,0.2670
after,2,29,3703131,31.8172,0.0432,0.3316,0.0603,14.8635,11.4676,0.0019,4.7935,0.2555
after,2,30,3703132,45.2496,0.0439,0.2127,0.0605,14.5766,20.6825,0.0029,9.4076,0.2629
after,2,31,3703133,57.3954,0.0466,0.2618,0.0631,13.9421,26.6778,0.0030,16.1273,0.2736
after,2,32,3703134,39.2491,0.0437,0.2969,0.0565,14.7807,16.9944,0.0023,6.8121,0.2625
after,2,33,3703135,47.6725,0.0455,0.3399,0.0598,16.7970,21.3829,0.0026,8.7807,0.2641
after,2,34,3703136,40.6037,0.0457,0.2437,0.0536,12.4597,19.8594,0.0021,7.6743,0.2654
after,2,35,3703137,37.8775,0.0473,0.2777,0.0529,14.0889,16.5322,0.0023,6.6247,0.2516
after,2,36,3703138,42.1773,0.0443,0.4120,0.0725,12.5965,20.2950,0.0024,8.4901,0.2645
after,2,37,3703139,37.6555,0.0514,0.2420,0.0521,12.8723,16.9454,0.0023,7.2244,0.2657
after,2,38,3703140,43.6431,0.2542,0.2115,0.0539,14.8535,19.6391,0.0024,8.3689,0.2595
after,2,39,3703141,45.9967,0.0481,0.2426,0.0623,12.2071,23.9527,0.0022,9.2219,0.2598
after,2,40,3703142,29.5159,0.0465,0.2495,0.0583,11.8086,12.0611,0.0035,4.9962,0.2922
before,2,1,3703103,44.5562,0.0707,0.3328,0.0578,14.3156,21.2878,0.0026,8.2123,0.2764
before,2,2,3703104,39.7497,0.0492,0.2507,0.0755,14.1560,17.2345,0.0022,7.7175,0.2640
before,2,3,3703105,47.7280,0.0371,0.4009,0.0562,15.1297,22.9938,0.0025,8.8423,0.2656
before,2,4,3703106,38.7160,0.0438,0.2678,0.0758,16.4384,15.3238,0.0036,6.2806,0.2822
before,2,5,3703107,35.1770,0.0405,0.2532,0.0547,14.4988,14.2480,0.0018,5.8267,0.2532
before,2,6,3703108,48.3726,0.2323,0.2105,0.0561,15.4931,23.0311,0.0024,9.0854,0.2617
before,2,7,3703109,38.4690,0.2057,0.2770,0.0679,14.7107,15.9510,0.0027,6.9892,0.2649
before,2,8,3703110,35.6083,0.0387,0.2059,0.0572,14.9685,13.7808,0.0019,6.2926,0.2627
before,2,9,3703111,45.3729,0.0422,0.3688,0.0590,15.9660,20.3016,0.0027,8.3669,0.2657
before,2,10,3703112,37.6543,0.2143,0.2876,0.0592,16.6200,14.6613,0.0024,5.5526,0.2569
before,2,11,3703113,38.2819,0.0407,0.2428,0.0606,13.1339,16.6112,0.0025,7.9213,0.2689
before,2,12,3703114,42.2608,0.0392,0.5287,0.0646,14.1118,19.0001,0.0024,8.2555,0.2586
before,2,13,3703115,39.6821,0.2397,0.2469,0.0585,15.9439,16.5693,0.0021,6.3618,0.2598
before,2,14,3703116,42.4405,0.0401,0.3864,0.0510,15.3078,18.9474,0.0022,7.4431,0.2625
before,2,15,3703117,55.1052,0.2222,0.2509,0.0591,16.8372,26.5431,0.0024,10.9291,0.2612
before,2,16,3703118,37.1237,0.0414,0.2782,0.0587,13.4289,16.0789,0.0026,6.9635,0.2714
before,2,17,3703119,42.7626,0.0479,0.2851,0.0560,15.1239,18.9734,0.0021,8.0179,0.2562
before,2,18,3703120,48.6461,0.0354,0.3883,0.0600,14.6270,23.3009,0.0022,9.9603,0.2719
before,2,19,3703121,52.1118,0.0411,0.2499,0.0743,16.7212,24.0529,0.0021,10.7023,0.2680
before,2,20,3703122,37.9823,0.2161,0.2568,0.0569,13.4613,16.6069,0.0042,7.1187,0.2614
before,2,21,3703123,48.1033,0.0385,0.2521,0.0558,17.4987,20.8331,0.0024,9.1603,0.2624
before,2,22,3703124,37.9879,0.0455,0.2764,0.0539,16.4903,15.2952,0.0023,5.5698,0.2546
before,2,23,3703125,39.1983,0.0449,0.2256,0.0560,16.2826,16.2328,0.0023,6.0984,0.2557
before,2,24,3703126,52.3627,0.0368,0.2273,0.0601,13.3434,24.8907,0.0025,13.5279,0.2741
before,2,25,3703127,39.5732,0.0439,0.2807,0.0663,16.9677,16.1745,0.0026,5.7769,0.2605
before,2,26,3703128,41.8484,0.0432,0.2713,0.0498,16.3821,18.0852,0.0021,6.7518,0.2629
before,2,27,3703129,46.1725,0.0374,0.2093,0.0613,18.6248,19.6552,0.0024,7.3212,0.2609
before,2,28,3703130,57.2666,0.0440,0.3914,0.0595,14.8207,29.4802,0.0024,12.2024,0.2660
before,2,29,3703131,33.4870,0.0388,0.2633,0.0597,14.7567,13.3561,0.0024,4.7603,0.2497
before,2,30,3703132,46.3068,0.0362,0.2136,0.0721,14.6987,21.4757,0.0025,9.5340,0.2740
before,2,31,3703133,58.6906,0.0458,0.3802,0.0542,14.0542,28.2207,0.0025,15.6676,0.2653
before,2,32,3703134,42.4469,0.0496,0.2491,0.0566,16.6993,18.2136,0.0027,6.9048,0.2713
before,2,33,3703135,49.3535,0.0483,0.2483,0.0563,16.1272,23.4520,0.0026,9.1603,0.2584
before,2,34,3703136,42.9423,0.0383,0.3307,0.0595,12.7366,21.7562,0.0025,7.7610,0.2575
before,2,35,3703137,40.7144,0.0428,0.3273,0.0700,14.4448,18.6912,0.0037,6.8755,0.2591
before,2,36,3703138,44.7208,0.0441,0.2343,0.0600,12.5855,22.5599,0.0026,8.9710,0.2632
before,2,37,3703139,40.0516,0.0409,0.4072,0.0722,13.2954,18.5607,0.0031,7.3847,0.2873
before,2,38,3703140,45.7538,0.0385,0.3053,0.0616,15.7721,21.1629,0.0027,8.1537,0.2570
before,2,39,3703141,47.7418,0.0481,0.2534,0.0584,12.5362,25.5152,0.0025,9.0689,0.2592
before,2,40,3703142,31.1484,0.2468,0.2554,0.0595,11.6210,13.5612,0.0032,5.1097,0.2917
